track_id,alternative,blues,electronic,folkcountr,funksoulrnb,jazz,pop,raphiphop,rock,danceable,not_danceable,female,male,acoustic,non_acoustic,happy,non_happy,non_sad,sad,instrumental,voice,valence_deam,arousal_deam,valence_emomusic,arousal_emomusic,bpm
08WEIBLx95kvXakvVs8izv,0.1627911925315857,0.15873202681541443,0.1873663365840912,0.0011583890300244093,0.007131116930395365,0.09389667212963104,0.23613302409648895,0.05434780940413475,0.09844361245632172,0.9876382350921631,0.01236168947070837,0.6901149749755859,0.3098849654197693,0.0011940766125917435,0.9988059401512146,0.41337862610816956,0.5866214036941528,0.9830690026283264,0.01693088188767433,0.2588791251182556,0.7411209344863892,7.1273088455200195,5.617482662200928,4.998611927032471,6.405205249786377,135.355712890625
41YlWhySoJVw2TXaxW1q5G,0.05024585500359535,0.01807624101638794,0.6936951875686646,6.885182665428147e-05,0.0049615162424743176,0.01861976832151413,0.07232772558927536,0.13703767955303192,0.00496691046282649,0.9999954700469971,4.592285677063046e-06,0.775323748588562,0.22467626631259918,7.753329555271193e-05,0.9999226331710815,0.32838770747184753,0.6716122627258301,0.9987834095954895,0.0012166148517280817,0.3244551718235016,0.6755449771881104,6.30401611328125,5.238472938537598,4.9220733642578125,6.364070892333984,76.32013702392578
2h7vLf7jv2KsRb7fV77w5H,0.3895018696784973,0.018346259370446205,0.28720763325691223,0.004767156206071377,0.005570204462856054,0.04245761036872864,0.05772705003619194,0.16095700860023499,0.033465296030044556,0.9625141620635986,0.037485912442207336,0.3703024983406067,0.629697322845459,0.028425846248865128,0.9715743064880371,0.5542721152305603,0.44572797417640686,0.9430083632469177,0.05699177831411362,0.15415415167808533,0.8458456993103027,6.410652160644531,5.385810852050781,4.588678359985352,6.272120475769043,150.92904663085938
74PYQHEdWRBPtLcJh5tzJj,0.13795502483844757,0.0034470718819648027,0.5643776655197144,0.0026700664311647415,0.016865935176610947,0.0202124435454607,0.028252258896827698,0.1761591136455536,0.05006043240427971,0.9150765538215637,0.08492333441972733,0.5895304679870605,0.41046950221061707,0.014812791720032692,0.9851872324943542,0.15424224734306335,0.8457579612731934,0.9070698618888855,0.0929298922419548,0.3926711678504944,0.6073287129402161,6.987171649932861,3.6771023273468018,3.450838088989258,6.435957908630371,154.75204467773438
6C2nVSSeXNqfoY8t6tliZ4,0.12423238903284073,0.01804916188120842,0.5874430537223816,0.0004212514031678438,0.001304619712755084,0.020117061212658882,0.04651921987533569,0.1954657882452011,0.0064473990350961685,0.9999495148658752,5.0554288463899866e-05,0.7052547335624695,0.2947450876235962,1.1839450962725095e-05,0.999988317489624,0.3578576445579529,0.6421423554420471,0.999319851398468,0.0006805038428865373,0.5137542486190796,0.486245721578598,6.996527194976807,5.148751735687256,4.698963642120361,6.404848098754883,143.34237670898438
2206j6VX2vU9N4hnucVGxc,0.11143507808446884,0.014745933935046196,0.32639315724372864,0.0008008736767806113,0.013655994087457657,0.13931997120380402,0.03476753830909729,0.3368912935256958,0.02199014648795128,0.9700631499290466,0.02993692085146904,0.6389048099517822,0.3610951602458954,0.036110348999500275,0.9638896584510803,0.37656402587890625,0.6234361529350281,0.9714320302009583,0.02856764756143093,0.29726752638816833,0.702732503414154,6.5245513916015625,5.263681411743164,4.658456802368164,6.225179195404053,149.16897583007812
4JcS9WIUfDny6XJ82GqMpZ,0.3108692467212677,0.1395200937986374,0.3886559307575226,0.0012315782951191068,0.004320129286497831,0.023705046623945236,0.07487809658050537,0.019821669906377792,0.03699840232729912,0.9425289630889893,0.05747130885720253,0.520192563533783,0.47980740666389465,0.01988256350159645,0.9801173210144043,0.5079995393753052,0.49200037121772766,0.9496981501579285,0.050301846116781235,0.2491539865732193,0.7508459687232971,6.566991806030273,5.094428539276123,4.830663681030273,6.069931507110596,139.9888916015625
0Gz4Q1Bmyef5yA0G6LIIQZ,0.032325711101293564,0.050899308174848557,0.7160524129867554,2.1695139366784133e-05,0.0011238045990467072,0.08407403528690338,0.09111253917217255,0.0196104496717453,0.00478002242743969,0.9999997019767761,3.108847579369467e-07,0.8863130807876587,0.1136869564652443,5.645786504970829e-09,1.0,0.2538858652114868,0.7461143136024475,1.0,7.085899511594107e-08,0.27301034331321716,0.7269895672798157,7.781476020812988,5.260676383972168,4.847516059875488,7.525166988372803,110.86662292480469
0jNhSK5gotdRB1G4nMqEau,0.08536884933710098,0.014908540062606335,0.6232596635818481,0.00011604553583310917,0.004367113579064608,0.02508612349629402,0.02414429374039173,0.2174568772315979,0.005292563699185848,0.9998550415039062,0.00014501909026876092,0.6013706922531128,0.398629367351532,3.1967152608558536e-05,0.9999682307243347,0.28185799717903137,0.7181419134140015,0.9994587302207947,0.0005414107581600547,0.33861202001571655,0.6613879799842834,6.967273235321045,5.018086910247803,4.237388610839844,6.581506252288818,144.85923767089844
2kWOfoDtiLM6ONlmOecg2O,0.06186463311314583,0.08103068172931671,0.5340485572814941,0.00011451144382590428,0.0430707111954689,0.0506315641105175,0.15525932610034943,0.06971988826990128,0.004260261543095112,0.9852726459503174,0.014727374538779259,0.7184678316116333,0.2815319299697876,1.1817141967185307e-05,0.9999882578849792,0.214593306183815,0.7854065895080566,0.9988343119621277,0.0011656582355499268,0.20475445687770844,0.7952454686164856,6.733264446258545,5.196666717529297,4.482987880706787,6.982726573944092,147.0616455078125
3V8Cz6eVyTUCBWooVwNvR3,0.028656790032982826,0.00909638311713934,0.09501392394304276,0.0002463441633153707,0.02165837772190571,0.008623621426522732,0.17590820789337158,0.6591509580612183,0.0016451645642518997,0.9999998807907104,1.7361915638502978e-07,0.6443260312080383,0.3556738793849945,0.0009378217509947717,0.9990622997283936,0.44342195987701416,0.5565780401229858,0.8762199878692627,0.12378021329641342,0.004655083641409874,0.9953446984291077,5.567507266998291,5.655848503112793,4.860893249511719,5.089545726776123,77.5009536743164
1fjPtLD6QBwlqkvCKd43RZ,0.05404042825102806,0.009054463356733322,0.1955382078886032,0.040812063962221146,0.021425671875476837,0.06544099003076553,0.05045453459024429,0.473583847284317,0.08964987099170685,0.6588545441627502,0.3411455452442169,0.548221230506897,0.4517786502838135,0.10745634138584137,0.892543613910675,0.04601714760065079,0.9539828896522522,0.18221770226955414,0.8177825212478638,0.2322300672531128,0.7677699327468872,4.803079605102539,4.280377388000488,4.262596607208252,3.8511343002319336,139.3933563232422
5wzPDiNVgJ5Rvhjne9Uj3F,0.058987416326999664,0.006560829933732748,0.056554172188043594,0.0035509418230503798,0.016746440902352333,0.055378418415784836,0.19178879261016846,0.59159916639328,0.018833935260772705,0.927456259727478,0.07254362851381302,0.6991393566131592,0.30086055397987366,0.04428316652774811,0.9557170271873474,0.04850342869758606,0.9514966011047363,0.09720776230096817,0.9027923941612244,0.041370462626218796,0.9586296677589417,4.9593682289123535,4.739508628845215,4.551724910736084,4.250984191894531,138.86947631835938
5OtS4v1D48NH1OTGMn0739,0.11273237317800522,0.011314867995679379,0.054410047829151154,0.04423908516764641,0.0310369823127985,0.15252897143363953,0.3101746737957001,0.2557215392589569,0.027841554954648018,0.8304579854011536,0.16954204440116882,0.630625307559967,0.3693747818470001,0.2483292818069458,0.7516707181930542,0.13492362201213837,0.8650766015052795,0.04141305014491081,0.958587110042572,0.10428411513566971,0.8957160115242004,4.3773956298828125,4.499919414520264,4.485960483551025,3.858856439590454,149.6239013671875
2HYfgg9U8L3OKpiasiq7Tq,0.15935635566711426,0.006645852234214544,0.2535000145435333,0.0020017290953546762,0.002483995398506522,0.01447948906570673,0.1724666953086853,0.3474580943584442,0.041607778519392014,0.9872761964797974,0.012724025174975395,0.43590816855430603,0.5640918612480164,0.07761698961257935,0.9223829507827759,0.371625155210495,0.6283748149871826,0.7524000406265259,0.24760009348392487,0.1246427521109581,0.8753573298454285,5.186462879180908,5.281402587890625,5.01345157623291,5.028717517852783,135.32054138183594
15qx6rElhY2QmikMKhJk8c,0.08765927702188492,0.004389443900436163,0.11616949737071991,0.00037408247590065,0.01226472295820713,0.01241183839738369,0.3622589409351349,0.394552618265152,0.009919540956616402,0.9980604648590088,0.0019397230353206396,0.508867084980011,0.4911330044269562,0.008895068429410458,0.9911048412322998,0.3650006651878357,0.6349993944168091,0.5124630928039551,0.4875369369983673,0.06398509442806244,0.9360150694847107,4.970458507537842,5.33086633682251,4.861012935638428,5.014096260070801,117.96597290039062
2oOZavHCHCCd9lV1oYBw62,0.13718965649604797,0.005577088333666325,0.03396524861454964,0.021292010322213173,0.009289473295211792,0.12990015745162964,0.20667687058448792,0.44640254974365234,0.009707042016088963,0.9187489748001099,0.0812511295080185,0.501398503780365,0.4986014664173126,0.2844159007072449,0.7155841588973999,0.32994893193244934,0.6700509786605835,0.12194536626338959,0.8780544400215149,0.10440962016582489,0.8955904245376587,4.511848449707031,4.96367073059082,4.84213924407959,4.56447696685791,132.42477416992188
1jIu9uVVYaP3x09HLjikQ3,0.19350770115852356,0.003574676811695099,0.29125329852104187,0.018595635890960693,0.06288402527570724,0.05003436282277107,0.3182743489742279,0.02721393294632435,0.03466196730732918,0.9755539298057556,0.024446070194244385,0.5310669541358948,0.4689330756664276,0.19426897168159485,0.8057310581207275,0.6329880952835083,0.3670118749141693,0.3662600815296173,0.6337398886680603,0.10781775414943695,0.8921822905540466,5.161527633666992,4.815281391143799,4.583769798278809,5.184073448181152,83.44349670410156
1zV2mbt3vg6yVr6Sb1PFjz,0.29218828678131104,0.00628410279750824,0.05887860432267189,0.005047943443059921,0.004003677982836962,0.06280805915594101,0.10059142112731934,0.4542481601238251,0.015949685126543045,0.9361732602119446,0.06382698565721512,0.3288477957248688,0.6711521744728088,0.22990605235099792,0.7700940370559692,0.43281832337379456,0.5671817660331726,0.6397334337234497,0.36026647686958313,0.057057227939367294,0.9429427981376648,5.27299690246582,5.2455973625183105,4.585986614227295,5.174703121185303,144.73809814453125
7fQKDpB4i0hiQacjVCXVU2,0.015266326256096363,0.0029166978783905506,0.4342224597930908,0.00023969564063008875,0.014267261140048504,0.03304487466812134,0.14532722532749176,0.34714749455451965,0.007567849941551685,0.9922887086868286,0.007711272221058607,0.8533840775489807,0.14661578834056854,4.277886910131201e-05,0.9999574422836304,0.09626821428537369,0.903731644153595,0.9812553524971008,0.018744781613349915,0.18234883248806,0.8176513910293579,6.086467742919922,5.488317012786865,4.752554893493652,6.050388336181641,121.2367935180664
4xx8LCv4tUv7PNk6g7VQmY,0.046501290053129196,0.0030853371135890484,0.6790392398834229,0.0011077768867835402,0.005049075465649366,0.03424031659960747,0.15436555445194244,0.04842234402894974,0.02818896807730198,0.9618854522705078,0.038114648312330246,0.8232906460762024,0.17670921981334686,0.009572125971317291,0.9904278516769409,0.49552595615386963,0.5044741034507751,0.9232137799263,0.0767861157655716,0.29722440242767334,0.7027754187583923,6.398843765258789,5.458015441894531,5.160459518432617,5.885889530181885,122.90692138671875
3teT4GffWtZUYQVmUwL14d,0.09581585973501205,0.017420528456568718,0.4492872655391693,0.002631852403283119,0.020501693710684776,0.06370031833648682,0.2813016474246979,0.03491763770580292,0.03442316874861717,0.9993048310279846,0.0006953445263206959,0.8132268786430359,0.18677310645580292,0.01858515664935112,0.9814150333404541,0.6673450469970703,0.33265501260757446,0.9848275184631348,0.015172424726188183,0.1643150895833969,0.8356848359107971,5.956328868865967,5.971648693084717,5.369467735290527,6.266507625579834,127.99107360839844
6yYnmUYPdTM2ExnJpBKMOT,0.08674780279397964,0.044461969286203384,0.519852340221405,0.0004260172718204558,0.0029646882321685553,0.09871158748865128,0.19909429550170898,0.022024506703019142,0.025716805830597878,0.9999901652336121,1.003915531327948e-05,0.7604048848152161,0.23959504067897797,9.272858733311296e-06,0.9999908208847046,0.3711669147014618,0.6288331151008606,0.9999854564666748,1.4807730622123927e-05,0.3555782735347748,0.6444216370582581,6.291903972625732,5.558656692504883,4.970187664031982,6.244256496429443,135.4170684814453
5fXOTnYg6sn0UPyksZnXRP,0.0496344268321991,0.005223331041634083,0.6693576574325562,0.014171595685184002,0.0015396428061649203,0.10237939655780792,0.04340272769331932,0.05237994343042374,0.061911191791296005,0.8958815336227417,0.10411848872900009,0.8390060663223267,0.1609938144683838,0.011740298010408878,0.9882597923278809,0.57322758436203,0.4267725944519043,0.97023606300354,0.029763903468847275,0.7013335227966309,0.29866617918014526,5.697643280029297,5.628870964050293,5.144138813018799,5.389660835266113,119.90086364746094
56xB3EGgd7qxfzAVji8Fh2,0.08080442994832993,0.0041368682868778706,0.3994724750518799,0.00647302670404315,0.012098828330636024,0.13171380758285522,0.2970649302005768,0.062074001878499985,0.006161558907479048,0.9589671492576599,0.04103310778737068,0.6930080652236938,0.30699190497398376,0.09192488342523575,0.9080749750137329,0.3833491802215576,0.6166508197784424,0.8056835532188416,0.1943165808916092,0.2519048750400543,0.7480950355529785,5.40269660949707,5.36529016494751,4.829293251037598,5.194082736968994,107.95906829833984
0qJtV82bKOgB2kvfa8IrZp,0.020932866260409355,0.02090349607169628,0.3465368151664734,0.005855818744748831,0.01850469596683979,0.08989028632640839,0.23856419324874878,0.251530259847641,0.007281556725502014,0.996385395526886,0.003614753717556596,0.894483745098114,0.10551641881465912,0.11205229163169861,0.8879477977752686,0.5024111866950989,0.4975888133049011,0.7453243732452393,0.25467565655708313,0.058409079909324646,0.9415907859802246,5.724791049957275,5.276670932769775,5.094211578369141,4.912899494171143,79.83699798583984
03kw5kVvTjfZ4BAUU4Txx3,0.06076132878661156,0.001775621436536312,0.6114627718925476,0.0004981452948413789,0.0002819471701513976,0.057668402791023254,0.03513546288013458,0.2136687934398651,0.018747666850686073,0.9606810212135315,0.039319030940532684,0.8113825917243958,0.18861746788024902,0.0008305077790282667,0.9991695284843445,0.335182249546051,0.664817750453949,0.9907469749450684,0.009253116324543953,0.3928542137145996,0.6071457862854004,5.827693462371826,5.289576053619385,4.904812335968018,5.765357971191406,146.1148223876953
6nx4f2nVmFNWquoMtUrdYX,0.07021070271730423,0.034368690103292465,0.26960480213165283,0.002628402318805456,0.008341021835803986,0.05011564865708351,0.3298912048339844,0.19682170450687408,0.0380178727209568,0.9605786204338074,0.03942147642374039,0.833809494972229,0.16619037091732025,0.021062998101115227,0.9789371490478516,0.6112692952156067,0.3887307941913605,0.9684232473373413,0.03157695382833481,0.1568821221590042,0.8431180119514465,6.523037910461426,5.489956855773926,4.942927837371826,6.066633224487305,137.0316925048828
1cntn3ERV911IIKeGJtgQj,0.04108188673853874,0.004139628726989031,0.6815186142921448,0.0003039870935026556,0.005320414900779724,0.032637570053339005,0.19360587000846863,0.036069586873054504,0.005322584882378578,0.9968631863594055,0.0031369372736662626,0.8157063722610474,0.18429382145404816,0.001476492383517325,0.9985232949256897,0.6754521131515503,0.324547678232193,0.9983698129653931,0.0016301602590829134,0.3646354377269745,0.6353645920753479,6.1958112716674805,5.544990062713623,5.133666515350342,5.976423263549805,75.04718780517578
1GHOLip5jcgRIBqd8QUx7N,0.007647454738616943,0.0003312879998702556,0.9005418419837952,0.0001331969688180834,0.0004701933066826314,0.07615837454795837,0.0013208616292104125,0.011530924588441849,0.0018657550681382418,0.8661021590232849,0.13389791548252106,0.8428156971931458,0.15718413889408112,0.008733406662940979,0.9912667870521545,0.003976764623075724,0.9960231184959412,0.8735963106155396,0.1264037936925888,0.9490509629249573,0.050949059426784515,4.959404468536377,5.100463390350342,5.151510715484619,4.3507981300354,121.98212432861328
5dXZhZbDHWu6zwXkssFQcs,0.1486142873764038,0.04389159008860588,0.673475980758667,0.0002318268088856712,0.0002459526585880667,0.0073237307369709015,0.06894069164991379,0.0036514776293188334,0.053624484688043594,0.9878402948379517,0.012159792706370354,0.5524625182151794,0.4475375711917877,0.018286580219864845,0.9817136526107788,0.46934473514556885,0.5306552648544312,0.9772525429725647,0.022747505456209183,0.3384334444999695,0.6615666151046753,6.107365608215332,5.376767635345459,5.375341892242432,6.13771390914917,129.44613647460938
273cv9sESQzXxMqEkhXdm4,0.029994813725352287,0.03438643366098404,0.45964762568473816,0.005868824664503336,0.0019297023536637425,0.07261280715465546,0.2984867990016937,0.008534016087651253,0.08853910863399506,0.8943307995796204,0.10566921532154083,0.8197464346885681,0.18025356531143188,0.07924257218837738,0.9207574725151062,0.2907888889312744,0.7092110514640808,0.8773291707038879,0.12267089635133743,0.3627139925956726,0.6372861266136169,5.620180606842041,5.62324857711792,5.1416521072387695,5.5138444900512695,131.67433166503906
0KU8W0lHfsNlH7lfV1dz29,0.0929340198636055,0.012282107025384903,0.7015851736068726,0.03421025723218918,0.005193346180021763,0.029748132452368736,0.07133211940526962,0.0031146437395364046,0.049600157886743546,0.8930590152740479,0.10694101452827454,0.6553763747215271,0.3446233868598938,0.15343216061592102,0.8465678691864014,0.23804157972335815,0.7619581818580627,0.8578470945358276,0.14215297996997833,0.6462016105651855,0.35379835963249207,6.16544771194458,4.834658622741699,5.197254657745361,5.79210901260376,127.99999237060547
3rtPfogqDQQB392GBadZ3C,0.01781591959297657,0.041849542409181595,0.8175683617591858,0.00036399633972905576,0.011453463695943356,0.04472341015934944,0.04543802887201309,0.004593397956341505,0.016193967312574387,0.9759585857391357,0.02404152601957321,0.8730129599571228,0.12698699533939362,7.257926881720778e-06,0.9999929070472717,0.010435119271278381,0.9895647764205933,0.9919257760047913,0.00807442981749773,0.2626534700393677,0.7373464703559875,5.668732643127441,5.73741340637207,5.7871317863464355,5.3916802406311035,124.97901153564453
7cOyWm2g0GNZMbsFIiR2J6,0.015028353780508041,0.00015209452249109745,0.9653207063674927,0.00022837682627141476,0.00013285329623613507,0.00949280709028244,0.002769612707197666,0.0018636345630511642,0.005011498462408781,0.5603741407394409,0.43962594866752625,0.8579428791999817,0.14205697178840637,0.03383510932326317,0.966164767742157,0.14932963252067566,0.8506705164909363,0.8921751976013184,0.10782498121261597,0.7616865634918213,0.23831361532211304,3.9362473487854004,3.6911871433258057,4.215808391571045,3.576310396194458,119.92243957519531
2VwiV2ilMPFqHBK3VYbX6S,0.005636205896735191,0.08468613773584366,0.5293567180633545,0.00011927788727916777,0.00023930847237352282,0.03705413267016411,0.2867370843887329,0.007598648779094219,0.048572517931461334,0.9711558222770691,0.02884446643292904,0.8256160020828247,0.1743839532136917,8.150693611241877e-05,0.9999184608459473,0.08826138824224472,0.9117387533187866,0.9996682405471802,0.0003319803799968213,0.32128411531448364,0.6787157654762268,5.551009178161621,5.806378364562988,5.566452503204346,5.600272178649902,125.99080657958984
4cwLYDk0qjI7hiwVA5TVSn,0.02898198924958706,0.0001161281907116063,0.9399513602256775,0.0010867875535041094,0.00030892385984770954,0.0030654356814920902,0.0011480172397568822,0.002289390657097101,0.023052167147397995,0.6740771532058716,0.32592257857322693,0.6530145406723022,0.34698542952537537,0.008820994757115841,0.9911789894104004,0.001936554559506476,0.9980632066726685,0.8914183378219604,0.10858167707920074,0.8576204180717468,0.14237971603870392,3.349008560180664,3.2254910469055176,3.5455920696258545,3.371530532836914,122.89462280273438
4rfhAoZjGwraqwX1w47uij,0.029286863282322884,0.02763066627085209,0.3969031572341919,0.002933243988081813,0.007145135197788477,0.10233908146619797,0.3630586266517639,0.019936854019761086,0.050766244530677795,0.9843208193778992,0.015679210424423218,0.6748496890068054,0.32515037059783936,0.022257953882217407,0.9777421355247498,0.11605783551931381,0.883942186832428,0.960094690322876,0.03990538790822029,0.24359345436096191,0.7564066648483276,5.784317970275879,5.514974594116211,4.955682277679443,5.903825283050537,133.857177734375
7jji8nfxJ84AJkUSpgruPL,0.0407738983631134,0.026140345260500908,0.4521310329437256,0.01822558045387268,0.007714541163295507,0.18228623270988464,0.23355644941329956,0.0167095884680748,0.022462304681539536,0.8622509241104126,0.13774913549423218,0.880357563495636,0.11964239180088043,0.2608494460582733,0.7391507625579834,0.24813061952590942,0.7518691420555115,0.7037734985351562,0.29622647166252136,0.30970093607902527,0.6902990937232971,4.979316234588623,4.768451690673828,4.981651306152344,4.957257270812988,126.87092590332031
6tE5zuD7eC7cV2O1IyjRLX,0.039085421711206436,0.018279489129781723,0.6119336485862732,0.036141034215688705,0.01015015784651041,0.10953379422426224,0.06460288912057877,0.013338759541511536,0.0969347357749939,0.7795027494430542,0.220497265458107,0.6488683819770813,0.3511316776275635,0.1256212592124939,0.8743787407875061,0.20399780571460724,0.7960023283958435,0.8069795966148376,0.19302044808864594,0.4928399920463562,0.5071598887443542,5.4468865394592285,5.509491443634033,5.555997848510742,5.319852828979492,122.99827575683594
3eNQJg5bmvpBLlOW0LDqhE,0.04434095695614815,0.08678115904331207,0.40655839443206787,0.025432586669921875,0.04045280069112778,0.1264360398054123,0.10928093641996384,0.0749075636267662,0.08580949902534485,0.8260328769683838,0.17396722733974457,0.6984888911247253,0.3015112280845642,0.15268896520137787,0.8473110795021057,0.4212481379508972,0.578751802444458,0.6641885042190552,0.3358113467693329,0.12649314105510712,0.8735069632530212,5.224776268005371,5.326532363891602,5.296337604522705,5.232860565185547,123.52115631103516
1D7PE3dDyonJfUP6oSuaq7,0.08610347658395767,0.023332098498940468,0.5157303810119629,0.02487321011722088,0.025304490700364113,0.13659416139125824,0.08629363030195236,0.041541051119565964,0.06022747978568077,0.7300127148628235,0.2699872553348541,0.735834538936615,0.2641657292842865,0.2271547019481659,0.7728455066680908,0.15461620688438416,0.8453838229179382,0.6445650458335876,0.35543492436408997,0.39353084564208984,0.6064691543579102,5.117613315582275,4.904456615447998,5.0482683181762695,4.661295413970947,119.93544006347656
5Hp4xFihdOE2dmDzxWcBFb,0.054358530789613724,0.011939807794988155,0.23002053797245026,0.003037114627659321,0.0371348075568676,0.019336853176355362,0.622175395488739,0.005306819919496775,0.016690004616975784,0.9877249598503113,0.012275236658751965,0.9193914532661438,0.08060839027166367,0.02327730692923069,0.9767231345176697,0.7956318855285645,0.20436830818653107,0.9435235261917114,0.056476518511772156,0.14115497469902039,0.8588449954986572,6.451450347900391,6.222303867340088,5.4504475593566895,6.23480224609375,123.06166076660156
00E0Z2jrF7reoHps4zcbWQ,0.02025272697210312,0.01593112014234066,0.07678651064634323,0.001429651747457683,0.009436463937163353,0.08645152300596237,0.7492531538009644,0.002241215668618679,0.03821764513850212,0.9997910857200623,0.0002091062779072672,0.8686231374740601,0.13137675821781158,0.0034071127884089947,0.9965927600860596,0.502326488494873,0.49767354130744934,0.9744117856025696,0.025588346645236015,0.06856060773134232,0.9314394593238831,6.746967315673828,6.995784282684326,5.565953731536865,6.435001373291016,125.91389465332031
7MIhUdNJtaOnDmC5nBC1fb,0.018814178183674812,0.027440614998340607,0.035041410475969315,0.0017337813042104244,0.054664477705955505,0.06359649449586868,0.7597358226776123,0.024789126589894295,0.01418423093855381,0.9925315380096436,0.007468597497791052,0.9093534350395203,0.09064649045467377,0.00016775894619058818,0.9998323321342468,0.5455960631370544,0.45440390706062317,0.9956121444702148,0.004387926310300827,0.02925816923379898,0.9707418084144592,6.4157233238220215,6.71193790435791,5.405852317810059,6.719010829925537,125.99252319335938
0sftzYE0YgPHXrvJyUyGjB,0.027584565803408623,0.02614458091557026,0.31670448184013367,0.0032642912119627,0.026478471234440804,0.06904546171426773,0.47648000717163086,0.010471989400684834,0.043826162815093994,0.9823984503746033,0.017601586878299713,0.8881189823150635,0.11188122630119324,0.044068675488233566,0.9559312462806702,0.5750200152397156,0.4249800443649292,0.9448191523551941,0.05518089234828949,0.14808745682239532,0.8519125580787659,6.071626663208008,6.265876293182373,5.464492321014404,6.10612678527832,129.73411560058594
2Fv1x10CiHukDdu96CYeHc,0.0240439735352993,0.04387674108147621,0.3380385935306549,0.008236020803451538,0.009972485713660717,0.09424528479576111,0.4070740044116974,0.032334890216588974,0.04217804595828056,0.9728593826293945,0.027140554040670395,0.8760707378387451,0.12392923980951309,0.057663656771183014,0.9423364400863647,0.5458003282546997,0.45419973134994507,0.9424272775650024,0.057572782039642334,0.1707983911037445,0.8292015194892883,6.115762710571289,5.9982805252075195,5.519156455993652,6.07787561416626,132.00991821289062
7BhmwvCdQZNwuQXSHw5TzP,0.03556749224662781,0.008094727993011475,0.47557178139686584,0.004875630140304565,0.0076265474781394005,0.06403050571680069,0.32052528858184814,0.036591675132513046,0.04711627587676048,0.926236629486084,0.07376333326101303,0.9112851023674011,0.08871478587388992,0.10761234909296036,0.8923875093460083,0.7312881946563721,0.2687118351459503,0.8833617568016052,0.11663836240768433,0.2201385200023651,0.7798613905906677,5.5472636222839355,5.4829607009887695,5.388447284698486,5.593628406524658,99.86526489257812
39cmB3ZoTOLwOTq7tMNqKa,0.2110583782196045,0.014797311276197433,0.1564822793006897,0.07913477718830109,0.0025243882555514574,0.0731404647231102,0.3733539879322052,0.012603667564690113,0.07690464705228806,0.6504557728767395,0.3495442867279053,0.7208827137947083,0.2791174352169037,0.4151187539100647,0.5848812460899353,0.3332652449607849,0.6667347550392151,0.5295505523681641,0.4704493284225464,0.10362321138381958,0.8963768482208252,4.867255687713623,4.98782205581665,4.741495609283447,4.578457832336426,122.0733642578125
0OvO2X2Q3i98dc5RcgEN3x,0.0544210821390152,0.009013287723064423,0.4634367525577545,0.007824094034731388,0.00886836089193821,0.07250397652387619,0.33537155389785767,0.006612727418541908,0.041948311030864716,0.9944230914115906,0.0055770836770534515,0.893407940864563,0.10659191757440567,0.0803588256239891,0.9196410775184631,0.682385265827179,0.3176148235797882,0.8876365423202515,0.11236356198787689,0.3278501629829407,0.6721495985984802,6.308271884918213,5.781403064727783,5.460006237030029,5.989331245422363,139.81924438476562
0iB5f04XdJ2tcfhoVkeLV8,0.016405802220106125,0.007618332281708717,0.4590926468372345,0.0011463197879493237,0.004609259311109781,0.03544391691684723,0.2795841693878174,0.02620510756969452,0.1698944866657257,0.9892160892486572,0.010783970355987549,0.914391040802002,0.08560896664857864,0.07497427612543106,0.9250257611274719,0.340852826833725,0.6591469645500183,0.9362558126449585,0.06374405324459076,0.08929761499166489,0.9107024073600769,6.604134559631348,5.728339195251465,4.074491024017334,6.090063571929932,106.63764190673828
6iW38RGqdDGOofmz2HeXLW,0.050866786390542984,0.012420011684298515,0.6000425815582275,0.013370492495596409,0.005877337884157896,0.027647214010357857,0.1966399848461151,0.04450128227472305,0.048634372651576996,0.9584802985191345,0.041519783437252045,0.6643525958061218,0.3356471657752991,0.04026767611503601,0.9597324132919312,0.16947080194950104,0.8305294513702393,0.8756573796272278,0.12434272468090057,0.2082654982805252,0.7917345762252808,6.297128200531006,5.238508224487305,4.861309051513672,6.0759077072143555,123.5898208618164
23uUytja1B1mUOOIoygf6u,0.015215301886200905,0.0017359935445711017,0.2668595314025879,0.0021017345134168863,0.0043936255387961864,0.026429036632180214,0.059603251516819,0.6137542128562927,0.009907250292599201,0.9216831922531128,0.0783168226480484,0.7920981645584106,0.2079014927148819,0.029366975650191307,0.9706331491470337,0.07575996965169907,0.9242402911186218,0.7902114391326904,0.20978838205337524,0.0921342521905899,0.9078658223152161,5.245555877685547,4.755251407623291,4.802090167999268,4.729273319244385,139.82054138183594
11bJ1ws3dathgY9uzADUhL,0.021198658272624016,0.002591109136119485,0.06695318967103958,0.009860953316092491,0.022382427006959915,0.04033023118972778,0.2553820312023163,0.5650246739387512,0.01627657189965248,0.9561830759048462,0.043817006051540375,0.8064925074577332,0.19350753724575043,0.05106353759765625,0.9489366412162781,0.09375423192977905,0.906245768070221,0.46331995725631714,0.5366801023483276,0.010451547801494598,0.9895485639572144,5.338865280151367,5.235335350036621,4.49731969833374,4.580341815948486,95.9931869506836
7sFukIJffFFLwnazXIbqP5,0.048454154282808304,0.0035507569555193186,0.20076486468315125,0.004436918068677187,0.023356720805168152,0.14387795329093933,0.2610407769680023,0.31238043308258057,0.0021375021897256374,0.9998626708984375,0.0001373521372443065,0.5108498334884644,0.4891500174999237,0.020830487832427025,0.9791692495346069,0.42408421635627747,0.5759158134460449,0.7795358300209045,0.22046418488025665,0.11899413913488388,0.8810057640075684,5.660269737243652,6.009077548980713,5.15342903137207,5.525912761688232,106.09153747558594
6KS5iyM4uDuJ6oAacMSXha,0.02523110806941986,0.00594282615929842,0.3580789566040039,0.002271136734634638,0.024963194504380226,0.04044709727168083,0.19146811962127686,0.33773067593574524,0.013866864144802094,0.9931135177612305,0.006886652670800686,0.8297213315963745,0.17027857899665833,0.008430955931544304,0.9915691614151001,0.30980023741722107,0.6901996731758118,0.9228468537330627,0.07715316861867905,0.07003022730350494,0.929969847202301,5.8535237312316895,5.467629432678223,4.894240379333496,5.378828525543213,135.10357666015625
6gQrm0rwg6hok8IxzysD8m,0.028081640601158142,0.006017435807734728,0.4388040006160736,0.02045496739447117,0.010395591147243977,0.10213761776685715,0.24873186647891998,0.13389268517494202,0.011484270915389061,0.953764796257019,0.046235304325819016,0.8401877880096436,0.1598123162984848,0.12282086908817291,0.8771790266036987,0.19427430629730225,0.8057255744934082,0.5072025060653687,0.49279749393463135,0.17508390545845032,0.8249161243438721,4.993135452270508,5.339629173278809,4.766601085662842,4.330240726470947,97.7923583984375
09gysnJpfQ3ublBmJDfcEC,0.04421849548816681,0.0023655814584344625,0.22514602541923523,0.00045236069126985967,0.02303542196750641,0.0313408225774765,0.45754536986351013,0.21213963627815247,0.0037563329096883535,0.9989069104194641,0.0010932115837931633,0.901853621006012,0.09814643859863281,0.05641165003180504,0.9435885548591614,0.2767966687679291,0.7232035398483276,0.6900982856750488,0.30990177392959595,0.010407702997326851,0.9895923137664795,5.816973686218262,5.46015739440918,4.650477886199951,5.0803914070129395,109.89384460449219
6y5UMIVVJDsULZwfZ0bNRX,0.024719584733247757,0.0032201672438532114,0.40954068303108215,0.0011432900791987777,0.00845374632626772,0.026313934475183487,0.024497786536812782,0.4977961480617523,0.004314721096307039,0.9997242093086243,0.00027582308393903077,0.657792866230011,0.34220701456069946,0.0020819129422307014,0.9979183077812195,0.08405178040266037,0.9159480929374695,0.8893585205078125,0.11064162105321884,0.163780078291893,0.8362197875976562,5.518777370452881,4.927767753601074,4.630832195281982,4.759949207305908,139.75230407714844
09imUl1oyaB2R86qBgEhCN,0.05089180916547775,0.0015218048356473446,0.3109486699104309,0.0009210796561092138,0.0054577128030359745,0.0020144120790064335,0.030984072014689445,0.591335117816925,0.005925281904637814,0.9999849200248718,1.5299154256354086e-05,0.695963442325592,0.3040364980697632,0.0023876018822193146,0.9976125955581665,0.2781756818294525,0.7218242883682251,0.9896610379219055,0.01033905427902937,0.054254334419965744,0.9457458853721619,5.6441426277160645,4.941432952880859,4.015268325805664,5.6309380531311035,140.8052520751953
5j34I5WUnKZVHP14J0Mlcb,0.008265609852969646,0.002931867027655244,0.45646265149116516,0.001333228312432766,0.005948665551841259,0.052450910210609436,0.06674809753894806,0.401652067899704,0.004206723999232054,0.925049364566803,0.07495073229074478,0.8364114761352539,0.16358868777751923,0.0031424120534211397,0.9968576431274414,0.020475944504141808,0.9795240759849548,0.54637211561203,0.4536278545856476,0.29066094756126404,0.7093390822410583,4.5630083084106445,5.21341609954834,4.736268997192383,4.107658386230469,178.20578002929688
4gD1qMyIjDyz7Te8nlQEji,0.022518057376146317,0.0017009348375722766,0.8857173919677734,0.002375419717282057,0.0011199289001524448,0.012953558005392551,0.03153727948665619,0.01283314824104309,0.02924439124763012,0.976284921169281,0.023715326562523842,0.7981200814247131,0.20187993347644806,0.029960131272673607,0.9700401425361633,0.16807898879051208,0.8319209814071655,0.9549562931060791,0.045043863356113434,0.7280858755111694,0.27191412448883057,6.463631629943848,4.71994161605835,4.823126316070557,5.630550384521484,147.79718017578125
6KmjD9CaophLMXTCzKoLLZ,0.0045320396311581135,0.007500856649130583,0.6183266043663025,0.00037983141373842955,0.006721028592437506,0.015349923633038998,0.3245639503002167,0.004194015171378851,0.018431663513183594,0.9681685566902161,0.0318315364420414,0.9040312170982361,0.09596852213144302,0.04348576068878174,0.956514298915863,0.2540265917778015,0.7459732890129089,0.9326159954071045,0.06738415360450745,0.27020925283432007,0.7297908663749695,6.459594249725342,5.489137649536133,4.949726581573486,5.985543727874756,139.779296875
6iKLdREEci9SyzXl9JNUVk,0.004652615636587143,0.0024743136018514633,0.8483770489692688,0.0005516704404726624,0.0007233910146169364,0.07489673048257828,0.0393180176615715,0.0015717974165454507,0.02743436023592949,0.9818173050880432,0.018182775005698204,0.8652567267417908,0.1347433626651764,0.0033344102557748556,0.9966656565666199,0.21250151097774506,0.7874985933303833,0.9941789507865906,0.005821168888360262,0.4804300367832184,0.5195700526237488,6.0056610107421875,5.401173114776611,4.787649154663086,5.826770782470703,143.93971252441406
2XGh5hmwLX517lMBSvglwS,0.09549560397863388,0.005153866950422525,0.8274843096733093,0.0002613652322907001,0.0001198217723867856,0.018714450299739838,0.0048598675057291985,0.006687623914331198,0.04122304543852806,0.89056795835495,0.10943219810724258,0.4261627793312073,0.5738372802734375,0.015306644141674042,0.9846934080123901,0.026387019082903862,0.9736129641532898,0.9606745839118958,0.03932550176978111,0.6355093121528625,0.364490270614624,5.323318958282471,4.6737380027771,5.022733688354492,5.025054454803467,128.62257385253906
7sovMMhuknCR0PHianjiEq,0.01051585003733635,0.0128426318988204,0.6928232908248901,3.959708192269318e-05,5.7413592003285885e-05,0.065572090446949,0.10140092670917511,0.0011919523822143674,0.11555640399456024,0.9999095797538757,9.049057553056628e-05,0.7814427018165588,0.21855702996253967,5.611215783574153e-06,0.9999946355819702,0.012308523058891296,0.9876912832260132,0.999999463558197,5.868609491699317e-07,0.13356629014015198,0.8664337396621704,6.262324810028076,6.276826858520508,5.4950761795043945,6.503920555114746,127.96138763427734
2Y2Ydnk6XPTe4IpOTNs5Xh,0.0013144987169653177,8.45016838866286e-05,0.988772451877594,5.306024104356766e-05,9.369436156703159e-05,0.00044245534809306264,0.002406552666798234,0.0012295640772208571,0.005603168625384569,0.9941966533660889,0.005803592037409544,0.7743723392486572,0.2256278246641159,5.151861478225328e-05,0.9999485015869141,0.002605526940897107,0.9973944425582886,0.9952285289764404,0.004771410021930933,0.7332690358161926,0.266730934381485,6.817407131195068,4.605403900146484,3.906226634979248,5.706903457641602,139.9691619873047
2CAWDnsgQ5zIXef4ONWmUK,0.007160868030041456,0.0007383103366009891,0.977161169052124,2.685513572942e-05,2.1433408619486727e-05,0.005004293285310268,0.0028486207593232393,0.0012773021589964628,0.005761293228715658,0.945745587348938,0.05425456911325455,0.8932693600654602,0.10673084855079651,0.00039289146661758423,0.9996069669723511,0.07155488431453705,0.9284452795982361,0.999183714389801,0.0008162673329934478,0.6768734455108643,0.32312631607055664,6.605160713195801,4.558782577514648,3.541548728942871,5.767332077026367,142.6490478515625
5fA9xb5xWLwNizZCZRjQUO,0.011586364358663559,0.0002543757436797023,0.9756352305412292,1.7734088032739237e-05,2.5695071599329822e-05,0.00477166473865509,0.003313414752483368,0.001869066385552287,0.0025266380980610847,0.9751869440078735,0.024813195690512657,0.7908679246902466,0.209132120013237,0.0038576116785407066,0.9961422681808472,0.17104339599609375,0.8289566040039062,0.9993044137954712,0.0006957427249290049,0.8610044121742249,0.13899561762809753,5.835792064666748,4.742684841156006,4.816272735595703,5.778105735778809,149.98387145996094
1pjq6HahAijFavvVOVRP3E,0.012474685907363892,0.0007057316834107041,0.905979573726654,1.182592041004682e-05,2.54117367148865e-06,0.004643558524549007,0.011018088087439537,0.0031234221532940865,0.062040627002716064,1.0,1.0240341197231828e-07,0.8210908770561218,0.17890915274620056,8.055029638853739e-07,0.9999992251396179,0.006397980730980635,0.9936016798019409,0.9999998807907104,1.0734972732961978e-07,0.5612354278564453,0.43876463174819946,6.311120510101318,5.002839088439941,3.793076992034912,5.986362457275391,142.0227813720703
4Elb9ia3RBhTDtJN8qe29k,0.06542414426803589,0.001223763101734221,0.8475708365440369,0.00028521791682578623,0.0003970982797909528,0.007856866344809532,0.029692109674215317,0.01168171875178814,0.03586838021874428,0.9797897338867188,0.02021048218011856,0.7490007877349854,0.2509990930557251,0.003144868416711688,0.9968551397323608,0.15445327758789062,0.8455468416213989,0.9815002083778381,0.018500039353966713,0.6874759793281555,0.3125239312648773,6.644191741943359,5.168864727020264,4.570312976837158,5.891932964324951,141.85247802734375
7zGuOKCjKlIdaFh0xREuCY,0.34199705719947815,0.020547842606902122,0.024487368762493134,0.14561043679714203,0.011995590291917324,0.043253932148218155,0.07051549851894379,0.0037666033022105694,0.33782580494880676,0.4384877383708954,0.561512291431427,0.47214505076408386,0.5278549790382385,0.3728313744068146,0.6271685361862183,0.7621477246284485,0.23785226047039032,0.4746932089328766,0.525306761264801,0.1279192864894867,0.8720805048942566,5.735661029815674,5.028163909912109,4.740565299987793,5.29716157913208,109.32284545898438
65qpo8Xop4WCkjGX2wjIAy,0.18609490990638733,0.01626339927315712,0.3804608881473541,0.008970526978373528,0.03195221722126007,0.005656779743731022,0.14689524471759796,0.01155021321028471,0.21215584874153137,0.9147555828094482,0.08524460345506668,0.6936429738998413,0.3063569962978363,0.015218831598758698,0.9847813248634338,0.8044496178627014,0.1955503672361374,0.9470023512840271,0.05299747362732887,0.11333098262548447,0.8866689205169678,7.422582149505615,5.127493381500244,4.561574935913086,6.341573715209961,116.99488067626953
26EvVb7HxLt5fVXtNRzUEw,0.052588753402233124,0.0016790844965726137,0.28234773874282837,0.015407467260956764,0.001779529033228755,0.007383013144135475,0.032291870564222336,0.005943739786744118,0.6005788445472717,0.7965059876441956,0.2034941166639328,0.49901339411735535,0.5009865164756775,0.012033909559249878,0.9879661202430725,0.4490465819835663,0.5509534478187561,0.8873148560523987,0.11268522590398788,0.04386205971240997,0.9561375975608826,6.077271938323975,5.781806468963623,3.7076423168182373,5.833349227905273,184.5706329345703
4M7o0cOEvDFiJ7I8PXJ3bA,0.13634426891803741,0.012130442075431347,0.3911186456680298,0.0035023835953325033,0.008079451508820057,0.024631327018141747,0.03230002522468567,0.002649335190653801,0.3892439305782318,0.7484360337257385,0.2515636682510376,0.6322624087333679,0.367737740278244,0.0008558385306969285,0.9991443157196045,0.5690154433250427,0.4309844970703125,0.9243195056915283,0.07568055391311646,0.284290611743927,0.7157094478607178,6.3566436767578125,4.803153991699219,4.2727203369140625,5.913843154907227,184.57081604003906
4GIeQy7OzftStBoimCWIMU,0.14780256152153015,0.034176263958215714,0.5211374163627625,0.001536069088615477,0.018331514671444893,0.0065395464189350605,0.15325765311717987,0.0023510586470365524,0.11486796289682388,0.89699387550354,0.10300611704587936,0.7458881735801697,0.25411197543144226,0.00047650845954194665,0.9995236396789551,0.8065760731697083,0.19342376291751862,0.9803188443183899,0.019681232050061226,0.1736546754837036,0.8263451457023621,8.102320671081543,5.622198581695557,4.7782721519470215,6.883447170257568,184.57080078125
6EpWqPWFo6FwLBTQgWWiyy,0.15389958024024963,0.011665995232760906,0.4930892586708069,0.0007327189086936414,0.017207972705364227,0.0028742593713104725,0.04065316542983055,0.0012515215203166008,0.2786255180835724,0.9772342443466187,0.02276577800512314,0.5183839201927185,0.4816160202026367,2.6869020075537264e-05,0.9999731779098511,0.6806169152259827,0.31938299536705017,0.9908681511878967,0.009131815284490585,0.34969186782836914,0.6503079533576965,8.18781852722168,4.355704307556152,3.966860294342041,6.673611640930176,104.08712768554688
3rZwj7e7m61R5e9Tn3YTFa,0.20060975849628448,0.014459405094385147,0.3559786379337311,0.002483222633600235,0.028835680335760117,0.006103570107370615,0.07397501915693283,0.0021011335775256157,0.31545355916023254,0.956080973148346,0.043918970972299576,0.6485970616340637,0.3514029085636139,0.0022909683175385,0.9977090358734131,0.8148015141487122,0.18519844114780426,0.9607855677604675,0.03921426087617874,0.19191871583461761,0.808081328868866,8.054975509643555,4.948688983917236,4.588926315307617,6.950882911682129,143.9501190185547
2MYFQY0BKWPdgqnIYses9T,0.07038780301809311,0.01023383904248476,0.3810499310493469,0.003589488798752427,0.02205803617835045,0.00478647043928504,0.13572430610656738,0.0029231319203972816,0.3692471981048584,0.9700557589530945,0.02994430996477604,0.6786069869995117,0.3213931620121002,0.000229611512622796,0.9997705817222595,0.8468446135520935,0.15315547585487366,0.9937792420387268,0.00622052326798439,0.1257402002811432,0.8742598295211792,7.39094352722168,5.476966857910156,4.747976303100586,6.727082252502441,93.64119720458984
4fWtzgALYlAOeUAKiWDvw2,0.3501947522163391,0.05191219970583916,0.2782927453517914,0.0015547883231192827,0.01570376195013523,0.008522771298885345,0.17966847121715546,0.002967078471556306,0.11118344217538834,0.9772568345069885,0.02274325117468834,0.5219590663909912,0.478040874004364,0.003599101211875677,0.9964010715484619,0.8640537261962891,0.13594630360603333,0.9886903166770935,0.011309740133583546,0.17047663033008575,0.8295233249664307,7.665255069732666,6.0491766929626465,5.675770282745361,6.658812999725342,130.0772247314453
6zfVBdPDopmP36NeHd4O2m,0.18629208207130432,0.025227487087249756,0.5949797630310059,0.0004390717367641628,0.0115768788382411,0.004887269344180822,0.11934519559144974,0.030727220699191093,0.026525167748332024,0.9949776530265808,0.005022238474339247,0.825410008430481,0.17459015548229218,0.00021518488938454539,0.9997848868370056,0.8148577809333801,0.1851424276828766,0.9984936118125916,0.001506374217569828,0.3277435302734375,0.6722562909126282,7.783231735229492,4.953293323516846,4.446341514587402,6.523416996002197,125.39310455322266
3dxRWsZjwpth3fsIgoUKVs,0.019733069464564323,0.003850281471386552,0.33522915840148926,0.003352370345965028,0.04167729243636131,0.06225965544581413,0.41852957010269165,0.10195383429527283,0.013414761051535606,0.9884370565414429,0.01156344823539257,0.7990210652351379,0.20097890496253967,0.011002734303474426,0.9889973402023315,0.8812379240989685,0.11876214295625687,0.9312551021575928,0.06874490529298782,0.03686325624585152,0.9631367325782776,5.8731794357299805,6.296764373779297,5.53855562210083,5.864567756652832,93.89346313476562
0wIZzK1cWw1CzYGxN1Og8m,0.12982070446014404,0.06620544195175171,0.5473456978797913,0.0005357522750273347,0.00022614761837758124,0.024361755698919296,0.16353492438793182,0.03486938774585724,0.03310026600956917,0.999762773513794,0.00023725110804662108,0.6514184474945068,0.34858161211013794,0.0018428972689434886,0.9981573224067688,0.22428536415100098,0.7757147550582886,0.9983280301094055,0.0016719108680263162,0.28400424122810364,0.7159956693649292,6.477139472961426,5.56509256362915,5.759761333465576,6.469891548156738,126.03025817871094
7ueApo7ZVKglrGkt7X85e9,0.0460922010242939,0.039207492023706436,0.6686494946479797,0.004654130898416042,0.004220245871692896,0.04037937521934509,0.09585878998041153,0.07459299266338348,0.026345307007431984,0.9746791124343872,0.025320960208773613,0.8809769749641418,0.11902297288179398,0.05958784744143486,0.9404121041297913,0.5722362399101257,0.4277637302875519,0.9501978754997253,0.04980219528079033,0.4902890622615814,0.5097109079360962,5.556215763092041,5.468827724456787,5.5186285972595215,5.491000652313232,122.0238265991211
7MJY6QjGV2Rf4LbGt4hxEV,0.03373544663190842,0.007861978374421597,0.7667694091796875,9.699102520244196e-05,0.001379520632326603,0.039144210517406464,0.11129827052354813,0.02693093754351139,0.012783299200236797,0.9999787211418152,2.141727236448787e-05,0.7668347954750061,0.23316502571105957,0.00010129075235454366,0.9998989701271057,0.1741686314344406,0.8258312940597534,0.9999240636825562,7.610151806147769e-05,0.5496973991394043,0.4503025710582733,6.076035022735596,5.559970378875732,5.666633605957031,6.17466926574707,122.01597595214844
7jbFUT1nqMqF2bHr7Sax5i,0.06278393417596817,0.01081001665443182,0.6530934572219849,0.0005468170274980366,0.002620390383526683,0.03698354959487915,0.07697755843400955,0.14467564225196838,0.011508616618812084,0.9999217987060547,7.835918222554028e-05,0.8594988584518433,0.14050109684467316,0.002918926067650318,0.9970811605453491,0.2739316523075104,0.7260682582855225,0.9998887181282043,0.00011153563536936417,0.24298441410064697,0.7570157051086426,6.029764175415039,5.527554512023926,5.360982418060303,6.1943817138671875,127.03557586669922
5tfqO6elC42ZwXfIN1aSDk,0.02465471252799034,0.02058233693242073,0.6506882309913635,3.0763323593419045e-05,0.0010084896348416805,0.021548323333263397,0.2127377837896347,0.019591141492128372,0.049158211797475815,1.0,6.079675785031213e-08,0.7429513335227966,0.2570483982563019,3.2211044072028017e-06,0.9999969005584717,0.025609171018004417,0.9743912220001221,0.999998927116394,1.3525072972697672e-06,0.062210813164711,0.9377893805503845,6.20475959777832,6.261580467224121,5.584975719451904,6.2802042961120605,125.41188049316406
0tNhC1gTRuLH000EDfMEYf,0.055514074862003326,0.03275788575410843,0.41906771063804626,0.0016060216585174203,0.011581073515117168,0.07159066200256348,0.37144890427589417,0.024161914363503456,0.012271763756871223,0.9947302937507629,0.005269790533930063,0.9260163307189941,0.07398369163274765,0.02352658286690712,0.9764734506607056,0.6349900960922241,0.36500999331474304,0.9513416290283203,0.04865836724638939,0.3216727077960968,0.6783270835876465,5.946398735046387,6.159671783447266,6.024819374084473,5.69442892074585,123.76798248291016
3KaOuwuIuZYfR1VhAENRXG,0.15214277803897858,0.010771979577839375,0.4276427924633026,0.017346832901239395,0.007022065110504627,0.13222457468509674,0.22008423507213593,0.004357605241239071,0.028407158330082893,0.9860314726829529,0.013968710787594318,0.771419107913971,0.22858065366744995,0.1549893170595169,0.8450106382369995,0.7383862137794495,0.26161396503448486,0.912614107131958,0.08738589286804199,0.5212869644165039,0.4787129759788513,5.725776195526123,5.76422643661499,5.596311569213867,5.571572303771973,120.97154235839844
6T6NIXPtD786quBOycpUTX,0.034518029540777206,0.0025296530220657587,0.6103017926216125,0.001674002269282937,0.004174410365521908,0.07505244761705399,0.07306087017059326,0.18302910029888153,0.015659574419260025,0.9490228891372681,0.05097736418247223,0.6534721851348877,0.34652772545814514,0.04809898883104324,0.951901376247406,0.12962481379508972,0.8703749775886536,0.7974166870117188,0.20258362591266632,0.49730634689331055,0.502693772315979,5.348204612731934,5.242698669433594,5.019843101501465,5.2289581298828125,121.91462707519531
0c82YIGpQ5dCaXpTNCk4sb,0.15614251792430878,0.021243447437882423,0.18211647868156433,0.0008379614446312189,0.022920245304703712,0.0585261695086956,0.19576381146907806,0.3536031246185303,0.008846377953886986,0.9919790029525757,0.008021004498004913,0.7532114386558533,0.24678854644298553,0.0008512581116519868,0.9991487860679626,0.6224159598350525,0.37758415937423706,0.991844654083252,0.008155406452715397,0.02290753647685051,0.9770923256874084,6.339503765106201,5.771389961242676,5.274076461791992,6.530948638916016,129.54473876953125
5Fohh8kl8403DSoq4KH7Ll,0.015883835032582283,0.003878385294228792,0.10408617556095123,0.0035312611144036055,0.03816882520914078,0.10968083888292313,0.17365288734436035,0.5348625779151917,0.016255352646112442,0.9529767632484436,0.04702328145503998,0.7742455005645752,0.225754514336586,0.021913200616836548,0.9780869483947754,0.28439387679100037,0.715606153011322,0.8868409991264343,0.11315899342298508,0.05346843972802162,0.9465316534042358,5.903191566467285,5.576643943786621,5.031086444854736,5.543475151062012,89.7650375366211
0PNwMRlZgwoWVe0idfGQPH,0.13119351863861084,0.028626002371311188,0.4240216314792633,9.284201951231807e-05,0.0027970748487859964,0.005353959277272224,0.1566627025604248,0.23425504565238953,0.01699729636311531,0.9961417317390442,0.003858353244140744,0.8508710861206055,0.1491289585828781,8.680356586410198e-06,0.9999912977218628,0.5481022596359253,0.4518977999687195,0.9983633160591125,0.001636956469155848,0.07074926793575287,0.9292508363723755,7.540316104888916,5.068741321563721,4.086104393005371,6.753745079040527,129.93519592285156
3Ga6eKrUFf12ouh9Yw3v2D,0.037466734647750854,0.005044356919825077,0.19453436136245728,0.0029023010283708572,0.011921909637749195,0.04087714105844498,0.3237452805042267,0.3783930540084839,0.00511472811922431,0.9929841756820679,0.007015950977802277,0.7128984928131104,0.28710150718688965,0.03885412961244583,0.9611458778381348,0.4056550860404968,0.5943448543548584,0.6522201299667358,0.3477795720100403,0.06445052474737167,0.9355496764183044,5.43586540222168,5.551815986633301,4.952455043792725,4.70469856262207,83.1356430053711
3FkeNbs9Zeiqkr3WkbOiGp,0.04216137155890465,0.0034790276549756527,0.24474170804023743,0.019412092864513397,0.009735680185258389,0.03898070380091667,0.5643081068992615,0.06664998829364777,0.010531394742429256,0.9632527232170105,0.03674739971756935,0.8686003684997559,0.13139981031417847,0.09847918152809143,0.9015209674835205,0.35052937269210815,0.6494706273078918,0.7487151026725769,0.25128501653671265,0.06349661946296692,0.9365033507347107,5.574277877807617,5.860606670379639,4.920495510101318,5.1984758377075195,91.98674774169922
6vH8KKSB66dcnCw00N5K0R,0.023973021656274796,0.007751062046736479,0.5764043927192688,0.0014472493203356862,0.0023104690480977297,0.013340873643755913,0.3171002268791199,0.039596229791641235,0.018076354637742043,0.982789158821106,0.017210986465215683,0.8537991046905518,0.14620083570480347,0.013274453580379486,0.9867258071899414,0.5441046357154846,0.455895334482193,0.9701903462409973,0.0298097375780344,0.12711036205291748,0.8728896379470825,6.432167053222656,5.478806018829346,4.647823810577393,6.1074652671813965,135.54287719726562
0JGTfiC4Z41GEEpMYLbWwO,0.1072760820388794,0.008246013894677162,0.09062931686639786,0.008609795942902565,0.04781888425350189,0.05343121290206909,0.3930388391017914,0.26028382778167725,0.030666014179587364,0.9476970434188843,0.05230303853750229,0.5891247391700745,0.410875141620636,0.04738122224807739,0.9526188373565674,0.6024079322814941,0.397592157125473,0.6141064167022705,0.3858937621116638,0.028762131929397583,0.9712378978729248,5.733846664428711,6.325252532958984,5.159238815307617,5.819456577301025,100.01571655273438
5KloY4dqqARqRPavfyRmRE,0.10998014360666275,0.00395934795960784,0.11470328271389008,0.010065105743706226,0.03252434730529785,0.012830599211156368,0.6243020296096802,0.06553573161363602,0.02609945274889469,0.958962082862854,0.0410379096865654,0.8471153974533081,0.15288442373275757,0.06567875295877457,0.9343214631080627,0.7054039239883423,0.29459619522094727,0.7462144494056702,0.25378555059432983,0.004369817674160004,0.9956304430961609,6.029195785522461,5.91257905960083,4.806480884552002,5.479774475097656,94.96141052246094
77HhVmRv7IxDqkyMxElSrK,0.14203520119190216,0.02809181995689869,0.10217320919036865,0.002836835104972124,0.02060786634683609,0.08070468157529831,0.2860194146633148,0.30563804507255554,0.031892936676740646,0.9813852310180664,0.018614865839481354,0.7225551605224609,0.2774450480937958,0.012898934073746204,0.9871012568473816,0.8361802697181702,0.16381974518299103,0.9714902639389038,0.02850968949496746,0.0350346639752388,0.9649652242660522,6.383853912353516,6.046230316162109,5.44351863861084,6.518121719360352,129.6808624267578
7DY756WOLyOz2Xnhw4EFiC,0.07790353894233704,0.03333704173564911,0.22831560671329498,0.0031021744944155216,0.03200151398777962,0.1774580478668213,0.28285208344459534,0.15207824110984802,0.012951704673469067,0.9443827271461487,0.05561725050210953,0.7669271230697632,0.23307324945926666,0.07110673189163208,0.9288932085037231,0.6487452387809753,0.35125482082366943,0.927438497543335,0.0725613385438919,0.11458997428417206,0.8854100108146667,6.174917697906494,5.923990249633789,5.412042140960693,5.768889904022217,127.98249053955078
5Ay8JjpPx5LUauY9G0FMuV,0.009105122648179531,0.0007244154694490135,0.2852877676486969,4.921459549223073e-06,0.001736007514409721,0.0031211217865347862,0.05367293953895569,0.6456959843635559,0.0006516958237625659,1.0,1.312023023558595e-08,0.8597043752670288,0.1402958184480667,2.160982148780022e-06,0.9999983906745911,0.041469912976026535,0.9585299491882324,0.9461747407913208,0.053825199604034424,0.0917983427643776,0.9082014560699463,5.629929542541504,4.833366870880127,4.648988246917725,5.3549346923828125,75.00357055664062
57T2OCgiu5OEP2RUHRBZuY,0.027775611728429794,0.002220819005742669,0.6856335997581482,0.006605956703424454,0.0007915719761513174,0.0457303561270237,0.062222905457019806,0.14137856662273407,0.027640681713819504,0.8827404975891113,0.11725957691669464,0.7972596883773804,0.20274047553539276,0.05424213036894798,0.9457578659057617,0.07254608720541,0.9274539351463318,0.8244643807411194,0.1755356639623642,0.3562544584274292,0.6437456607818604,5.584208011627197,4.818689346313477,4.609797954559326,5.214327812194824,151.98020935058594
1r4MvTc1gwfHdt2TuMMYx0,0.045477237552404404,0.0016290904022753239,0.6404765248298645,0.005501113831996918,0.009908030740916729,0.09020938724279404,0.08296209573745728,0.11493053287267685,0.00890591461211443,0.9186374545097351,0.08136244118213654,0.6710271239280701,0.32897305488586426,0.09729143977165222,0.902708888053894,0.13217999041080475,0.8678200840950012,0.7231113314628601,0.2768886387348175,0.4443631172180176,0.5556368231773376,5.248013973236084,4.91093635559082,4.712212085723877,4.776052951812744,103.68685913085938
5pGz6FrmpHjOuso83azbik,0.042256515473127365,0.003027351340278983,0.5319951176643372,0.0023669973015785217,0.004420767072588205,0.015094066970050335,0.05651162937283516,0.3256005346775055,0.018727069720625877,0.9607183337211609,0.039281535893678665,0.6605228185653687,0.3394770622253418,0.0077741420827806,0.992225706577301,0.47202804684638977,0.5279719829559326,0.9568268656730652,0.043173279613256454,0.16522161662578583,0.8347786068916321,6.276525497436523,5.537400722503662,4.51439905166626,6.136532306671143,98.9535140991211
2ZFu40Ik8VsUE9H87W0MmZ,0.020436570048332214,0.000338867015670985,0.38501235842704773,6.292398211371619e-06,0.0008030417957343161,0.0014983774162828922,0.02197941206395626,0.5687181949615479,0.0012070441152900457,0.9999964237213135,3.7688746488129254e-06,0.7156733870506287,0.28432658314704895,9.740500900079496e-06,0.9999905228614807,0.24423006176948547,0.7557697296142578,0.9988417625427246,0.0011580957798287272,0.011344632133841515,0.9886554479598999,6.500356674194336,5.51170015335083,4.370760440826416,6.345054626464844,97.99520111083984
4I4p4iwxzFzdiz1WOZdZk7,0.0013453150168061256,0.0003052738611586392,0.463631272315979,1.1951551925903914e-07,0.0002738956536632031,0.0011074248468503356,0.005899685434997082,0.527333676815033,0.00010329662472940981,0.9999969005584717,3.1829260933591286e-06,0.8705470561981201,0.12945303320884705,2.3229828002513386e-05,0.9999770522117615,0.03563150763511658,0.9643686413764954,0.9888675212860107,0.011132495477795601,0.5645257234573364,0.43547436594963074,5.5781755447387695,4.885065078735352,4.6359357833862305,4.955051898956299,97.01848602294922
7I8UTLiBA1ptFm04WulwhH,0.027589617297053337,0.0008443514816462994,0.5997070670127869,0.00017326515808235854,0.0028592925518751144,0.01410084217786789,0.07899896055459976,0.25922685861587524,0.016499917954206467,0.9961469173431396,0.0038533208426088095,0.8373825550079346,0.16261760890483856,0.0024728451389819384,0.9975273609161377,0.32325103878974915,0.676749050617218,0.9953793287277222,0.0046204193495213985,0.1953410804271698,0.8046589493751526,6.208399295806885,5.563551902770996,4.8921966552734375,5.850440502166748,94.83264923095703
0hp5IJ83YpnglsrvGfIhIN,0.06223519146442413,0.0009334631031379104,0.5354875922203064,0.0005994815728627145,0.0011569124180823565,0.005984525661915541,0.03143700957298279,0.3586815893650055,0.003484182758256793,0.9963207244873047,0.0036794652696698904,0.7434509992599487,0.25654923915863037,0.0017841331427916884,0.9982162714004517,0.34586644172668457,0.6541336178779602,0.9881713390350342,0.011828658170998096,0.2869695723056793,0.7130304574966431,6.281769275665283,5.476993560791016,4.509677886962891,5.833193302154541,94.0044937133789
3XdXixlx3MoVzfL7pu9hx6,0.024309728294610977,0.0021540794987231493,0.6554977893829346,0.001883373479358852,0.014582714065909386,0.1908445507287979,0.029538223519921303,0.04993348941206932,0.031256053596735,0.9517187476158142,0.04828120395541191,0.8535590767860413,0.14644096791744232,0.0030722455121576786,0.9969278573989868,0.29454657435417175,0.7054535150527954,0.9276485443115234,0.07235153019428253,0.6172249913215637,0.3827749490737915,5.772156238555908,5.080654144287109,5.1576828956604,5.15989875793457,105.87444305419922
0TcbMBsLnhquWjhsxIN1BW,0.04632887989282608,0.0018992677796632051,0.45564448833465576,0.0002663352934177965,0.002564428374171257,0.01677328161895275,0.16720019280910492,0.30250129103660583,0.006821783259510994,0.9970600008964539,0.0029403010848909616,0.7516188621520996,0.24838142096996307,0.0003563645586837083,0.9996438026428223,0.41957929730415344,0.5804206728935242,0.9886451363563538,0.011354830116033554,0.053776368498802185,0.9462233781814575,6.720984935760498,5.83536434173584,4.6492838859558105,6.127635955810547,97.9925537109375
31rLeplcJIGfbvUBpPa9f7,0.1128058210015297,0.009213064797222614,0.45038875937461853,0.002999937627464533,0.011186711490154266,0.009478529915213585,0.17453792691230774,0.19480203092098236,0.034587312489748,0.987891674041748,0.01210833340883255,0.7407873868942261,0.2592127323150635,0.015968577936291695,0.9840315580368042,0.39247092604637146,0.6075291633605957,0.9177658557891846,0.08223415166139603,0.12267862260341644,0.8773212432861328,6.442669868469238,4.936954975128174,4.590573787689209,5.796646595001221,150.8753204345703
1GnTBbaFtxNkHEjUsWEdNu,0.03420773893594742,0.011516740545630455,0.09657487273216248,0.015279792249202728,0.018576933071017265,0.03461000323295593,0.18349966406822205,0.573712944984436,0.0320214219391346,0.9552039504051208,0.04479614272713661,0.7073260545730591,0.29267388582229614,0.04303717985749245,0.9569628834724426,0.16498880088329315,0.8350111842155457,0.7165789008140564,0.2834210693836212,0.018192775547504425,0.9818071722984314,5.434664249420166,5.1951680183410645,5.068254470825195,5.125007629394531,130.62060546875
1lau6K2YSP5APtkzNJxVyB,0.8016608953475952,0.04807791858911514,0.0517585389316082,5.306143793859519e-05,0.0002633953408803791,0.0012317325454205275,0.04560676962137222,0.038958922028541565,0.012388784438371658,0.9958071708679199,0.004192963242530823,0.656410813331604,0.34358909726142883,0.00010537370690144598,0.999894380569458,0.8815094232559204,0.11849057674407959,0.9987001419067383,0.0012997997691854835,0.23506872355937958,0.764931321144104,6.690140724182129,6.127209663391113,5.947059631347656,6.045385360717773,128.05215454101562
7J5GcAbZ2rsWk2BzZDVog1,0.07598807662725449,0.02039351500570774,0.3975469768047333,0.0005371721344999969,0.003792015602812171,0.0029796550516039133,0.3856772482395172,0.10387969017028809,0.009205751121044159,0.999727725982666,0.00027230888372287154,0.7165158987045288,0.2834842801094055,0.002907521789893508,0.9970925450325012,0.5066903829574585,0.4933095872402191,0.9860033988952637,0.013996783643960953,0.11144955456256866,0.8885504603385925,7.0575737953186035,5.381852626800537,4.55706787109375,6.717995643615723,142.01893615722656
7bn5nXdatftk0CHSrd7NHQ,0.147133931517601,0.010348116979002953,0.46826374530792236,0.00017059424135368317,0.016478165984153748,0.004315280821174383,0.18942134082317352,0.15700232982635498,0.006866530980914831,0.9972986578941345,0.00270161428488791,0.8290722370147705,0.17092779278755188,0.0017619299469515681,0.9982381463050842,0.30786600708961487,0.6921338438987732,0.902273416519165,0.09772652387619019,0.17982615530490875,0.8201738595962524,6.588346481323242,5.020447254180908,4.642858028411865,5.6327714920043945,146.22299194335938
3iUDHA6FGAKfHX2jmgF0vO,0.08423532545566559,0.0021656639873981476,0.6902344226837158,0.0002239309687865898,0.0011038362281396985,0.0024722302332520485,0.18368038535118103,0.01692517288029194,0.01895900070667267,0.9996423721313477,0.00035749777453020215,0.8323007225990295,0.16769932210445404,0.00016693855286575854,0.9998329877853394,0.8657252192497253,0.1342748999595642,0.9992622137069702,0.0007379995658993721,0.33373406529426575,0.6662660241127014,7.450871467590332,5.442020416259766,5.372556686401367,5.978504180908203,97.38025665283203
3JG1uFc40wfyrqaWC7iv0e,0.29906582832336426,0.013003305532038212,0.46015554666519165,0.0014529431937262416,0.0005520255072042346,0.0035660448484122753,0.1617773473262787,0.033207252621650696,0.027219600975513458,0.9554363489151001,0.04456375539302826,0.760299026966095,0.23970094323158264,0.002112040529027581,0.9978880882263184,0.759597659111023,0.24040235579013824,0.9654410481452942,0.03455900773406029,0.3087380826473236,0.6912620067596436,7.161606311798096,4.895904064178467,4.996652126312256,5.905964374542236,151.46047973632812
1ACA277B6f46DYCgZW8di3,0.14266961812973022,0.0022401961032301188,0.6430969834327698,0.0006192305008880794,0.0036144983023405075,0.023187540471553802,0.05749346688389778,0.11733008921146393,0.009748502634465694,0.9800496101379395,0.019950393587350845,0.7994009852409363,0.20059923827648163,0.04406660795211792,0.9559334516525269,0.5532755255699158,0.446724534034729,0.9275956153869629,0.0724044218659401,0.5207794904708862,0.4792204797267914,6.24902868270874,5.189174652099609,5.22172737121582,5.554210186004639,71.90290069580078
6Q57LMIIjmbOBkvXe8ADW4,0.10331648588180542,0.0026829864364117384,0.7924196720123291,3.481496969470754e-05,0.0003957937587983906,0.0010509033454582095,0.037302594631910324,0.05700090155005455,0.005795784294605255,0.9984756112098694,0.0015244011301547289,0.8442085385322571,0.1557915061712265,0.0040866960771381855,0.9959135055541992,0.2792203724384308,0.7207797169685364,0.9950355887413025,0.004964434076100588,0.3663035035133362,0.6336963772773743,6.2822747230529785,4.787369251251221,4.803462028503418,5.554023742675781,127.05509948730469
4QzdqbTsmFTZLCFSuDoSxs,0.016823632642626762,0.0043482971377670765,0.1117362529039383,0.009083021432161331,0.029143378138542175,0.08170945197343826,0.41733524203300476,0.3206832706928253,0.009137440472841263,0.9712828993797302,0.028717294335365295,0.9040634036064148,0.09593680500984192,0.029087653383612633,0.9709123969078064,0.3783676326274872,0.6216322183609009,0.6274898052215576,0.3725098967552185,0.06042328104376793,0.9395769238471985,5.705607891082764,5.8898749351501465,5.111208915710449,5.389518737792969,108.02029418945312
1BaNZOpKVM6OtBuMfpeGYX,0.056114621460437775,0.026982422918081284,0.2534208595752716,0.0003397194086574018,0.00736813573166728,0.09490551799535751,0.25222453474998474,0.29741665720939636,0.011227539740502834,0.9739037156105042,0.026096345856785774,0.8522611856460571,0.14773871004581451,0.00010794018453452736,0.9998923540115356,0.07440029084682465,0.9255996346473694,0.9177219271659851,0.08227822929620743,0.11558748036623001,0.884412407875061,5.761781692504883,5.486112117767334,5.1482672691345215,5.704217910766602,116.98788452148438
5DQFUDNNpdu2l3ZyE8GHON,0.07409419864416122,0.015609001740813255,0.2463352233171463,0.013754875399172306,0.027430459856987,0.09312421083450317,0.0429142601788044,0.4057014584541321,0.08103642612695694,0.8745574355125427,0.12544263899326324,0.8485605120658875,0.151439368724823,0.04717882722616196,0.9528214335441589,0.2920442819595337,0.7079558372497559,0.8135891556739807,0.18641096353530884,0.33172425627708435,0.668275773525238,6.121218204498291,5.151270866394043,4.92946195602417,5.661065101623535,113.96983337402344
0dIfJUr08iuUos2rGg9uEJ,0.012804606929421425,0.006393067538738251,0.26111793518066406,0.0019905248191207647,0.08561444282531738,0.06470689177513123,0.2896367311477661,0.2695576250553131,0.008178197778761387,0.9742966890335083,0.025703249499201775,0.9026486873626709,0.09735136479139328,0.03600876033306122,0.9639913439750671,0.2873340845108032,0.7126660346984863,0.7215977907180786,0.2784024178981781,0.11104018986225128,0.8889597654342651,5.330618858337402,5.359040260314941,4.631598949432373,4.742886543273926,119.95849609375
5Dz6wdHlI45KAOBAfMSJRS,0.00852882582694292,0.007093685679137707,0.12032224237918854,0.0007226523011922836,0.048884544521570206,0.038195110857486725,0.7120553255081177,0.06125675514340401,0.002940925071015954,0.9999781250953674,2.192245847254526e-05,0.962449312210083,0.037550751119852066,0.011354364454746246,0.9886456727981567,0.4991285502910614,0.500871479511261,0.933034360408783,0.06696552783250809,0.0032923067919909954,0.9967077374458313,6.3546552658081055,6.357093334197998,4.96218729019165,5.923354625701904,117.22745513916016
0fs75XwQHj1mdIWUhvNohh,0.07840517908334732,0.11146125197410583,0.41182827949523926,0.00039340078365057707,0.0013513998128473759,0.056417521089315414,0.26545771956443787,0.041068267077207565,0.033617064356803894,0.9869336485862732,0.01306625921279192,0.8004571199417114,0.19954268634319305,0.0006498416187241673,0.9993502497673035,0.2339620739221573,0.7660378217697144,0.9957605600357056,0.004239439498633146,0.15445570647716522,0.8455442190170288,6.158588886260986,5.844484329223633,4.972459316253662,6.198867321014404,129.9005126953125
4jhznF9z7jv08LIAtSZTnu,0.0060196262784302235,0.0013282313011586666,0.6134609580039978,2.8491320335888304e-05,0.009613566100597382,0.013779950328171253,0.08394604176282883,0.2706984877586365,0.0011248588562011719,0.9879889488220215,0.012011118233203888,0.8624158501625061,0.13758410513401031,0.0019743561279028654,0.9980260133743286,0.09555736184120178,0.9044423699378967,0.9457911849021912,0.05420885235071182,0.32479915022850037,0.6752009391784668,5.484560012817383,4.928153038024902,4.478181838989258,4.782261848449707,107.96526336669922
0KynSPlg3g8OdZq6irgMH2,0.009502670727670193,0.0016128600109368563,0.48947593569755554,0.0010991604067385197,0.017610494047403336,0.18113362789154053,0.09796041250228882,0.19972708821296692,0.0018778257071971893,0.999916136264801,8.387661364395171e-05,0.8800258636474609,0.11997392028570175,0.005284202750772238,0.9947159290313721,0.18973493576049805,0.8102648258209229,0.9779110550880432,0.022089045494794846,0.23569385707378387,0.7643060088157654,6.305416107177734,6.032534599304199,5.197592735290527,6.074288368225098,112.86116790771484
2F0XRoBVcgUcqOtSvhZ2dj,0.10344239324331284,0.01259341835975647,0.48780137300491333,0.007541407831013203,0.0320575088262558,0.03271111100912094,0.07642804831266403,0.1788305938243866,0.0685943067073822,0.9753799438476562,0.024619998410344124,0.7030646204948425,0.29693543910980225,0.03090953454375267,0.969090461730957,0.19618810713291168,0.80381178855896,0.7588685750961304,0.24113163352012634,0.3169372081756592,0.6830628514289856,6.144669055938721,5.071539878845215,4.973346710205078,6.051819801330566,124.03019714355469
7aiIY5CiuTP7htW4grQuaO,0.009583190083503723,0.003733403515070677,0.09920506924390793,0.002024754649028182,0.14773021638393402,0.11320247501134872,0.5417793989181519,0.08013179153203964,0.002609536051750183,0.9998635053634644,0.00013654354552272707,0.9372842907905579,0.06271570920944214,0.009763851761817932,0.9902364611625671,0.3441087305545807,0.655891478061676,0.866910457611084,0.13308937847614288,0.008930521085858345,0.991069495677948,6.451305389404297,6.287784576416016,5.115131855010986,6.073379993438721,109.94378662109375
1zjtfh71vSlbkd6MUt5hoy,0.04514704644680023,0.022740844637155533,0.3414797782897949,0.00018163073400501162,0.0007706108735874295,0.0072357081808149815,0.484889417886734,0.08678874373435974,0.010766260325908661,1.0,1.0162588548467966e-09,0.9027370810508728,0.0972629263997078,5.592335128312698e-06,0.999994695186615,0.6451533436775208,0.3548462688922882,0.9999765753746033,2.3587057512486354e-05,0.033742643892765045,0.9662571549415588,6.883474349975586,5.883098602294922,5.2979512214660645,6.872156620025635,131.0736846923828
08DeDU0qAaNSZ36YVCsBJW,0.019353574141860008,0.012762688100337982,0.2202826291322708,0.000653591938316822,0.010396432131528854,0.20086106657981873,0.5083063244819641,0.019040921702980995,0.008342614397406578,0.8929060697555542,0.1070939227938652,0.8153162002563477,0.18468375504016876,0.009390246123075485,0.9906100630760193,0.6207771897315979,0.379222571849823,0.9546401500701904,0.045359887182712555,0.29298272728919983,0.7070173025131226,6.102564811706543,6.092207908630371,5.400307655334473,5.9910969734191895,124.79816436767578
1loMHOGpWEgh1cFvpoSZf0,0.11302138864994049,0.006604205816984177,0.29706209897994995,0.0012725144624710083,0.07344935089349747,0.026439525187015533,0.4041929841041565,0.0510709248483181,0.02688693441450596,0.9640447497367859,0.03595511242747307,0.858810544013977,0.1411893367767334,0.0015233843587338924,0.9984767436981201,0.7714754343032837,0.22852423787117004,0.9042333960533142,0.09576642513275146,0.09243179857730865,0.907568097114563,6.492214679718018,5.4843878746032715,4.901453971862793,6.301839828491211,153.27015686035156
0rYwzyMn3sPOubTVrVDURJ,0.017989501357078552,0.00831226073205471,0.21557916700839996,0.00020013465837109834,0.01524702925235033,0.018261490389704704,0.6512868404388428,0.06324758380651474,0.009875871241092682,0.9999489188194275,5.1178150897612795e-05,0.9192238450050354,0.0807764008641243,4.557425563689321e-05,0.9999544620513916,0.26989051699638367,0.7301098704338074,0.9979952573776245,0.002004925161600113,0.0026971136685460806,0.9973028898239136,6.378829479217529,6.177049160003662,5.785465240478516,6.786493301391602,127.02583312988281
0Z3Y5cWOPaXIBI08KKDVTO,0.04833352193236351,0.009846308268606663,0.22519634664058685,0.0013680480187758803,0.012646710500121117,0.016642121598124504,0.6283470988273621,0.030896587297320366,0.026723263785243034,0.9549392461776733,0.04506075382232666,0.8614388704299927,0.13856112957000732,0.0006689712754450738,0.9993312358856201,0.5161795020103455,0.48382052779197693,0.9790571928024292,0.020943088456988335,0.03190610930323601,0.9680935740470886,6.5226874351501465,5.967733860015869,5.166776657104492,6.662990093231201,126.79715728759766
4tI7eIbEUfInHS3sxfqkkr,0.14627540111541748,0.007064367178827524,0.20200979709625244,0.0005141274305060506,0.004870543256402016,0.015616441145539284,0.568515419960022,0.030853860080242157,0.024279968813061714,0.976860761642456,0.023139309138059616,0.8629560470581055,0.1370437741279602,0.00012060484732501209,0.9998794794082642,0.8412342667579651,0.15876561403274536,0.9938769340515137,0.006123339291661978,0.07092896103858948,0.9290709495544434,6.571506500244141,6.175071716308594,5.671599388122559,6.645419120788574,126.82483673095703
3cJh89D0za2SW705fNBo3b,0.07179112732410431,0.0021769108716398478,0.8185847401618958,0.0003877108101733029,0.0025659268721938133,0.013081052340567112,0.029965724796056747,0.03614500164985657,0.025301771238446236,0.9986011385917664,0.0013989985454827547,0.5728927254676819,0.42710739374160767,0.00011328121763654053,0.9998869299888611,0.22575165331363678,0.7742483019828796,0.9900754690170288,0.009925000369548798,0.3578755855560303,0.6421244144439697,6.245119571685791,5.337281227111816,5.048271179199219,5.925703525543213,128.39564514160156
1hJN8hZvzEvOvqX32jSSrw,0.017229199409484863,0.007175859995186329,0.5588094592094421,0.0007955661276355386,0.012443219311535358,0.0021404356230050325,0.053774867206811905,0.2962731122970581,0.051358237862586975,0.9836815595626831,0.01631847396492958,0.8586981892585754,0.1413019746541977,3.12961419695057e-05,0.9999688267707825,0.4643653929233551,0.5356345772743225,0.9936524033546448,0.00634775822982192,0.14568352699279785,0.8543164134025574,7.958402633666992,4.222794532775879,2.9008872509002686,6.458052635192871,153.0669403076172
180AbZduI6bYQIzwCHRwu9,0.09572391957044601,0.005009777843952179,0.4919499456882477,0.0038028485141694546,0.012975695542991161,0.055476509034633636,0.28379783034324646,0.03614474833011627,0.015118740499019623,0.9726096987724304,0.02739052288234234,0.7599372267723083,0.24006277322769165,0.0932331532239914,0.9067671298980713,0.4899756908416748,0.5100243091583252,0.6865312457084656,0.3134686052799225,0.2424280047416687,0.7575719952583313,5.508019924163818,5.32786226272583,5.105085849761963,4.8997626304626465,114.99546813964844
5xA5MggKc3aQxuOzNzPUWB,0.653095543384552,0.0011617005802690983,0.09241591393947601,0.029412660747766495,0.008274334482848644,0.031051257625222206,0.09468032419681549,0.0010870533296838403,0.08882122486829758,0.9222042560577393,0.07779573649168015,0.7612857818603516,0.23871417343616486,0.4652980864048004,0.534701943397522,0.9305511713027954,0.0694488137960434,0.9196904301643372,0.08030962198972702,0.31802427768707275,0.6819757223129272,6.824361801147461,5.6104416847229,6.037685871124268,5.804758071899414,137.4658966064453
3iBgrkexCzVuPy4O9vx7Mf,0.20833724737167358,0.003181669395416975,0.1146039217710495,0.2349468618631363,0.011118386872112751,0.12062321603298187,0.2695607841014862,0.008923490531742573,0.0287044458091259,0.6796457767486572,0.3203544020652771,0.6557797789573669,0.34422022104263306,0.8545666933059692,0.14543336629867554,0.5082378387451172,0.4917621314525604,0.19019575417041779,0.8098040819168091,0.36673519015312195,0.6332647204399109,5.041543483734131,5.040553569793701,4.6758832931518555,4.504449367523193,76.09562683105469
0OpC8hRrbsh24taKOsQBEX,0.6844478845596313,0.00620734179392457,0.034683018922805786,0.026593172922730446,0.007339390926063061,0.040177300572395325,0.08886392414569855,0.017789972946047783,0.0938979759812355,0.7374320030212402,0.2625679075717926,0.2384227067232132,0.761577308177948,0.594541609287262,0.4054584503173828,0.8394032120704651,0.1605968326330185,0.5011866688728333,0.4988134503364563,0.08160395175218582,0.9183959364891052,5.559244632720947,4.674027919769287,4.929898262023926,5.389155387878418,129.91647338867188
1GClDyMiSLrpzjzwIfWRIa,0.3113517761230469,0.004867766052484512,0.1649167686700821,0.07976172119379044,0.00820142962038517,0.1271236538887024,0.12804804742336273,0.0047842669300735,0.17094460129737854,0.746225118637085,0.25377508997917175,0.7252949476242065,0.2747049331665039,0.5072997808456421,0.4927001893520355,0.6800796985626221,0.31992045044898987,0.5884720087051392,0.411528080701828,0.19618159532546997,0.8038187623023987,5.074946403503418,4.986196517944336,5.32747745513916,5.004182815551758,91.00108337402344
6F5mZpEEjhsAW8UEqbIpz1,0.51325923204422,0.0043825311586260796,0.07988143712282181,0.20468656718730927,0.009477347135543823,0.08009279519319534,0.05465523526072502,0.006996599026024342,0.04656835272908211,0.547195553779602,0.45280441641807556,0.6101846694946289,0.3898153603076935,0.7402090430259705,0.2597910165786743,0.43856528401374817,0.5614346861839294,0.17593519389629364,0.8240649700164795,0.37270939350128174,0.6272905468940735,4.491055965423584,4.683489799499512,4.834972381591797,4.381096363067627,139.9877166748047
7eJMfftS33KTjuF7lTsMCx,0.03198430314660072,0.01125464215874672,0.021421123296022415,0.15313835442066193,0.0090925432741642,0.05899140238761902,0.07843869179487228,0.5626609325408936,0.07301802188158035,0.7266048192977905,0.27339524030685425,0.5541967153549194,0.44580331444740295,0.32018187642097473,0.679818332195282,0.361310750246048,0.6386893391609192,0.3989345133304596,0.6010655164718628,0.028187423944473267,0.9718127250671387,4.945272922515869,5.092225074768066,4.564708709716797,4.600229263305664,144.01412963867188
41P6Tnd8KIHqON0QIydx6a,0.5859882831573486,0.004128077998757362,0.05373740941286087,0.045186642557382584,0.006781172938644886,0.07835589349269867,0.20653770864009857,0.003368120640516281,0.015916598960757256,0.937903642654419,0.06209626793861389,0.6975436210632324,0.30245664715766907,0.6273396015167236,0.37266021966934204,0.8821173906326294,0.11788247525691986,0.6136317253112793,0.38636812567710876,0.47888919711112976,0.5211107730865479,5.95477819442749,5.852546215057373,5.764108657836914,5.350445747375488,146.0240020751953
5sA3i6SGkILMiZW6Fhx4wv,0.5476599931716919,0.0027046280447393656,0.12674318253993988,0.12971144914627075,0.003250690409913659,0.041704971343278885,0.062482256442308426,0.003677611006423831,0.0820651575922966,0.7118808627128601,0.2881193161010742,0.599452555179596,0.40054750442504883,0.7769603729248047,0.22303971648216248,0.7944524884223938,0.20554758608341217,0.471897691488266,0.5281023383140564,0.3320177495479584,0.6679822206497192,5.324016094207764,4.827401161193848,4.935205459594727,4.743524551391602,132.04617309570312
5Aquk2RpKdwaMK7s6yFGLA,0.09901650249958038,0.12998902797698975,0.28129473328590393,0.0008378296624869108,0.01172571163624525,0.10391777753829956,0.16253387928009033,0.15042242407798767,0.060262199491262436,0.9998782873153687,0.00012170778791187331,0.6255971789360046,0.3744027018547058,0.002165809040889144,0.997834324836731,0.13925085961818695,0.8607492446899414,0.9941838979721069,0.005816283170133829,0.05857060104608536,0.9414293766021729,6.2396321296691895,5.969520568847656,5.684438705444336,6.32923698425293,128.05238342285156
4tAaEc21tmsapEjMnSz0Ie,0.0784529596567154,0.09193165600299835,0.5462465882301331,0.00014946812007110566,0.00978209637105465,0.013654513284564018,0.04672131687402725,0.20858675241470337,0.004474703222513199,0.9999874234199524,1.2631388926820364e-05,0.683558464050293,0.3164413571357727,1.0109503818966914e-05,0.9999902844429016,0.22465147078037262,0.775348424911499,0.9997769594192505,0.00022329635976348072,0.09238892048597336,0.907611072063446,6.15894889831543,5.8401336669921875,5.530590534210205,6.56254243850708,131.00460815429688
75rxVv0sO1NbAq3FOLRu24,0.06513724476099014,0.49458184838294983,0.17372064292430878,4.542912938632071e-05,0.004502169322222471,0.04352989420294762,0.131890669465065,0.0839330404996872,0.0026592540089040995,1.0,5.920407275539219e-09,0.6753830909729004,0.3246167004108429,9.59519366006134e-06,0.999990701675415,0.36555215716362,0.6344478130340576,0.9999638199806213,3.630535502452403e-05,0.24363215267658234,0.756368100643158,6.604725360870361,6.800780773162842,5.962443828582764,6.393756866455078,129.02377319335938
536rYtZCAq33yLmthsLTfE,0.04063459858298302,0.03959636762738228,0.7788552641868591,0.00018036113760899752,0.006291867233812809,0.012997549027204514,0.06679454445838928,0.03983866795897484,0.014810573309659958,0.9999672174453735,3.28329588228371e-05,0.8132933974266052,0.18670666217803955,1.6397851140936837e-05,0.9999836683273315,0.17493486404418945,0.8250651359558105,0.9993746280670166,0.0006255665211938322,0.25921177864074707,0.7407884001731873,5.9972639083862305,5.752679824829102,5.765773296356201,6.277882099151611,129.68531799316406
39JDdezxhax7XyjkRpM6Ds,0.013351449742913246,0.3330136835575104,0.34205150604248047,0.00020781924831680954,0.0020204216707497835,0.014815319329500198,0.19515202939510345,0.08845464885234833,0.010933078825473785,0.9999901652336121,9.779899301065598e-06,0.8124743103981018,0.1875259429216385,0.0017253232654184103,0.9982748627662659,0.12568707764148712,0.8743128180503845,0.9894812703132629,0.010518976487219334,0.0372462272644043,0.96275395154953,6.5005879402160645,6.546195030212402,6.602325916290283,6.619792461395264,126.97689819335938
2UdCQIDwFvGhslUYZH5tRR,0.024253450334072113,0.0466742217540741,0.6474648118019104,1.3693842447537463e-05,0.0016523494850844145,0.008614199236035347,0.013280150480568409,0.2567192614078522,0.001327725127339363,0.999997615814209,2.311310936420341e-06,0.8163856863975525,0.1836145967245102,0.00013790013326797634,0.999862015247345,0.11726531386375427,0.8827345967292786,0.999444842338562,0.0005552262300625443,0.25596070289611816,0.7440391182899475,6.221950531005859,5.584153652191162,5.684323787689209,6.3709397315979,126.78626251220703
3OBUo6PrzYAxkudyLNryFV,0.049791816622018814,0.09734645485877991,0.5153768062591553,0.0004742592864204198,0.0055957757867872715,0.05305851995944977,0.16617931425571442,0.05618506297469139,0.05599191039800644,0.9999998807907104,1.6957324078248348e-07,0.6951074600219727,0.30489253997802734,3.144191396131646e-06,0.9999972581863403,0.07940511405467987,0.9205947518348694,0.9999111294746399,8.919562969822437e-05,0.03235965594649315,0.9676403403282166,6.542956352233887,6.277163505554199,5.564510345458984,6.669406414031982,129.79075622558594
5Qizlw34GcAayL5dlXrCjq,0.08586961030960083,0.20603354275226593,0.08332409709692001,0.00031080300686880946,0.013154067099094391,0.11511509865522385,0.07399020344018936,0.41617026925086975,0.006032319739460945,0.9916344881057739,0.00836553331464529,0.6454841494560242,0.35451558232307434,0.0081813158467412,0.9918187856674194,0.3285156488418579,0.6714842319488525,0.9986425042152405,0.0013575124321505427,0.015483947470784187,0.9845159649848938,5.981714248657227,5.936299800872803,6.071532726287842,6.339633464813232,128.01040649414062
3YvkoTPtxXvcEfs3vcZQVl,0.14651207625865936,0.3933083415031433,0.14371363818645477,0.00022365362383425236,0.004278610460460186,0.26837775111198425,0.01727818325161934,0.021679235622286797,0.004628601484000683,0.9999430179595947,5.712297934223898e-05,0.7594138383865356,0.24058598279953003,2.1078511053929105e-05,0.9999793171882629,0.41030293703079224,0.5896971225738525,0.9999824166297913,1.804364364943467e-05,0.6044868230819702,0.3955131471157074,6.494958877563477,6.57401704788208,6.487427234649658,6.206881523132324,127.00820922851562
09fLcyru2xKfVPpN01dL0C,0.013258072547614574,0.26545557379722595,0.31762805581092834,2.148990643036086e-05,0.004281136207282543,0.09757352620363235,0.2034490406513214,0.05115876719355583,0.047174349427223206,1.0,8.107710613991514e-10,0.6116617321968079,0.38833820819854736,3.844974472144713e-08,1.0,0.04771770164370537,0.9522824287414551,0.9999983906745911,1.7564159406902036e-06,0.05089770257472992,0.9491023421287537,6.245469093322754,6.757188320159912,5.640620231628418,5.89103364944458,126.98210906982422
6j9hfHxpXEaYzFwcSK4MhH,0.04327072203159332,0.019752858206629753,0.7472389340400696,0.0005823441315442324,0.000282485008938238,0.031070537865161896,0.02687503956258297,0.10055910795927048,0.030367864295840263,0.9999268651008606,7.314687536563724e-05,0.75297611951828,0.24702374637126923,0.005652057006955147,0.9943479895591736,0.24453844130039215,0.7554613351821899,0.9897933602333069,0.010206451639533043,0.7110427618026733,0.28895750641822815,5.456755638122559,5.316036224365234,5.798819541931152,5.377338886260986,120.93338775634766
58ney0bG2Vwecj8QzNGRkV,0.034025177359580994,0.0025140477810055017,0.8545594811439514,0.001378190703690052,0.0007055953028611839,0.08336012810468674,0.005789451766759157,0.008575272746384144,0.009092552587389946,0.8399664759635925,0.16003383696079254,0.7197225093841553,0.28027740120887756,0.01916692405939102,0.980833113193512,0.008198223076760769,0.9918016195297241,0.9395102262496948,0.060489799827337265,0.9467388391494751,0.05326110124588013,5.083548069000244,4.681539058685303,5.154115676879883,4.563838481903076,123.53014373779297
1MvLmHeLkaNgUScgbUVnWJ,0.08308350294828415,0.0024008830077946186,0.7201598286628723,0.009334134869277477,0.00500695314258337,0.10721881687641144,0.05153658986091614,0.002835136139765382,0.018424170091748238,0.8164454102516174,0.1835547238588333,0.7888825535774231,0.2111174762248993,0.33151715993881226,0.6684829592704773,0.24391135573387146,0.7560887336730957,0.7133959531784058,0.286604106426239,0.6319608688354492,0.3680391013622284,5.013455867767334,4.665679454803467,4.894225597381592,4.4253153800964355,122.11886596679688
4oWDaJpusSH1lqIQQkEHsS,0.034889545291662216,0.000996074522845447,0.906752347946167,0.012350719422101974,0.00017592513177078217,0.008425390347838402,0.009313449263572693,0.00022592124878428876,0.026870761066675186,0.9348122477531433,0.06518767029047012,0.7127637267112732,0.28723636269569397,0.07323790341615677,0.9267621040344238,0.039118409156799316,0.9608815908432007,0.9083404541015625,0.0916595384478569,0.8515891432762146,0.14841121435165405,4.675671577453613,4.2763872146606445,5.34710168838501,4.719290256500244,121.92449188232422
0K5k3iEb2POh3xjhb536NG,0.004559647757560015,0.00023871735902503133,0.8965928554534912,0.00013339419092517346,0.0010875738225877285,0.004332178272306919,0.0732840746641159,0.017882293090224266,0.0018892345251515508,0.9984971880912781,0.0015032707015052438,0.8595779538154602,0.14042213559150696,0.01649036444723606,0.9835097789764404,0.1867172122001648,0.8132827281951904,0.9904446005821228,0.00955564621835947,0.7618221044540405,0.2381778508424759,5.776730537414551,4.959990978240967,4.898327350616455,5.022690296173096,133.91326904296875
4F6dlpCLyi8jWWFEjdxCQ0,0.0006322370609268546,0.0007115511689335108,0.9575629830360413,1.4963161447667517e-05,0.0002790962753351778,0.008059989660978317,0.0304416436702013,0.0011835069162771106,0.0011140251299366355,0.9999972581863403,3.1848601338424487e-06,0.8450000882148743,0.15499985218048096,2.1474627374118427e-06,0.9999980926513672,0.01107431948184967,0.988925576210022,0.9997050166130066,0.0002951260539703071,0.6960364580154419,0.30396369099617004,5.613463401794434,5.21973180770874,5.699596881866455,5.217718124389648,121.01065063476562
4XdQO9wxIeIy7eM65A5kk8,0.023177210241556168,0.002393515082076192,0.846763551235199,0.0025455437134951353,0.0025917047169059515,0.038719844073057175,0.0405857190489769,0.02693772502243519,0.01628519967198372,0.9548527598381042,0.045147255063056946,0.7192337512969971,0.28076639771461487,0.10301780700683594,0.8969822525978088,0.07031017541885376,0.9296897053718567,0.8712809085845947,0.12871906161308289,0.713273286819458,0.28672677278518677,4.8983845710754395,5.03404426574707,4.976648330688477,4.492351055145264,123.88761138916016
6QcU4iwfLjjsrW7zsqyc1D,0.003775306511670351,5.275243893265724e-05,0.9951518177986145,4.339357317917347e-08,2.7109569700201064e-08,5.836061973241158e-05,0.00017930904868990183,0.00024863501312211156,0.0005335489404387772,0.9999994039535522,7.349706265813438e-07,0.7993711829185486,0.20062875747680664,2.8591021106194603e-08,1.0,0.002830274635925889,0.9971696138381958,0.9999991059303284,9.709763162391027e-07,0.8831107020378113,0.11688928306102753,5.70999002456665,5.148956775665283,5.54815673828125,5.672125816345215,121.98513793945312
1uw7zptD4uClo6XsS8dQWY,0.01436574850231409,0.0014001760864630342,0.5570470094680786,0.0008464061538688838,0.0013164927950128913,0.0451107919216156,0.3131539523601532,0.06331801414489746,0.0034413000103086233,0.9390965700149536,0.06090356037020683,0.8253835439682007,0.17461630702018738,0.01991214230656624,0.98008793592453,0.2045993059873581,0.795400857925415,0.8347947001457214,0.16520561277866364,0.3119146525859833,0.6880854368209839,4.991955757141113,5.112739086151123,4.642891883850098,4.4453229904174805,123.97763061523438
1a3u6JpaSEndtkzDyUFOqC,0.013681817799806595,0.14283713698387146,0.3457106947898865,7.973331230459735e-05,0.00807944405823946,0.09770870208740234,0.3020883798599243,0.04812633618712425,0.0416877306997776,0.9997417330741882,0.0002582618035376072,0.8995441198348999,0.10045561194419861,0.0007568785222247243,0.9992431998252869,0.2760947048664093,0.7239051461219788,0.9891664981842041,0.010833540000021458,0.19561243057250977,0.8043874502182007,5.9286346435546875,6.071399211883545,5.824653148651123,5.991556167602539,127.8909683227539
3xkHsmpQCBMytMJNiDf3Ii,0.20615018904209137,0.0762864500284195,0.05345121771097183,0.11577702313661575,0.04613317921757698,0.09725518524646759,0.15464574098587036,0.037896543741226196,0.21240438520908356,0.6331288814544678,0.36687105894088745,0.48677366971969604,0.513226330280304,0.5666738748550415,0.4333261549472809,0.5002223253250122,0.49977773427963257,0.30573272705078125,0.6942672729492188,0.04062813147902489,0.9593718647956848,5.08228874206543,4.7008748054504395,4.218552589416504,4.944321632385254,104.93863677978516
523f4oSjrZx83XDtRLnsIw,0.13093341886997223,0.016230899840593338,0.13009510934352875,0.20007936656475067,0.045958466827869415,0.09901570528745651,0.24637256562709808,0.02787998877465725,0.10343442112207413,0.5930363535881042,0.40696361660957336,0.5002744197845459,0.49972549080848694,0.5873528718948364,0.41264742612838745,0.36251017451286316,0.6374896764755249,0.26549267768859863,0.7345073223114014,0.06989317387342453,0.9301068782806396,4.935975074768066,4.812515735626221,4.515237808227539,4.759243011474609,101.83995056152344
3h76tbaYIamSeJL81X7ZwI,0.3004140257835388,0.02234887331724167,0.1264914572238922,0.036020226776599884,0.044103946536779404,0.06470669060945511,0.3185569941997528,0.03987213224172592,0.0474855974316597,0.8362881541252136,0.1637118011713028,0.738869309425354,0.2611307203769684,0.22491639852523804,0.7750835418701172,0.600166380405426,0.39983367919921875,0.6231253743171692,0.37687453627586365,0.07338089495897293,0.9266191720962524,5.94304895401001,5.181410312652588,4.739905834197998,5.252526760101318,108.0256118774414
6HuHyXviAdpmnQu73JHfBz,0.16230086982250214,0.02145756594836712,0.13964185118675232,0.1587071716785431,0.08354540914297104,0.09543931484222412,0.19399312138557434,0.05205274373292923,0.09286196529865265,0.6594371199607849,0.340563029050827,0.5793448090553284,0.4206552505493164,0.4835629463195801,0.5164370536804199,0.20467886328697205,0.795320987701416,0.13056930899620056,0.8694307804107666,0.08764553815126419,0.9123545289039612,4.728216171264648,4.641254901885986,4.359034061431885,4.262467384338379,116.4692611694336
315aBOUD3xtj7sUMXtRgMV,0.1847066730260849,0.03272335231304169,0.12596358358860016,0.08704344183206558,0.0729990154504776,0.14864009618759155,0.16690611839294434,0.05405152216553688,0.12696623802185059,0.7330759167671204,0.2669239938259125,0.4800339937210083,0.5199660062789917,0.5096889138221741,0.4903112053871155,0.4579164385795593,0.5420836210250854,0.19674715399742126,0.8032526969909668,0.0588475801050663,0.9411524534225464,4.830743789672852,4.617767810821533,4.395163536071777,4.764464855194092,154.48880004882812
33vZRjxJScapmRShRJq8I0,0.05354771018028259,0.01635410636663437,0.13344629108905792,0.07391806691884995,0.06198778748512268,0.1271132379770279,0.33620208501815796,0.15023331344127655,0.04719725251197815,0.7736051082611084,0.226394921541214,0.6372418999671936,0.3627581298351288,0.3229352831840515,0.6770647168159485,0.3477746844291687,0.6522251963615417,0.22064167261123657,0.7793583273887634,0.08373028039932251,0.9162697196006775,4.98907995223999,4.978385925292969,4.707448482513428,4.480656147003174,96.01094818115234
1QxxBUAx42J8pIFYJJR880,0.21415795385837555,0.03812894597649574,0.041466761380434036,0.21813206374645233,0.034425120800733566,0.06789714097976685,0.14858032763004303,0.009577727876603603,0.2276340276002884,0.5424405336380005,0.45755940675735474,0.3352274000644684,0.6647726893424988,0.5844354629516602,0.41556447744369507,0.6048986315727234,0.3951013684272766,0.39332476258277893,0.6066751480102539,0.06752485036849976,0.9324751496315002,5.198365211486816,5.234318733215332,4.739002227783203,5.184658527374268,122.6919174194336
51eSHglvG1RJXtL3qI5trr,0.15290017426013947,0.011290599592030048,0.1263769418001175,0.09645729511976242,0.038814593106508255,0.06394752115011215,0.2884657084941864,0.14429379999637604,0.07745346426963806,0.7889779210090637,0.21102221310138702,0.6235668063163757,0.3764331638813019,0.35747596621513367,0.6425239443778992,0.6246541738510132,0.37534552812576294,0.45073169469833374,0.5492682456970215,0.041221026331186295,0.9587787389755249,5.522061824798584,5.582948684692383,5.0192718505859375,5.267166614532471,90.95829010009766
5ZzaQW3InamKZ0KdJVQ1GO,0.0603066086769104,0.011920539662241936,0.21251355111598969,0.0027493531815707684,0.05911070480942726,0.011577213183045387,0.2227191925048828,0.40653887391090393,0.012563981115818024,0.9782674312591553,0.021732589229941368,0.7396337985992432,0.260366290807724,0.01930828206241131,0.9806917905807495,0.4482743442058563,0.5517256855964661,0.7522148489952087,0.2477853000164032,0.0494450144469738,0.9505547881126404,6.155930519104004,5.241841793060303,4.8038530349731445,5.558378219604492,85.01549530029297
3PsHulD1zewglcTPcEPnlk,0.12886743247509003,0.03015749156475067,0.0523776076734066,0.2275465577840805,0.07098400592803955,0.12150785326957703,0.2100144326686859,0.018741067498922348,0.13980358839035034,0.4665854275226593,0.5334145426750183,0.47768789529800415,0.5223121643066406,0.6343004703521729,0.36569949984550476,0.2964435815811157,0.7035563588142395,0.1600622832775116,0.8399379253387451,0.01857384666800499,0.9814260601997375,4.651569366455078,4.575988292694092,4.063218116760254,4.457569599151611,81.93317413330078
4nqZIOgiliWDxEhOResTub,0.17096728086471558,0.0025481709744781256,0.4712080955505371,0.07558926939964294,0.0031777650583535433,0.1527974158525467,0.08803050220012665,0.016431039199233055,0.019250454381108284,0.668996274471283,0.33100366592407227,0.571607768535614,0.4283922612667084,0.5610673427581787,0.4389325678348541,0.13347388803958893,0.8665260076522827,0.4288325309753418,0.5711674690246582,0.6772356629371643,0.32276439666748047,4.398771286010742,4.179638385772705,4.154289722442627,3.9046127796173096,86.58344268798828
0WH39BFVGotzXe3torfzvK,0.2735995054244995,0.03445611149072647,0.14435331523418427,0.12944883108139038,0.011720692738890648,0.24006818234920502,0.08518651127815247,0.008783115074038506,0.072383813560009,0.38071349263191223,0.6192864179611206,0.6819323897361755,0.31806743144989014,0.8848924040794373,0.11510762572288513,0.3115336298942566,0.688466489315033,0.29526078701019287,0.7047393918037415,0.43351760506629944,0.5664822459220886,4.453736305236816,4.2332658767700195,4.488796234130859,4.172796726226807,140.0753631591797
5oBcWBVBoGlTacocqeNjkc,0.20144230127334595,0.008736515417695045,0.29969117045402527,0.10167884081602097,0.01938137225806713,0.14539997279644012,0.16727150976657867,0.01520582102239132,0.0411924310028553,0.6041318774223328,0.3958681523799896,0.6930533647537231,0.30694666504859924,0.7360538244247437,0.2639460563659668,0.28163784742355347,0.7183620929718018,0.23164904117584229,0.7683509588241577,0.4438985288143158,0.5561014413833618,4.407793998718262,4.040773391723633,4.203977108001709,3.951934814453125,118.01105499267578
346SJSEbB6pNZMpwovxDiu,0.028688505291938782,0.0011906486470252275,0.19188371300697327,0.01263017114251852,0.004439149983227253,0.18434785306453705,0.12327547371387482,0.4488450586795807,0.004699569195508957,0.9370832443237305,0.06291669607162476,0.4009019434452057,0.5990980863571167,0.17008595168590546,0.8299137949943542,0.09074144065380096,0.9092585444450378,0.19748461246490479,0.8025155067443848,0.1954391598701477,0.8045608401298523,4.793490886688232,4.512588977813721,4.526983737945557,4.017361164093018,142.90621948242188
7gyV3wYtZoJIrSdzNLjYvj,0.14637286961078644,0.004152910318225622,0.22679519653320312,0.28119081258773804,0.002327527152374387,0.13425569236278534,0.15186919271945953,0.0025153004098683596,0.05052053555846214,0.20338989794254303,0.7966099977493286,0.552970290184021,0.44702962040901184,0.7101767659187317,0.28982338309288025,0.030443904921412468,0.9695559740066528,0.23191538453102112,0.7680844068527222,0.3688293397426605,0.6311706304550171,3.9627933502197266,3.568603992462158,4.064260959625244,3.3701891899108887,100.03863525390625
6SF8YKvzCFxHuT9MzNzQPf,0.18149325251579285,0.014833143912255764,0.6438269019126892,0.009045780636370182,0.00825884286314249,0.0251187514513731,0.07591904699802399,0.015379002317786217,0.026125267148017883,0.9253345727920532,0.07466539740562439,0.8010898232460022,0.19891014695167542,0.11759161204099655,0.8824084997177124,0.7148410081863403,0.2851589322090149,0.8419394493103027,0.1580604761838913,0.6411411762237549,0.35885876417160034,5.772917747497559,4.6577324867248535,4.639531135559082,4.765073776245117,150.1687774658203
5zr8I8ojNEamAg5q4XbxxU,0.516518771648407,0.004961548373103142,0.2399391233921051,0.034546539187431335,0.0018771493341773748,0.02698679268360138,0.05021780729293823,0.0040661850944161415,0.12088603526353836,0.7107642889022827,0.2892358601093292,0.6299872994422913,0.3700127899646759,0.477577805519104,0.522422194480896,0.6410985589027405,0.35890132188796997,0.6984345316886902,0.3015654683113098,0.5236268639564514,0.4763731062412262,5.3916544914245605,4.817233085632324,4.783278465270996,5.052668571472168,122.96310424804688
4TpsQWUmkbupdxGUIvxw0O,0.06577403843402863,0.015585016459226608,0.019822338595986366,0.1607382446527481,0.01166056003421545,0.577637791633606,0.13443763554096222,0.003942821640521288,0.010401505045592785,0.30169177055358887,0.6983082294464111,0.6954970955848694,0.30450281500816345,0.9846175312995911,0.015382407233119011,0.1173616349697113,0.8826387524604797,0.017392141744494438,0.9826077818870544,0.2766907811164856,0.7233091592788696,4.0986738204956055,3.601386308670044,4.1595306396484375,3.204791307449341,144.6746826171875
1tB6SUQaXIUU4CprvNPwsT,0.5462309122085571,0.002010676311329007,0.16173718869686127,0.16993315517902374,0.0021212634164839983,0.0493200458586216,0.027677513659000397,0.010842378251254559,0.030126847326755524,0.5347651243209839,0.4652349352836609,0.5515561103820801,0.44844380021095276,0.8247031569480896,0.1752971112728119,0.23804263770580292,0.7619572877883911,0.25342848896980286,0.7465717792510986,0.8292976021766663,0.17070257663726807,3.9997971057891846,4.433879852294922,4.606644153594971,3.762415885925293,118.15145874023438
1BAiFIrzp1umGBo8H2WEfy,0.15671299397945404,0.008382861502468586,0.14658954739570618,0.10357420891523361,0.035123150795698166,0.2413191944360733,0.2726859152317047,0.012624291703104973,0.022987795993685722,0.6720949411392212,0.32790496945381165,0.7364901900291443,0.2635098993778229,0.9017072916030884,0.09829246252775192,0.6178709268569946,0.38212913274765015,0.2753342390060425,0.7246658802032471,0.2360834777355194,0.7639167308807373,4.66383171081543,4.3564677238464355,4.406909465789795,4.0852861404418945,95.91822814941406
26TX1oZbaDeKxfTYDclSAo,0.0038404108490794897,0.0049727498553693295,0.13987573981285095,0.0006307446747086942,0.021627318114042282,0.007065578829497099,0.03228438273072243,0.7830415368080139,0.006661540362983942,0.9740398526191711,0.025960203260183334,0.5634491443634033,0.43655094504356384,0.003456491744145751,0.9965435862541199,0.40058985352516174,0.5994101166725159,0.9012839198112488,0.09871597588062286,0.07348784804344177,0.9265121221542358,5.4258198738098145,5.163221836090088,4.433294773101807,5.543565273284912,115.00348663330078
7hrFCoyWwKep7qp1lP4oga,0.017534850165247917,0.034772466868162155,0.08341840654611588,0.01786094345152378,0.021809212863445282,0.033972546458244324,0.015372166410088539,0.6897391676902771,0.08552006632089615,0.7353836297988892,0.2646164298057556,0.26303574442863464,0.7369642853736877,0.0015804755967110395,0.9984195828437805,0.28681114315986633,0.7131887674331665,0.8618975877761841,0.13810241222381592,0.09945543855428696,0.9005446434020996,5.083476543426514,5.234125137329102,4.575472354888916,5.585724353790283,122.06338500976562
1AKXrejQiFURJnr9UKIjDb,0.06424123793840408,0.026256728917360306,0.04915998876094818,0.057306431233882904,0.01257623266428709,0.047091882675886154,0.05766373872756958,0.6161523461341858,0.06955146044492722,0.7350430488586426,0.2649569511413574,0.4291495084762573,0.5708505511283875,0.20752552151679993,0.7924744486808777,0.563423216342926,0.4365769326686859,0.560019314289093,0.43998077511787415,0.05197638273239136,0.9480236768722534,4.427797317504883,4.929329872131348,4.128281593322754,5.21784782409668,123.73485565185547
7qt0XTMXLCszM1p5jcZhej,0.11490345001220703,0.017555758357048035,0.050863128155469894,0.08631443232297897,0.006010847631841898,0.02849552594125271,0.11810851097106934,0.5014790296554565,0.07626935839653015,0.7126286625862122,0.2873714566230774,0.44239842891693115,0.5576015114784241,0.37459447979927063,0.6254056096076965,0.7437779307365417,0.25622203946113586,0.6246885657310486,0.3753114640712738,0.007288693450391293,0.9927113652229309,4.907319068908691,5.102138996124268,4.489320278167725,5.563671112060547,135.86306762695312
6vOeokRJNZjouabFGDLH1C,0.027106937021017075,0.030540280044078827,0.055629514157772064,0.010829219594597816,0.03432459011673927,0.06060202792286873,0.010928856208920479,0.6890357732772827,0.08100283145904541,0.7369670867919922,0.2630329430103302,0.2521452307701111,0.7478549480438232,0.025807786732912064,0.9741923809051514,0.6094617247581482,0.3905385136604309,0.732009768486023,0.2679901123046875,0.08121910691261292,0.9187809228897095,4.712104797363281,5.139323711395264,4.307532787322998,5.565040111541748,122.13424682617188
4QTlxavdQGUVitxAvQqqkU,0.027804790064692497,0.005392993800342083,0.055076684802770615,8.713618444744498e-05,0.003087579505518079,0.008331645280122757,0.0014540002448484302,0.8974247574806213,0.0013402702752500772,0.9983859658241272,0.001614117412827909,0.3419969379901886,0.6580029726028442,0.0018712652381509542,0.9981289505958557,0.516107976436615,0.4838922917842865,0.9662095308303833,0.03379066661000252,0.03496556356549263,0.9650343060493469,4.772019386291504,5.556746482849121,5.0107879638671875,5.912781238555908,126.0007553100586
4Yicqjumhd4OdKGTu7zNGn,0.018184015527367592,0.017646534368395805,0.17848896980285645,0.003476774087175727,0.010103626176714897,0.03619593381881714,0.008577636443078518,0.7089847922325134,0.018341701477766037,0.8959919810295105,0.10400823503732681,0.5686885118484497,0.4313114881515503,0.009312174282968044,0.9906878471374512,0.2455424964427948,0.7544577121734619,0.8709418177604675,0.12905818223953247,0.14591720700263977,0.8540827035903931,5.083014965057373,5.21906042098999,4.671572685241699,4.9889349937438965,119.87643432617188
3ScMs95OaNlkrZuRe7gyYa,0.014664310030639172,0.006472587585449219,0.004165781196206808,0.001471497816964984,0.0029667906928807497,0.002487654099240899,0.0032843986991792917,0.9500327110290527,0.014454282820224762,0.9634484052658081,0.03655179589986801,0.43206021189689636,0.5679396390914917,0.08210466057062149,0.9178954362869263,0.6076247692108154,0.3923753798007965,0.9507500529289246,0.04925023764371872,0.004384065046906471,0.9956160187721252,5.491095066070557,5.128500938415527,3.998368740081787,6.258446216583252,144.84507751464844
7j7ud2oFTJ8BjmeI8bjkQm,0.025445224717259407,0.004181471187621355,0.10029290616512299,0.005546644330024719,0.003152637742459774,0.024175910279154778,0.006926407106220722,0.812397301197052,0.017881574109196663,0.9446215033531189,0.05537865683436394,0.34446030855178833,0.6555398106575012,0.03000446781516075,0.9699956178665161,0.3937755525112152,0.6062244772911072,0.9118273854255676,0.08817251026630402,0.14112378656864166,0.8588764071464539,5.270247936248779,4.941892147064209,4.466419219970703,5.763391971588135,144.87094116210938
3neOwym9kfYsM1QWaR77C1,0.006029147654771805,0.0076476153917610645,0.026630794629454613,0.006259535439312458,0.013734576292335987,0.04367513209581375,0.02150101214647293,0.8444746136665344,0.030047813430428505,0.9287487268447876,0.07125116884708405,0.19251376390457153,0.8074862360954285,0.007025027181953192,0.9929748177528381,0.22489535808563232,0.7751044631004333,0.9019169211387634,0.09808306396007538,0.019392067566514015,0.9806079864501953,5.504210948944092,5.680360794067383,4.857660293579102,5.962993144989014,131.05245971679688
2RaGRh57p4OtzpXtr65Nws,0.7111473679542542,0.0005068656173534691,0.13626329600811005,0.0028158032801002264,0.0008928080787882209,0.005153127014636993,0.019317448139190674,0.0010685157030820847,0.12283464521169662,0.9244868159294128,0.07551321387290955,0.5055078864097595,0.4944920837879181,0.12336978316307068,0.8766301870346069,0.8274685144424438,0.17253126204013824,0.9197132587432861,0.0802866667509079,0.43703556060791016,0.5629646182060242,6.81001091003418,5.171804428100586,5.594806671142578,5.596622943878174,120.41053771972656
49gCJ57oOsLDqnP7r57A2g,0.256276935338974,0.006567603908479214,0.5727031826972961,0.0006350400508381426,0.0017736601876094937,0.06767788529396057,0.05518755689263344,0.026660285890102386,0.012517973780632019,0.9827522039413452,0.01724788174033165,0.621211588382721,0.3787883222103119,0.07081888616085052,0.9291810989379883,0.6792512536048889,0.32074877619743347,0.934770405292511,0.0652293711900711,0.7414975762367249,0.2585025727748871,4.980906963348389,5.243889808654785,5.0776238441467285,4.668610572814941,113.7556381225586
2mweWXUplavtY2YCANfmwO,0.33008840680122375,0.00271091447211802,0.40329116582870483,0.009708845056593418,0.004094329196959734,0.0647563636302948,0.13502077758312225,0.005668932572007179,0.04466031864285469,0.954509437084198,0.045490458607673645,0.737855851650238,0.26214420795440674,0.184413343667984,0.8155867457389832,0.730495035648346,0.26950496435165405,0.8777934908866882,0.12220647186040878,0.652811586856842,0.34718841314315796,5.909910202026367,5.530730247497559,5.310205459594727,5.181248188018799,166.0661163330078
7u1o2EXdRmfMHIAEnvshZo,0.55954509973526,0.0016504956874996424,0.234833762049675,0.004267312586307526,0.007573159411549568,0.05485273152589798,0.022547848522663116,0.0019891017582267523,0.11274068802595139,0.7175062298774719,0.28249391913414,0.5908421277999878,0.40915781259536743,0.29311108589172363,0.7068889737129211,0.6462697982788086,0.35373011231422424,0.7957565784454346,0.20424334704875946,0.5018133521080017,0.4981866776943207,4.828129768371582,5.290318012237549,5.019383907318115,4.636854648590088,151.75979614257812
14E52ObKfWYZNWJRXcU3mu,0.1590951681137085,0.015444517135620117,0.022378014400601387,0.1800680011510849,0.008458946831524372,0.5278487801551819,0.04363023489713669,0.006435439921915531,0.03664082661271095,0.16608090698719025,0.8339191675186157,0.6057422757148743,0.39425787329673767,0.9566890001296997,0.043311141431331635,0.061548132449388504,0.9384520649909973,0.022576957941055298,0.9774230122566223,0.588160514831543,0.41183945536613464,3.664334297180176,3.8909828662872314,4.272655487060547,3.2941575050354004,140.2921905517578
6lvJDlBrtabJWiBlMTGxKs,0.28316327929496765,0.014530097134411335,0.08199615776538849,0.07501399517059326,0.007509090472012758,0.41242897510528564,0.06631440669298172,0.008292367681860924,0.05075158551335335,0.43892571330070496,0.5610742568969727,0.5065968036651611,0.4934031069278717,0.8033131957054138,0.19668690860271454,0.2878887355327606,0.7121111750602722,0.2958850860595703,0.7041151523590088,0.8232682943344116,0.176731675863266,4.400914192199707,4.306364059448242,4.589205741882324,4.187849044799805,142.00633239746094
3Z5I3tySu3V1dB2Aw3djok,0.1284000426530838,0.016556236892938614,0.027266178280115128,0.1316201239824295,0.004740437492728233,0.5583539009094238,0.10939823091030121,0.002964957384392619,0.020699964836239815,0.16673673689365387,0.8332632780075073,0.7943178415298462,0.20568200945854187,0.9449890851974487,0.05501088500022888,0.03317459300160408,0.9668253660202026,0.04131848365068436,0.958681583404541,0.30969753861427307,0.6903024315834045,4.195982933044434,3.7698733806610107,4.4512834548950195,3.4926891326904297,115.59883880615234
4rz3AwWL2wbJoye11pbULz,0.22475554049015045,0.014161857776343822,0.20839543640613556,0.025756394490599632,0.006787650752812624,0.22201713919639587,0.21893715858459473,0.023864975199103355,0.05532384291291237,0.9548647999763489,0.04513513296842575,0.5685334205627441,0.43146660923957825,0.0828266441822052,0.9171730875968933,0.6837618350982666,0.3162381052970886,0.819284975528717,0.18071512877941132,0.3821294903755188,0.6178705096244812,5.452547550201416,5.75688362121582,5.523220062255859,5.211798667907715,120.57462310791016
0tm9m5pv01Toj3nt3LESdZ,0.5372532606124878,0.0030072161462157965,0.12463860213756561,0.013722083531320095,0.00995897501707077,0.1848253756761551,0.08599739521741867,0.002514705527573824,0.038082387298345566,0.9076181054115295,0.09238200634717941,0.6296263337135315,0.3703736364841461,0.480048805475235,0.5199512243270874,0.8202856183052063,0.1797146052122116,0.6226365566253662,0.3773634433746338,0.5863808989524841,0.4136189818382263,5.1500139236450195,5.293768882751465,5.013514518737793,5.020716190338135,144.10426330566406
6lDkK9SaKn11NR439ryM3j,0.6591297388076782,0.0008100422564893961,0.1429591178894043,0.007896575145423412,0.0009585488587617874,0.037346575409173965,0.1092144176363945,0.0046251509338617325,0.03706000745296478,0.9885100722312927,0.011489823460578918,0.49910908937454224,0.500890851020813,0.5980459451675415,0.40195396542549133,0.8803421258926392,0.11965779215097427,0.9389339685440063,0.061066046357154846,0.5752184987068176,0.4247814416885376,6.021218776702881,5.783934116363525,5.4501848220825195,5.08175802230835,144.97909545898438
6z6O6yB02JBruCmuDLL81i,0.2716982662677765,0.023350175470113754,0.24672991037368774,0.0030958440620452166,0.011443466879427433,0.007823126390576363,0.06428641825914383,0.22837339341640472,0.14319930970668793,0.9277539253234863,0.07224588841199875,0.38931021094322205,0.6106895804405212,0.010370240546762943,0.989629864692688,0.7141959071159363,0.2858039140701294,0.9596795439720154,0.040320780128240585,0.08574534207582474,0.9142546653747559,6.535998821258545,4.5231757164001465,3.977912187576294,6.230772018432617,110.66226959228516
6ubLkNovtzOSFKvG9e02pE,0.08137425035238266,0.012761889025568962,0.40530264377593994,0.0038641414139419794,0.020877521485090256,0.007039294112473726,0.11709143221378326,0.24330563843250275,0.10838322341442108,0.929572343826294,0.07042776793241501,0.6680159568786621,0.33198410272598267,0.009061526507139206,0.990938663482666,0.713743269443512,0.28625690937042236,0.9532238245010376,0.04677623137831688,0.0662776380777359,0.9337224364280701,6.752317905426025,4.704972267150879,4.332605838775635,6.325672149658203,110.57279968261719
5hxtsRWVxj1wrAgkJEpvrq,0.04912186041474342,0.0049277967773377895,0.36839720606803894,0.003220978891476989,0.005777439568191767,0.0038971109315752983,0.037229347974061966,0.3644583523273468,0.16297002136707306,0.9611953496932983,0.038804538547992706,0.20088110864162445,0.7991190552711487,0.0016105733811855316,0.998389482498169,0.5197333097457886,0.48026663064956665,0.9825762510299683,0.0174235962331295,0.07388290762901306,0.9261173605918884,6.041877746582031,5.388867378234863,4.331302165985107,6.036581039428711,141.01983642578125
13xbNrjrXVkG55Odhf1KY1,0.13026070594787598,0.013915170915424824,0.2801036238670349,0.00404755724593997,0.00549957063049078,0.01706262305378914,0.04376021400094032,0.32119351625442505,0.18415698409080505,0.9356663823127747,0.06433351337909698,0.26969921588897705,0.7303008437156677,0.023388253524899483,0.976611852645874,0.39690202474594116,0.6030979156494141,0.965793788433075,0.03420616686344147,0.13908454775810242,0.8609154224395752,6.888128280639648,4.545897006988525,3.8824925422668457,6.686417579650879,150.74867248535156
0qu6cJbPDnwaWZSPqQbuId,0.1359604150056839,0.022891737520694733,0.2956429421901703,0.03777330741286278,0.010027345269918442,0.02138017676770687,0.07384106516838074,0.16368873417377472,0.23879431188106537,0.7371740341186523,0.26282596588134766,0.32700255513191223,0.6729973554611206,0.14629696309566498,0.8537033200263977,0.5562108755111694,0.44378921389579773,0.7332078218460083,0.2667922079563141,0.238596111536026,0.7614039182662964,6.082597255706787,4.965559482574463,4.9491472244262695,5.978514194488525,95.20272064208984
4Xjs3lwUmT32IuYi9KoGRw,0.03383740410208702,0.001714178710244596,0.07839922606945038,0.15423627197742462,0.0027954464312642813,0.006235853768885136,0.01031228993088007,0.18601371347904205,0.5264558792114258,0.771806538105011,0.2281934767961502,0.05463188514113426,0.9453678131103516,0.23152568936347961,0.7684742212295532,0.2930120527744293,0.7069880366325378,0.7449491620063782,0.25505077838897705,0.050793103873729706,0.9492068886756897,6.01294469833374,4.5372538566589355,3.056661605834961,5.561111927032471,178.20558166503906
2lWF9ufR8vOOXUwDslbKkQ,0.009193895384669304,0.0003804972511716187,0.3037358224391937,7.018035830697045e-05,0.00021983830083627254,0.014145035296678543,0.002721766708418727,0.6668744683265686,0.002658434910699725,0.9997637867927551,0.0002363326639169827,0.3899994492530823,0.6100006699562073,3.308587838546373e-05,0.999967098236084,0.14616715908050537,0.8538327217102051,0.9994657635688782,0.0005343769444152713,0.23992902040481567,0.7600709199905396,5.5910234451293945,4.732595443725586,3.7424025535583496,6.020659446716309,99.97881317138672
4oLwiIzyp1FZoxK1MM6Ow1,0.23091928660869598,0.006766566075384617,0.2945362627506256,0.0003261346719227731,0.003183641703799367,0.003982651978731155,0.053703855723142624,0.35842305421829224,0.048158593475818634,0.970001757144928,0.029998313635587692,0.31183958053588867,0.6881605982780457,0.00010457965254317969,0.999895453453064,0.5606120228767395,0.43938785791397095,0.9988251328468323,0.0011748840333893895,0.2774604856967926,0.7225395441055298,6.775644302368164,4.595160007476807,3.7804477214813232,6.262734413146973,120.01666259765625
2lkdFIdaPI2L3s7jzldKse,0.08787991106510162,0.0052455030381679535,0.14246733486652374,0.0037520453333854675,0.011138057336211205,0.0035883153323084116,0.02308233268558979,0.3009449243545532,0.4219015836715698,0.8357378244400024,0.16426216065883636,0.14270971715450287,0.8572899103164673,0.0003540226025506854,0.999646008014679,0.29812753200531006,0.7018724679946899,0.9812822937965393,0.018717670813202858,0.09975182265043259,0.9002478718757629,7.221940040588379,4.494096279144287,2.925851345062256,6.420769214630127,150.10073852539062
5TIFTm6spva9cGIeJujqee,0.020344186574220657,0.003478226950392127,0.11148479580879211,0.004358195699751377,0.005196922458708286,0.05649476498365402,0.005669882986694574,0.7502605319023132,0.04271260276436806,0.9737738966941833,0.02622612565755844,0.31420764327049255,0.6857925057411194,0.01229284517467022,0.987707257270813,0.3685148358345032,0.6314852237701416,0.959591805934906,0.0404084138572216,0.11661787331104279,0.8833821415901184,6.24044132232666,4.792447090148926,4.211287975311279,6.647249221801758,143.7346954345703
30WnQsvwFeYEd9k08vV7Dl,0.06207715719938278,0.1083628460764885,0.6310333609580994,0.006137924734503031,0.0019770627841353416,0.027766238898038864,0.04334229603409767,0.02107805572450161,0.0982251986861229,0.8414626717567444,0.15853746235370636,0.6534576416015625,0.3465424180030823,0.05494992062449455,0.9450502395629883,0.02892230451107025,0.9710776209831238,0.8474886417388916,0.15251140296459198,0.3712114691734314,0.6287886500358582,5.67169189453125,4.932831287384033,5.693981647491455,5.43709135055542,123.88050842285156
4CgWViOVEbDKtcVVkFwYgh,0.0388842336833477,0.014719460159540176,0.7380682229995728,0.0011683033080771565,0.0008333568111993372,0.024049848318099976,0.07278336584568024,0.06733179837465286,0.04216136038303375,0.9732259511947632,0.026774058118462563,0.6869462728500366,0.3130539059638977,0.025293370708823204,0.9747068881988525,0.08237628638744354,0.9176234602928162,0.9125085473060608,0.08749150484800339,0.16280730068683624,0.837192714214325,5.756361484527588,5.4155144691467285,5.810126781463623,5.992037296295166,124.99343872070312
1CbZd4FBm8Insquq3HGTGP,0.00806661881506443,0.00824151374399662,0.8879967927932739,0.005508616100996733,0.0009079365991055965,0.018808066844940186,0.012400120496749878,0.02608714997768402,0.03198329731822014,0.942173957824707,0.05782607942819595,0.7841871976852417,0.21581298112869263,0.005885161925107241,0.9941149950027466,0.11481447517871857,0.8851857781410217,0.9693595767021179,0.030640706419944763,0.3934165835380554,0.606583297252655,5.494243621826172,5.140883922576904,5.3792572021484375,5.883056163787842,124.93473815917969
7GxG0Ef0IwEkRZokGzi7y0,0.0019378606230020523,0.0623265840113163,0.7666459679603577,7.278120756382123e-05,0.0036110403016209602,0.05686303228139877,0.0940423533320427,0.007357426453381777,0.007143025752156973,1.0,4.910346618203221e-08,0.8782735466957092,0.12172657996416092,1.4801013037413213e-07,0.9999999403953552,0.017249319702386856,0.982750415802002,0.9999985694885254,1.5141948779273662e-06,0.48974475264549255,0.5102553367614746,6.093903541564941,5.670597553253174,5.742717266082764,6.279692649841309,124.52033996582031
6MoTeX5dtuPZ3hwaecuBkz,0.08199557662010193,0.02703995071351528,0.7883738875389099,4.310684289521305e-06,1.9552524463506415e-05,0.0027397105004638433,0.012175029143691063,0.08130602538585663,0.006346006877720356,0.9999335408210754,6.641068466706201e-05,0.8858668804168701,0.11413326114416122,1.0973692951665726e-05,0.9999890923500061,0.1261262148618698,0.8738735914230347,0.9999876618385315,1.2437477380444761e-05,0.738423764705658,0.26157626509666443,5.483221530914307,5.074682712554932,5.879251480102539,5.895552158355713,124.97264862060547
0FAlTV2xvP1WgfKCXQ8o53,0.0377340242266655,0.034281738102436066,0.669043779373169,0.0034805566538125277,0.003576522460207343,0.06086762249469757,0.14126548171043396,0.024578211829066277,0.025171825662255287,0.9563511610031128,0.04364894703030586,0.8439452052116394,0.15605498850345612,0.08030503988265991,0.9196949005126953,0.23124465346336365,0.7687555551528931,0.8985868096351624,0.10141316801309586,0.2824961543083191,0.7175037860870361,5.57655668258667,5.424890518188477,5.382543563842773,5.428866386413574,125.07010650634766
3ODRIqKKn9Xos7yjPsx2Zs,0.06305061280727386,0.1528535634279251,0.5718708634376526,0.00053521862719208,0.0012906412594020367,0.0356500968337059,0.14605887234210968,0.0024921183940023184,0.02619786560535431,0.9999997615814209,2.7191367735213134e-07,0.6481991410255432,0.3518008291721344,7.909682608442381e-06,0.9999921321868896,0.1335867941379547,0.8664131760597229,0.999999463558197,7.744544063825742e-07,0.1212785467505455,0.8787216544151306,6.400192737579346,6.093652248382568,6.549702167510986,6.850984573364258,125.06330871582031
6UhZJArgiJb82pkfOuQ54a,0.008734375238418579,0.03499116376042366,0.4250872731208801,0.00013378837320487946,0.00033074908424168825,0.10087914019823074,0.34698787331581116,0.03337927907705307,0.049476251006126404,0.9999991059303284,1.104842453969468e-06,0.9053312540054321,0.09466861188411713,1.8456927136867307e-05,0.9999816417694092,0.05214892327785492,0.9478511810302734,0.9957530498504639,0.004247451666742563,0.3651328980922699,0.6348671317100525,5.775524616241455,6.2036261558532715,5.878396987915039,5.304091930389404,125.04348754882812
5Ais2rO02lfj2Sv8EcRTJ0,0.013459243811666965,0.3311818838119507,0.5425297021865845,2.682480771909468e-05,0.00033068167977035046,0.007372066378593445,0.025052960962057114,0.01962599903345108,0.06042061001062393,0.9994334578514099,0.0005666023353114724,0.4857300817966461,0.5142700672149658,1.7045213098754175e-05,0.9999829530715942,0.005140303634107113,0.9948598146438599,0.9997375011444092,0.000262548157479614,0.2248540073633194,0.7751457691192627,5.996471881866455,5.470748424530029,6.107944488525391,6.010117053985596,124.35145568847656
0evYoPRWnnQ6ACNC0LJPul,0.018426023423671722,0.027529502287507057,0.8878329396247864,1.689976306806784e-05,3.294490306871012e-05,0.0039754449389874935,0.024661455303430557,0.006616382859647274,0.030908506363630295,1.0,2.3300771090362105e-08,0.5516878366470337,0.44831210374832153,4.990942557014932e-07,0.9999997019767761,0.05429542809724808,0.9457045197486877,0.9999998807907104,3.0600318723372766e-07,0.2733038663864136,0.7266960740089417,6.140958786010742,5.373288631439209,6.127034664154053,6.4820237159729,125.00345611572266
0gTyeWsGE071NCvkq36roh,0.027978982776403427,0.004866503644734621,0.13041822612285614,0.005554757080972195,0.07247664034366608,0.09831831604242325,0.11914808303117752,0.5316436886787415,0.00959489680826664,0.9515315294265747,0.04846857488155365,0.870104193687439,0.12989570200443268,0.02615121752023697,0.9738487005233765,0.3951393663883209,0.6048607230186462,0.6132505536079407,0.3867494761943817,0.12450919300317764,0.8754907250404358,5.360576629638672,5.4679274559021,5.004825592041016,4.801313877105713,129.76368713378906
3ZFok6nDttzt0aXk0VRaCX,0.03724756836891174,0.004605917260050774,0.118704654276371,0.004197029396891594,0.01462345477193594,0.04509882256388664,0.06155753135681152,0.6961308717727661,0.01783420704305172,0.9739705324172974,0.0260294321924448,0.7528859376907349,0.24711383879184723,0.03699963539838791,0.9630006551742554,0.4244811236858368,0.5755189061164856,0.8364647030830383,0.16353558003902435,0.07042519748210907,0.9295749068260193,5.688689708709717,5.288205146789551,4.999788761138916,5.698585033416748,83.6242446899414
6VU4Itrp66sFoD6cMe4ZA7,0.030452851206064224,0.0009958005975931883,0.050955597311258316,0.0047201793640851974,0.00976309459656477,0.03120826929807663,0.03734984248876572,0.8296008706092834,0.004953586030751467,0.9655802249908447,0.03441983088850975,0.8026660084724426,0.19733402132987976,0.024777766317129135,0.9752222895622253,0.2736014723777771,0.7263983488082886,0.5808420777320862,0.4191579520702362,0.08216041326522827,0.9178394675254822,5.404869556427002,5.643516540527344,5.149152755737305,4.931617736816406,144.00733947753906
2Fi6RtngvStwsjskvwabVT,0.10548923909664154,0.00451313192024827,0.2229771614074707,0.0032188238110393286,0.02741529420018196,0.021722977980971336,0.04524795711040497,0.5549764633178711,0.014439023099839687,0.9850139617919922,0.014986063353717327,0.796732485294342,0.20326778292655945,0.00620635412633419,0.9937940835952759,0.19839853048324585,0.8016014695167542,0.88472980260849,0.11527012288570404,0.07403264939785004,0.9259674549102783,5.513998985290527,5.592121601104736,5.077066421508789,5.543357849121094,117.97115325927734
2wuZ3kg5ChBjRKqBYfJ9H7,0.009519454091787338,0.015202843584120274,0.10884909331798553,0.0020089680328965187,0.03523801267147064,0.10715911537408829,0.2568448781967163,0.4526795744895935,0.012498099356889725,0.9674939513206482,0.032506063580513,0.7789562940597534,0.2210436463356018,0.02200578711926937,0.9779942631721497,0.2676461338996887,0.7323538661003113,0.7610100507736206,0.23898980021476746,0.053180865943431854,0.9468192458152771,5.50274133682251,5.452727317810059,5.142402172088623,5.243607997894287,122.84529113769531
6gIWpyqE5r0Ebgacpg5i0M,0.041496679186820984,0.026630379259586334,0.35933345556259155,0.00011349264968885109,0.0011637049028649926,0.0027889497578144073,0.017000243067741394,0.5491796135902405,0.002293576020747423,0.9999972581863403,2.7904102353204507e-06,0.7699571847915649,0.23004287481307983,2.86707618215587e-05,0.999971330165863,0.2812826335430145,0.718717098236084,0.9998847246170044,0.00011539291881490499,0.08507178723812103,0.9149281978607178,6.382404327392578,5.105164051055908,4.228706359863281,6.485647201538086,142.95687866210938
0pjE1APVmR00IotHqs2Vwq,0.07244889438152313,0.002707795472815633,0.1346467286348343,0.0074010989628732204,0.037858642637729645,0.038083575665950775,0.16940747201442719,0.5025655031204224,0.03488031402230263,0.9994946122169495,0.0005053345230408013,0.7670922875404358,0.2329077422618866,0.02258698083460331,0.9774131178855896,0.4368440508842468,0.563156008720398,0.8110632300376892,0.1889367550611496,0.02844536490738392,0.971554696559906,5.896635055541992,5.858749866485596,5.189233303070068,6.007063388824463,128.83843994140625
6kAMgHOOsuCoHemVEeeRFn,0.09101629257202148,0.015431714244186878,0.44583091139793396,0.0011481986148282886,0.002333669690415263,0.0074728685431182384,0.10859115421772003,0.2947233319282532,0.033451758325099945,0.996429443359375,0.003570602275431156,0.8118781447410583,0.18812181055545807,0.009880424477159977,0.9901195168495178,0.5688016414642334,0.43119820952415466,0.9370195865631104,0.06298040598630905,0.1628662645816803,0.837134063243866,6.158951759338379,5.467926502227783,5.311037063598633,6.160853862762451,120.91449737548828
2R6fl47tA6PG6vSBgurvma,0.0700940415263176,0.007862047292292118,0.5984387993812561,0.0019593792967498302,0.012531623244285583,0.06334217637777328,0.19867803156375885,0.027187423780560493,0.01990629732608795,0.9096639752388,0.09033610671758652,0.8496845960617065,0.1503153294324875,0.006009158678352833,0.9939910173416138,0.5776973962783813,0.42230263352394104,0.9302026629447937,0.06979730725288391,0.2979900538921356,0.7020099759101868,6.27012300491333,5.736058712005615,5.092334747314453,6.203819274902344,143.7356414794922
2neEt3A8fA4Scfwo4jAw1J,0.014569818042218685,0.003116331761702895,0.1308065503835678,0.0004585414135362953,0.003550965106114745,0.009245566092431545,0.02243932895362377,0.812282383441925,0.003530569840222597,0.9850160479545593,0.014984067529439926,0.8075553178787231,0.19244462251663208,0.001309112412855029,0.998691201210022,0.28593477606773376,0.7140650749206543,0.9736819267272949,0.026318108662962914,0.025917435064911842,0.9740824103355408,6.05762243270874,4.991352558135986,4.30086612701416,5.7550249099731445,143.89207458496094
4w2GLmK2wnioVnb5CPQeex,0.07501531392335892,0.02346642315387726,0.44896450638771057,0.004502379801124334,0.0013399277813732624,0.03280654549598694,0.2123136669397354,0.17398729920387268,0.02760402299463749,0.9678695797920227,0.032130468636751175,0.8258874416351318,0.17411275207996368,0.007158864289522171,0.9928412437438965,0.2817603051662445,0.7182394862174988,0.939113438129425,0.06088654324412346,0.11372332274913788,0.8862766623497009,5.8659987449646,5.657658576965332,4.868422508239746,5.749664783477783,119.95689392089844
5h68SoVFGleijCtjEja3xG,0.055219121277332306,0.035194020718336105,0.6055449843406677,0.0008147312910296023,0.0006388169131241739,0.01564170978963375,0.14248622953891754,0.10964924097061157,0.03481100872159004,0.9883701205253601,0.011629865504801273,0.8365417122840881,0.1634586751461029,0.001147590228356421,0.998852550983429,0.28808674216270447,0.7119133472442627,0.9843335151672363,0.015666620805859566,0.2324659675359726,0.7675339579582214,6.610740661621094,5.681908130645752,5.014221668243408,6.30771017074585,128.0469512939453
19RybK6XDbAVpcdxSbZL1o,0.015874704346060753,0.02261420711874962,0.16952286660671234,0.003841644385829568,0.0017335207667201757,0.023528173565864563,0.7260664105415344,0.004416756797581911,0.032401517033576965,0.980438232421875,0.019561806693673134,0.8444204330444336,0.15557961165905,0.004505532328039408,0.9954948425292969,0.5337991118431091,0.46620094776153564,0.9739932417869568,0.02600688487291336,0.0314447283744812,0.9685553908348083,6.572113037109375,6.630765438079834,5.946470737457275,6.643787384033203,125.9605941772461
4wTvw1dBiPXNiHTh0zzpcI,0.012429674156010151,0.03841818496584892,0.5207563638687134,0.0004610051109921187,0.0009136250009760261,0.01266198419034481,0.3679351508617401,0.027143219485878944,0.019280865788459778,0.993574857711792,0.006425163242965937,0.8981998562812805,0.1018001139163971,0.00029429225833155215,0.999705970287323,0.5225630402565002,0.47743695974349976,0.9918583035469055,0.008141857571899891,0.10806204378604889,0.8919379711151123,6.689162254333496,5.6718573570251465,5.130489349365234,6.366776943206787,116.48051452636719
0CySZwyRJ0vyUqtSjM9i2k,0.04898131638765335,0.002698990050703287,0.6564704179763794,0.0009228112176060677,0.000749171944335103,0.005638306029140949,0.07209234684705734,0.20063497126102448,0.011811663396656513,0.967333972454071,0.03266599401831627,0.9267905950546265,0.07320951670408249,0.002394051756709814,0.9976061582565308,0.39946791529655457,0.6005321145057678,0.9689167141914368,0.031083427369594574,0.09234696626663208,0.9076532125473022,6.885162353515625,5.054133415222168,4.136839389801025,6.338449001312256,144.97293090820312
7srqyRb5plksW5k65itXDB,0.11386134475469589,0.07362258434295654,0.2935134768486023,0.0003185569366905838,0.003032169071957469,0.01077649462968111,0.37821146845817566,0.11563294380903244,0.01103096455335617,0.9993724822998047,0.0006275501800701022,0.8385596871376038,0.16144044697284698,0.004027483519166708,0.995972752571106,0.49515023827552795,0.5048497915267944,0.9209740161895752,0.0790262296795845,0.07185298204421997,0.9281471371650696,6.35269021987915,5.501265525817871,5.291003227233887,6.211074352264404,124.9837646484375
0IsIY8pfu1yaGkPUD7pkDx,0.03482477739453316,0.04500747099518776,0.6582700610160828,0.000986549537628889,0.0013258104445412755,0.03587951883673668,0.17143428325653076,0.03296438232064247,0.019307181239128113,0.9824309349060059,0.017569182440638542,0.7005890607833862,0.2994108498096466,3.517178811307531e-06,0.9999967217445374,0.1096172034740448,0.8903829455375671,0.9993959069252014,0.0006040179869160056,0.36699944734573364,0.6330005526542664,6.188944339752197,5.401270389556885,5.026820182800293,6.300787925720215,129.65646362304688
3nQ24dxqvxZEVwlHTeuLz0,0.035393014550209045,0.003742791246622801,0.5793152451515198,0.000251304532866925,0.005840843077749014,0.034851133823394775,0.19724227488040924,0.12495681643486023,0.018406536430120468,0.9915785789489746,0.008421582169830799,0.697550356388092,0.3024495542049408,0.020205512642860413,0.9797945022583008,0.28501272201538086,0.7149874567985535,0.9583198428153992,0.041680414229631424,0.1177249550819397,0.8822749853134155,6.38813591003418,5.734898567199707,4.626652240753174,6.152709484100342,134.94400024414062
7CwWhMGWICOl2ICwbk3QTE,0.08414201438426971,0.012347632087767124,0.5203942060470581,0.0001939660869538784,0.008623456582427025,0.022054769098758698,0.17636357247829437,0.1515398770570755,0.024340596050024033,0.9983062744140625,0.0016937421169131994,0.7508999109268188,0.24910005927085876,0.0006120999460108578,0.9993879795074463,0.2307933121919632,0.7692065834999084,0.9954002499580383,0.004599648993462324,0.040991269052028656,0.9590088725090027,6.400944709777832,5.642317295074463,5.007657051086426,6.657320022583008,130.02938842773438
3Y1EvIgEVw51XtgNEgpz5c,0.04041236266493797,0.038239408284425735,0.4319746196269989,0.005645417142659426,0.001538407406769693,0.03304702416062355,0.34263092279434204,0.04536376893520355,0.06114816665649414,0.945882260799408,0.05411768704652786,0.8456457257270813,0.15435399115085602,0.005326290614902973,0.9946739077568054,0.25118252635002136,0.748817503452301,0.9346721768379211,0.06532815098762512,0.12032090872526169,0.879679262638092,6.587552070617676,5.806048393249512,5.3780598640441895,6.485983848571777,129.92938232421875
3HrHhTWonBqF4mDasi8xvC,0.02804855816066265,0.0028158575296401978,0.15076495707035065,0.0011696754954755306,0.0016316979890689254,0.06408753991127014,0.01019218284636736,0.7294875979423523,0.011801929213106632,0.9264686107635498,0.07353140413761139,0.6269564628601074,0.37304365634918213,0.011429175734519958,0.988571047782898,0.34556636214256287,0.6544336676597595,0.9745344519615173,0.02546563744544983,0.12320398539304733,0.8767960071563721,6.324760913848877,4.159863471984863,3.3916358947753906,6.534629821777344,88.0421371459961
2ZWmmrWUgDBcPSLihBMvhg,0.07184725999832153,0.002805575029924512,0.482968807220459,0.00011166567855980247,0.0005730832926928997,0.003984601702541113,0.023849133402109146,0.4032524526119232,0.010607455857098103,0.8940517902374268,0.10594824701547623,0.5922790765762329,0.4077209234237671,0.007412555627524853,0.9925874471664429,0.382872611284256,0.6171274185180664,0.9943867921829224,0.005613361485302448,0.4849090576171875,0.5150908827781677,5.894166469573975,3.986562967300415,3.747138261795044,6.004067420959473,172.26576232910156
04OxTCLGgDKfO0MMA2lcxv,0.10465223342180252,0.02123177982866764,0.34952807426452637,0.0061624799855053425,0.014927231706678867,0.02622738853096962,0.26100364327430725,0.08660107105970383,0.12966614961624146,0.959785521030426,0.04021450877189636,0.7347192168235779,0.2652807831764221,0.02476208284497261,0.9752381443977356,0.6327434778213501,0.36725661158561707,0.9214746356010437,0.07852520793676376,0.19348739087581635,0.8065126538276672,6.273698329925537,5.1180291175842285,5.250263214111328,6.472159385681152,139.79736328125
3VFaV7Mw0di4XFE84eHnrC,0.06510170549154282,0.006260099355131388,0.6306045651435852,0.002095079282298684,0.03198933228850365,0.006970271002501249,0.1555219441652298,0.0642487108707428,0.037208277732133865,0.992915689945221,0.007084227167069912,0.8807815313339233,0.11921851336956024,0.06954009085893631,0.9304599165916443,0.3739478886127472,0.6260520815849304,0.885389506816864,0.11461048573255539,0.19086773693561554,0.8091323971748352,7.128084659576416,4.755167007446289,4.120899677276611,6.5110321044921875,172.26565551757812
64I0O6ZipYryKte1cHA2EY,0.07069157063961029,0.005993005819618702,0.503582239151001,0.07052543014287949,0.002155180089175701,0.03461569920182228,0.20579572021961212,0.013806256465613842,0.09283478558063507,0.8719812035560608,0.1280188262462616,0.590758740901947,0.4092414081096649,0.17385686933994293,0.8261431455612183,0.5176361799240112,0.48236382007598877,0.7671507000923157,0.2328493595123291,0.3094176650047302,0.6905824542045593,6.238015174865723,5.140882968902588,5.38531494140625,6.336783409118652,116.50598907470703
30aEleGsSvwoORcXA4mKgT,0.0029832562431693077,0.0018640030175447464,0.34758809208869934,0.00010567234130576253,0.0035754076670855284,0.0068491483107209206,0.01597501151263714,0.6165631413459778,0.004496115725487471,0.9992147088050842,0.0007852655253373086,0.4809783101081848,0.5190216898918152,0.0007825095672160387,0.999217689037323,0.09143667668104172,0.9085631370544434,0.9904974102973938,0.009502515196800232,0.2489907592535019,0.7510092854499817,6.499887943267822,4.081991195678711,2.9772355556488037,6.330768585205078,172.26535034179688
5etN0BsaiQlp0D6ltU4BX7,0.07174211740493774,0.009483997710049152,0.31329166889190674,0.0007187748560681939,0.0036733339074999094,0.004527123644948006,0.02036402001976967,0.572024941444397,0.004173998720943928,0.993124783039093,0.006875345483422279,0.7905134558677673,0.20948642492294312,0.01769491657614708,0.9823050498962402,0.39973896741867065,0.6002611517906189,0.9613050818443298,0.03869503736495972,0.15491606295108795,0.8450839519500732,7.318742275238037,4.041043281555176,2.9954123497009277,6.868579387664795,87.42518615722656
4kVpdy4mnZ8FLPw0hGV8hk,0.026891864836215973,0.004130830056965351,0.47374212741851807,0.0017576351528987288,0.05454852432012558,0.02246183529496193,0.2888171076774597,0.07718366384506226,0.050466395914554596,0.9586305618286133,0.04136943072080612,0.8736436367034912,0.1263563483953476,0.054660361260175705,0.9453399181365967,0.1485034078359604,0.8514968752861023,0.7325910925865173,0.26740917563438416,0.16267777979373932,0.8373221158981323,5.8173604011535645,5.1888227462768555,4.650385856628418,5.63834810256958,172.26573181152344
1V83L9oCbfir9q75yNbB1V,0.03217300772666931,0.008258090354502201,0.3579155504703522,0.006766856648027897,0.05606195703148842,0.01793152652680874,0.1502310335636139,0.33237504959106445,0.038286808878183365,0.988248348236084,0.011751740239560604,0.8721744418144226,0.12782539427280426,0.04491652548313141,0.955083429813385,0.3445937931537628,0.6554059982299805,0.8187816143035889,0.18121851980686188,0.24886882305145264,0.7511311769485474,6.181634902954102,4.868758678436279,4.475513935089111,5.730125427246094,86.77687072753906
6TlFnB8GBrlILKv5qy27Sn,0.05235609412193298,0.006951829884201288,0.5278478860855103,0.001870347885414958,0.013612430542707443,0.008996578864753246,0.07750273495912552,0.28598642349243164,0.024875689297914505,0.9612178802490234,0.03878238424658775,0.7606561779975891,0.23934383690357208,0.004824395757168531,0.9951756000518799,0.4526183009147644,0.5473818182945251,0.9742341637611389,0.025765955448150635,0.18102046847343445,0.8189793825149536,7.3358049392700195,4.051982879638672,3.5641956329345703,6.3804826736450195,88.92338562011719
4ASOMWcJUrwEpjJy4GEijz,0.0790545791387558,0.0432906337082386,0.44352924823760986,0.002536270534619689,0.010613883845508099,0.08840753138065338,0.1643347591161728,0.1025741770863533,0.06565886735916138,0.8963122963905334,0.10368771106004715,0.7246167659759521,0.275383323431015,0.003138341475278139,0.9968618154525757,0.34191760420799255,0.6580822467803955,0.9454355835914612,0.05456453189253807,0.09737662225961685,0.9026233553886414,5.945443630218506,5.402734756469727,5.192872047424316,6.010617733001709,128.00808715820312
19lT0l1OBkLtWI5iE5zORl,0.13345149159431458,0.0492701381444931,0.5419257879257202,0.0028441050089895725,0.001164320739917457,0.027298985049128532,0.115358367562294,0.011182323098182678,0.11750438064336777,0.8624240756034851,0.1375759243965149,0.6398932337760925,0.3601066768169403,0.026181962341070175,0.973818302154541,0.4009881317615509,0.5990118980407715,0.9542297124862671,0.04577038064599037,0.33463388681411743,0.6653660535812378,6.050949573516846,5.061151027679443,4.960047721862793,5.974145412445068,128.0174560546875
7lhNCZG9JWxhoJSGkJa2AS,0.12987439334392548,0.0374198779463768,0.4886696934700012,0.00016726550529710948,0.0008113177609629929,0.024788985028862953,0.1305028200149536,0.158418670296669,0.02934693545103073,1.0,6.799869556317617e-09,0.8048105835914612,0.19518950581550598,4.486565103434259e-06,0.9999956488609314,0.18297326564788818,0.817026674747467,0.9999645948410034,3.548659515217878e-05,0.23557762801647186,0.7644224762916565,6.034265041351318,5.470038414001465,5.661686420440674,6.486676216125488,126.98793029785156
64vBCC1lpjEnF10CkDiDhv,0.013300872407853603,0.1023082435131073,0.45861342549324036,0.0005318971234373748,0.021746162325143814,0.011385051533579826,0.30209842324256897,0.05675191804766655,0.03326400741934776,1.0,9.6435770480241e-10,0.8141490817070007,0.1858511120080948,3.248169377911836e-07,0.9999997615814209,0.0771891325712204,0.9228106141090393,0.9999273419380188,7.298212585737929e-05,0.0017787761753425002,0.9982211589813232,6.316354274749756,6.303153991699219,4.716497898101807,6.551940441131592,128.62942504882812
26xlCgHpcF4GE0FFVsS6Oy,0.12325979024171829,0.06719960272312164,0.5950334072113037,0.0004136471834499389,0.0024375836364924908,0.02363888919353485,0.09458793699741364,0.07693683356046677,0.01649221032857895,0.9371048212051392,0.0628952756524086,0.8579419851303101,0.142057865858078,0.0027437463868409395,0.9972562789916992,0.32823097705841064,0.6717692613601685,0.9806932210922241,0.01930687204003334,0.3379457890987396,0.6620542407035828,5.986100196838379,5.469364166259766,5.451979160308838,5.8470659255981445,125.00215148925781
6JjSoJ2laV4ZbKNb9nybvh,0.06227833032608032,0.13419370353221893,0.12894277274608612,7.840734178898856e-05,0.01276989746838808,0.029300864785909653,0.49432191252708435,0.1279047429561615,0.010209372267127037,1.0,6.773686056504857e-10,0.8319137692451477,0.16808617115020752,5.322405058905133e-07,0.9999997019767761,0.3330451548099518,0.666954755783081,0.9999710321426392,2.931377457571216e-05,0.004875084850937128,0.9951248168945312,6.188770294189453,6.138513565063477,5.228988170623779,6.261743545532227,126.01981353759766
37Jh3OXqliOxKjtl1aO49y,0.0710846334695816,0.11358422785997391,0.404985249042511,0.0016446243971586227,0.0038645737804472446,0.07269275933504105,0.15860643982887268,0.02788293920457363,0.14565467834472656,0.9670701026916504,0.03292977437376976,0.4411858916282654,0.5588141679763794,0.0012350198812782764,0.9987651109695435,0.14515912532806396,0.8548408150672913,0.9773332476615906,0.02266669273376465,0.09922631084918976,0.9007738828659058,6.086211204528809,5.782080173492432,4.647990703582764,6.19804048538208,127.97535705566406
5QTlj4L7ODIKNnTkhDE16p,0.1014207974076271,0.05665642395615578,0.44998350739479065,0.00036548697971738875,0.0014024166157469153,0.019307941198349,0.04587910696864128,0.30928194522857666,0.015702417120337486,0.9999560713768005,4.402909689815715e-05,0.6307956576347351,0.3692045509815216,0.0019052008865401149,0.9980947375297546,0.3821142315864563,0.6178858280181885,0.9965676665306091,0.003432568395510316,0.1334434598684311,0.8665564656257629,5.760395050048828,5.44830322265625,5.024172782897949,5.937161922454834,125.97700500488281
5UjccMIJkNhont0TGSU0iD,0.024963902309536934,0.02053202874958515,0.16190268099308014,5.3280364227248356e-06,0.00828248169273138,0.0012939870357513428,0.009573224931955338,0.77335125207901,9.500714077148587e-05,0.9999973773956299,2.744149469435797e-06,0.7872150540351868,0.2127847522497177,3.1567451515002176e-06,0.999997079372406,0.2555463910102844,0.7444536685943604,0.9995487332344055,0.00045133454841561615,0.1322471648454666,0.8677529096603394,6.6582231521606445,5.165635585784912,3.878512382507324,6.37724494934082,88.02529907226562
3IRUnD7KOB6rSoEsxBG5oC,0.01904894970357418,0.1133064553141594,0.5640208721160889,8.725401858100668e-05,0.0759085863828659,0.026937657967209816,0.1079128086566925,0.06519850343465805,0.027578936889767647,0.999437153339386,0.0005628371727652848,0.7330859303474426,0.26691392064094543,1.2853759471909143e-05,0.9999873638153076,0.4035212993621826,0.5964787006378174,0.999184787273407,0.0008152648224495351,0.06352923065423965,0.9364709258079529,6.9557013511657715,6.076718807220459,5.511397838592529,7.2296600341796875,129.8118896484375
7b4twDZXjQf8gyQGSvySZd,0.028468266129493713,0.016723493114113808,0.43745648860931396,0.0011988854967057705,0.0038701484445482492,0.16122858226299286,0.2721328139305115,0.059261616319417953,0.01965981163084507,0.9930588006973267,0.006941203493624926,0.7754914164543152,0.22450849413871765,0.009195765480399132,0.9908043146133423,0.24803170561790466,0.7519680857658386,0.9822336435317993,0.017766211181879044,0.14038333296775818,0.8596168756484985,6.200009822845459,5.9095377922058105,5.710272789001465,6.089171409606934,133.00379943847656
2TaePDvV47Eaju3cSi5TFz,0.0020369566045701504,0.0347813256084919,0.4258827269077301,0.00043177674524486065,0.0014356236206367612,0.050121407955884933,0.40746384859085083,0.03252129629254341,0.04532487690448761,0.9983165264129639,0.0016834421548992395,0.8889015316963196,0.11109858751296997,7.759009895380586e-05,0.9999223947525024,0.04716092720627785,0.9528393149375916,0.9962380528450012,0.0037620854564011097,0.03811065852642059,0.9618891477584839,6.677115440368652,6.436618804931641,5.629024028778076,6.523261070251465,132.89028930664062
1e20Z4j3nuQP35vFtyF1JU,0.0068759070709347725,0.028474021703004837,0.7480895519256592,0.0002784717071335763,0.002070124726742506,0.06369394063949585,0.10849645733833313,0.013534026220440865,0.028487391769886017,0.9999998211860657,4.187631077456899e-07,0.933037519454956,0.06696251779794693,8.219730318614893e-08,1.0,0.004811599850654602,0.9951885342597961,0.9999984502792358,1.7912290104504791e-06,0.574261486530304,0.42573848366737366,6.021488666534424,6.118061065673828,5.829258441925049,5.836528778076172,125.00733947753906
3uahZPFLqwDp0Jje5K60q4,0.0008606956689618528,0.004036140628159046,0.5275628566741943,0.0013531772419810295,0.006240254733711481,0.031515803188085556,0.39520126581192017,0.01758871041238308,0.01564117521047592,0.9856871962547302,0.014312900602817535,0.915695071220398,0.08430454134941101,0.0002888730086851865,0.999711275100708,0.05799455568194389,0.9420051574707031,0.9671411514282227,0.03285902366042137,0.0905456468462944,0.9094544649124146,6.431666851043701,6.1070637702941895,5.150193691253662,6.126098155975342,133.91384887695312
1EFyjeVs4hetSVMc28Y9r6,0.011588256806135178,0.21418844163417816,0.3989618122577667,0.00030478363623842597,0.0014829410938546062,0.06310148537158966,0.23529742658138275,0.015369388274848461,0.059705473482608795,0.9999987483024597,1.2161297036072938e-06,0.8396986126899719,0.1603015661239624,3.540695843184949e-06,0.999996542930603,0.03801184892654419,0.9619881510734558,0.9964348673820496,0.003565283492207527,0.1196645200252533,0.8803356289863586,6.327794075012207,6.47028923034668,5.216333866119385,6.233315467834473,128.02757263183594
2QJwMBAnrB6HDsS4dhTaNT,0.001566197955980897,0.022901110351085663,0.6251931190490723,0.00021066880435682833,0.0006467773928306997,0.07091187685728073,0.2477494180202484,0.006565300282090902,0.02425549179315567,0.9982452392578125,0.0017547726165503263,0.9052308201789856,0.09476897865533829,6.00688872509636e-06,0.9999940395355225,0.026662331074476242,0.9733375906944275,0.9993284940719604,0.0006716283969581127,0.23888839781284332,0.7611114382743835,6.307027339935303,6.279184341430664,5.496090888977051,6.12083101272583,132.99594116210938
22fEl4nzfgTqKi7ZYNXW3c,0.005010934546589851,0.02065926417708397,0.5820919871330261,0.0003152156132273376,0.0011266814544796944,0.11327404528856277,0.23805375397205353,0.008114541880786419,0.0313536562025547,0.9999991059303284,8.917447757994523e-07,0.940073549747467,0.059926506131887436,1.328461848970619e-06,0.9999988079071045,0.013796024024486542,0.9862037301063538,0.9999573230743408,4.281859946786426e-05,0.16282311081886292,0.8371771574020386,6.2885894775390625,6.659863471984863,5.931941986083984,6.703498363494873,130.001953125
3JrNYsMLZxd3R56UzjM4PL,0.0039047584868967533,0.00399365508928895,0.7992964386940002,0.00015681268996559083,0.00037567774415947497,0.017523474991321564,0.0972374826669693,0.03885383903980255,0.03865776211023331,0.9999476075172424,5.2457035053521395e-05,0.7848091721534729,0.21519063413143158,8.999296369438525e-06,0.9999910593032837,0.009760379791259766,0.9902396202087402,0.9993161559104919,0.0006838960689492524,0.13251221179962158,0.8674877882003784,6.535674571990967,5.329290866851807,4.874184608459473,6.0314040184021,132.9309539794922
5ofPzkJ57L6IWXPmnb4f0C,0.021460168063640594,0.03490271419286728,0.3981773555278778,0.0006564295035786927,0.003553334390744567,0.06670606881380081,0.4135127067565918,0.004441326484084129,0.05658996105194092,0.9996561408042908,0.0003440195578150451,0.9248550534248352,0.07514502108097076,1.8018141645370633e-06,0.9999983906745911,0.028334954753518105,0.9716652035713196,0.9973565936088562,0.002643525367602706,0.0513385571539402,0.9486615657806396,5.949972152709961,6.215922832489014,5.467508316040039,6.043701648712158,127.99615478515625
43FiKNMmSDaI7V1U8i5CZI,0.005643018521368504,0.006970124784857035,0.40154901146888733,0.00017355469753965735,0.00046283367555588484,0.10212165117263794,0.4295352101325989,0.016232598572969437,0.03731190413236618,0.9997923970222473,0.00020782217325177044,0.884167492389679,0.11583211272954941,6.111095717642456e-05,0.9999390244483948,0.12810921669006348,0.8718907237052917,0.9999827146530151,1.741409687383566e-05,0.17074355483055115,0.8292564153671265,6.597029685974121,6.240702152252197,5.283488750457764,6.582939147949219,134.48550415039062
0d9m8ye76ADW2b3xWz4u9m,0.08822449296712875,0.009971029125154018,0.19966521859169006,0.011860563419759274,0.08993638306856155,0.08407117426395416,0.03001701645553112,0.014155441895127296,0.4720986485481262,0.9454014897346497,0.054598622024059296,0.5278419852256775,0.47215792536735535,0.0019405429484322667,0.9980595707893372,0.8734295964241028,0.12657050788402557,0.9903774857521057,0.009622525423765182,0.25725284218788147,0.7427470684051514,6.944284439086914,5.326395511627197,4.890771389007568,7.032785892486572,90.173828125
0YO65CAasvTMnxDhymUxVX,0.11058732122182846,0.06911768764257431,0.1303952932357788,0.02213657647371292,0.06222856044769287,0.025564664974808693,0.04061414301395416,0.029192093759775162,0.5101636648178101,0.8208816051483154,0.17911837995052338,0.3018767833709717,0.6981232762336731,0.010988935828208923,0.9890110492706299,0.7939222455024719,0.20607787370681763,0.9651287794113159,0.034871481359004974,0.21374234557151794,0.7862576842308044,6.356388568878174,4.9060540199279785,4.837100028991699,6.5613484382629395,148.86427307128906
0CtRobZ4CTcwQt4rIm75Nb,0.009057680144906044,0.00372661673463881,0.017307138070464134,0.0029792296700179577,0.020210644230246544,0.0003101015754509717,0.011912913993000984,0.001063632545992732,0.9334321022033691,0.8321600556373596,0.16784000396728516,0.14066003262996674,0.8593400716781616,2.6551006158115342e-05,0.9999734163284302,0.3675685226917267,0.6324315071105957,0.9976171255111694,0.002382842358201742,0.19540145993232727,0.8045985102653503,7.0989155769348145,5.652549743652344,4.702512264251709,6.653725624084473,100.6424560546875
1WNhLphSaR2OZerpwDymwT,0.11551716178655624,0.0026824346277862787,0.1047959104180336,0.003968005999922752,0.03253781422972679,0.019371595233678818,0.03340337052941322,0.0019991386216133833,0.6857245564460754,0.9694948196411133,0.030505042523145676,0.20648322999477386,0.7935166954994202,0.0003360985137987882,0.9996638894081116,0.9346275329589844,0.065372534096241,0.9975170493125916,0.002482821699231863,0.03855116665363312,0.9614488482475281,7.295663833618164,5.545593738555908,4.513105392456055,7.320700168609619,144.7940673828125
1c6SjluwQ7bLU1NhqJaYzv,0.03487280383706093,0.01912698522210121,0.20425155758857727,0.007142882328480482,0.06676673144102097,0.00916494894772768,0.014934132806956768,0.006359166465699673,0.637380838394165,0.9498435854911804,0.05015639215707779,0.32334068417549133,0.6766594648361206,0.00014029140584170818,0.9998598694801331,0.8330824375152588,0.16691753268241882,0.9972054958343506,0.0027944552712142467,0.09205449372529984,0.9079455137252808,6.780211925506592,5.43516731262207,4.1173272132873535,7.108388423919678,144.3268280029297
6qOo6W2yXOAC9dTvWU6Uuh,0.20500969886779785,0.012507856823503971,0.08385250717401505,0.014281700365245342,0.055091410875320435,0.03864103928208351,0.028437864035367966,0.005622304510325193,0.5565555691719055,0.7729743123054504,0.22702577710151672,0.3430735766887665,0.6569263339042664,0.011035633273422718,0.9889642596244812,0.686078667640686,0.3139214515686035,0.8681107759475708,0.13188932836055756,0.26670876145362854,0.7332912683486938,5.627915859222412,5.399143695831299,5.040573596954346,6.0722336769104,103.59060668945312
4HyyXbQB3CaOXqlIxYnzoW,0.04628129303455353,0.00578420190140605,0.1439497470855713,0.007870474830269814,0.020636217668652534,0.016144251450896263,0.03832174837589264,0.0038143263664096594,0.7171976566314697,0.8068246841430664,0.19317527115345,0.2884860634803772,0.711513876914978,0.0010451610432937741,0.998954713344574,0.628294050693512,0.3717058300971985,0.9777092933654785,0.02229052595794201,0.16835109889507294,0.8316490054130554,5.815454006195068,5.871413707733154,4.937469959259033,6.718725681304932,108.32184600830078
02roQUOqpquCYaCnnpyXaR,0.17853346467018127,0.022531850263476372,0.2529802918434143,0.005350697319954634,0.0715593472123146,0.10606473684310913,0.024487951770424843,0.007538956124335527,0.33095258474349976,0.9169209599494934,0.08307894319295883,0.37197738885879517,0.6280225515365601,0.008041362278163433,0.9919587969779968,0.7891721129417419,0.2108277827501297,0.9274606108665466,0.072539322078228,0.3382129967212677,0.6617870330810547,6.682583332061768,5.450413703918457,4.872947692871094,6.439122676849365,87.15479278564453
2teaBsajEi4BWAZOD92vmS,0.0421341136097908,0.002894926816225052,0.14951299130916595,0.008491141721606255,0.02801552787423134,0.01734241470694542,0.04670686274766922,0.001934402622282505,0.7029677629470825,0.9059879183769226,0.09401193261146545,0.08904353529214859,0.9109565019607544,0.0009426454198546708,0.9990572333335876,0.791778564453125,0.20822139084339142,0.9682509303092957,0.03174896910786629,0.06511911749839783,0.9348810911178589,6.422212600708008,5.918372631072998,5.048154354095459,6.883911609649658,103.37898254394531
26N2qolQwRDXz1ka8Zp1ct,0.05565188452601433,0.009730336256325245,0.07964356243610382,0.022354628890752792,0.05758380889892578,0.013961735181510448,0.038306232541799545,0.0042056189849972725,0.7185621857643127,0.7754372358322144,0.22456270456314087,0.3119775056838989,0.6880224347114563,0.0018114825943484902,0.9981887340545654,0.8126347064971924,0.1873651146888733,0.9763392806053162,0.023660678416490555,0.17998741567134857,0.8200126886367798,7.123449325561523,5.587794303894043,4.886724472045898,6.856351375579834,106.57036590576172
5mIOsPuQdXchVY0jB5NO9Q,0.10127777606248856,0.004265945870429277,0.14909690618515015,0.02256481908261776,0.005167922470718622,0.048089705407619476,0.643835186958313,0.012964432127773762,0.012737300246953964,0.9562683701515198,0.04373166337609291,0.8637903928756714,0.13620956242084503,0.25707727670669556,0.7429227828979492,0.7816986441612244,0.2183016538619995,0.6063774228096008,0.393622487783432,0.17578576505184174,0.8242142200469971,5.9022088050842285,6.228647708892822,5.3030619621276855,5.0863823890686035,102.4032974243164
0HAqq2GcQKyi3s87GuN7jU,0.10488109290599823,0.004514720756560564,0.1611257940530777,0.06284362077713013,0.009621652774512768,0.3424898087978363,0.287883460521698,0.018886052072048187,0.007753661368042231,0.8150794506072998,0.18492063879966736,0.7604880332946777,0.23951208591461182,0.6086322069168091,0.39136767387390137,0.5861631631851196,0.41383686661720276,0.4109560549259186,0.5890439748764038,0.4287869930267334,0.5712129473686218,5.0415425300598145,5.134067535400391,4.964179039001465,4.247122764587402,110.89932250976562
6UFivO2zqqPFPoQYsEMuCc,0.3315623104572296,0.003334179986268282,0.2393798530101776,0.0004784147604368627,0.001038511749356985,0.02241215854883194,0.34393393993377686,0.05448943376541138,0.0033712051808834076,0.9999069571495056,9.334918286185712e-05,0.8690756559371948,0.130924254655838,0.1651633083820343,0.8348367810249329,0.8110445737838745,0.18895559012889862,0.8109299540519714,0.18907010555267334,0.34711065888404846,0.6528894305229187,5.888809680938721,5.607152462005615,4.922106742858887,4.702915668487549,104.9704360961914
3zksbXteOCeSusJ5Xltr3t,0.07346750050783157,0.1652759611606598,0.008914679288864136,0.29008230566978455,0.005894215311855078,0.29252755641937256,0.12369918823242188,0.005617258604615927,0.03452140837907791,0.009543788619339466,0.9904564023017883,0.3559316396713257,0.6440685391426086,0.9671499133110046,0.03284980356693268,0.0028585612308233976,0.9971413612365723,0.07457548379898071,0.9254245162010193,0.40436485409736633,0.5956351161003113,3.870793104171753,3.754647970199585,3.8580517768859863,2.760988473892212,68.78599548339844
1F6IbA7di42uPc3cff8PXV,0.007284310646355152,0.00488255126401782,0.26810941100120544,5.173368117539212e-05,0.005279742181301117,0.06820876896381378,0.04301590844988823,0.6027203798294067,0.0004471897555049509,0.9999775886535645,2.2615715352003463e-05,0.6300181150436401,0.3699822425842285,0.00200989143922925,0.9979901909828186,0.005693333689123392,0.9943066835403442,0.3103235065937042,0.6896765232086182,0.3252663314342499,0.674733579158783,4.7434258460998535,4.516801357269287,4.537862777709961,3.5164809226989746,109.98623657226562
2mWfVxEo4xZYDaz0v7hYrN,0.028614608570933342,0.005389274097979069,0.1604205071926117,0.006486349273473024,0.011750484816730022,0.1405186802148819,0.1784547120332718,0.4648036062717438,0.0035619677510112524,0.9863935708999634,0.013606474734842777,0.8515971302986145,0.14840289950370789,0.08601335436105728,0.9139869213104248,0.595393180847168,0.40460681915283203,0.546502947807312,0.4534969925880432,0.4691348075866699,0.5308651328086853,5.205621719360352,5.659757614135742,5.087194442749023,4.5618486404418945,142.24969482421875
0KyAGiNGUytG5JLxJu4F6l,0.4378069341182709,0.012856421060860157,0.30074042081832886,0.007445040624588728,0.011865194886922836,0.0205520186573267,0.10915649682283401,0.059989769011735916,0.03958765044808388,0.9779317378997803,0.022068075835704803,0.5022429823875427,0.4977570176124573,0.026552245020866394,0.9734476208686829,0.32541710138320923,0.6745826005935669,0.42788031697273254,0.5721197128295898,0.014484739862382412,0.9855151176452637,5.538262844085693,4.993176460266113,5.79548978805542,4.668458461761475,111.95789337158203
3awweDjWIuXNMogMClJnvE,0.04007283225655556,0.00283632124774158,0.38853421807289124,0.0012721540406346321,0.0045300694182515144,0.066846564412117,0.4351840913295746,0.05968141183257103,0.0010421922197565436,0.9927350878715515,0.007265087217092514,0.9258100986480713,0.07418975234031677,0.1101526990532875,0.8898471593856812,0.6761401295661926,0.3238599896430969,0.9033990502357483,0.09660087525844574,0.39360541105270386,0.6063945889472961,6.146831512451172,5.548803806304932,4.888052463531494,4.751692771911621,98.2367935180664
7B3z0ySL9Rr0XvZEAjWZzM,0.046266116201877594,0.0007655316730961204,0.4225618243217468,0.0030968724749982357,0.001890632207505405,0.06239010766148567,0.37181857228279114,0.059180133044719696,0.03203028440475464,0.9813976883888245,0.018602296710014343,0.8914005160331726,0.10859955102205276,0.13884150981903076,0.861158549785614,0.5497637987136841,0.4502362310886383,0.8665739297866821,0.13342614471912384,0.33606013655662537,0.6639397740364075,5.876121997833252,5.740067958831787,5.029240608215332,4.970808506011963,112.76399993896484
3W3LM2eS1F81UuIjEsHXsV,0.0639147013425827,0.0019158333307132125,0.727595865726471,0.0012321901740506291,0.0010356607381254435,0.041013509035110474,0.10976644605398178,0.0481434091925621,0.005382420960813761,0.9809091687202454,0.019090963527560234,0.6926647424697876,0.3073351979255676,0.08564076572656631,0.9143595099449158,0.1477145254611969,0.8522853851318359,0.9215724468231201,0.07842749357223511,0.33282384276390076,0.6671760082244873,5.547160625457764,5.69942045211792,5.112536907196045,5.267789840698242,122.93959045410156
7MJc1Z7tTRVCCw63JhWyAv,0.02755781076848507,0.018900400027632713,0.19836211204528809,0.0009611366549506783,0.026772044599056244,0.020565617829561234,0.28670212626457214,0.41311439871788025,0.007064307574182749,0.9875397086143494,0.012460345402359962,0.9627954363822937,0.037204451858997345,0.003998739644885063,0.9960014820098877,0.5238809585571289,0.4761190712451935,0.8913903832435608,0.10860946029424667,0.08150827139616013,0.9184916615486145,5.979218482971191,5.850307941436768,5.037047386169434,5.477418899536133,122.09307098388672
08vpHPtXSGh3gerjxKKMz4,0.061031777411699295,0.020275425165891647,0.46749255061149597,1.3937722542323172e-05,0.0010929747950285673,0.045198652893304825,0.05239306390285492,0.34957626461982727,0.0029254129622131586,0.9999867081642151,1.342734776699217e-05,0.8655402064323425,0.13445982336997986,0.00014822144294157624,0.9998519420623779,0.10077536106109619,0.8992246985435486,0.9978516697883606,0.0021485071629285812,0.46999675035476685,0.5300031900405884,5.588393211364746,5.240153789520264,5.378843784332275,5.46518087387085,123.979248046875
5XGH2GKVSdkKJQuI23yPoZ,0.012784980237483978,0.004384542349725962,0.27423393726348877,0.001039822236634791,0.004415126983076334,0.0147304842248559,0.5695050954818726,0.10502714663743973,0.013878842815756798,0.9921309351921082,0.007869167253375053,0.8757539987564087,0.12424588948488235,0.03331795334815979,0.9666823148727417,0.13972993195056915,0.8602700233459473,0.6844509840011597,0.31554898619651794,0.11496052891016006,0.8850396275520325,5.845637321472168,5.392099857330322,4.985337257385254,5.136560440063477,124.66742706298828
1dHiSGzb9WFtDKnBFJs4KO,0.013678387738764286,0.0024083724711090326,0.1424645632505417,0.0008897597435861826,0.054918501526117325,0.06857413798570633,0.38643142580986023,0.3227381408214569,0.007896718569099903,0.9814507961273193,0.01854921132326126,0.8926181793212891,0.10738183557987213,5.7003348047146574e-05,0.9999431371688843,0.044829580932855606,0.9551705121994019,0.8334290385246277,0.1665710061788559,0.049264080822467804,0.950735867023468,5.500983238220215,5.3494648933410645,5.0578742027282715,5.148808002471924,119.99369049072266
1NMSZn1gconZXGv0NSRuO6,0.04552408307790756,0.0245770625770092,0.459982305765152,0.0004956652992404997,0.0037220860831439495,0.14529386162757874,0.16550657153129578,0.13220176100730896,0.022696612402796745,0.99220871925354,0.007791321258991957,0.8876436948776245,0.11235631257295609,0.0007724673487246037,0.9992278218269348,0.13290271162986755,0.8670973181724548,0.9789464473724365,0.02105376124382019,0.31616222858428955,0.6838377118110657,5.771885871887207,5.715516567230225,5.392452239990234,5.658387660980225,125.87290954589844
2S2uzei41Epnb1TndFTS9l,0.02041962556540966,0.020874010398983955,0.2888990044593811,0.0012955364072695374,0.06767231225967407,0.11775177717208862,0.29516083002090454,0.17899198830127716,0.008934925310313702,0.9924760460853577,0.007524071726948023,0.8991170525550842,0.10088282078504562,0.0002753988665062934,0.999724805355072,0.25372961163520813,0.7462702989578247,0.9500590562820435,0.04994102567434311,0.13173487782478333,0.8682651519775391,6.063226222991943,5.792591571807861,5.1297526359558105,5.995885372161865,122.09770202636719
0oUnCHrsjhjclb9owm741n,0.03021654486656189,0.008900132961571217,0.3585605323314667,0.00047014185111038387,0.0009740142268128693,0.08498498797416687,0.49508246779441833,0.003087271237745881,0.017723888158798218,0.998703122138977,0.0012969340896233916,0.8991764187812805,0.10082359611988068,0.006444093305617571,0.993556022644043,0.531488835811615,0.46851107478141785,0.999782919883728,0.00021721338271163404,0.2780900001525879,0.721910297870636,6.185855388641357,6.164219379425049,5.896574974060059,6.642810344696045,126.97650909423828
1oGX6s0SjBSMz1Z4I9a8zN,0.03437100723385811,0.008496362715959549,0.6802289485931396,0.0013187923468649387,0.0074777500703930855,0.061497826129198074,0.12493566423654556,0.07585538923740387,0.005818392150104046,0.9974750280380249,0.002525010844692588,0.9240125417709351,0.07598775625228882,0.027789773419499397,0.9722102880477905,0.2804880738258362,0.7195119857788086,0.9023635983467102,0.09763635694980621,0.29436013102531433,0.7056398987770081,5.730301380157471,5.294155597686768,4.7490925788879395,5.0373077392578125,119.9858169555664
64NGjHW1w5Kl42xEKdqi6o,0.010757365263998508,0.008606746792793274,0.16193169355392456,0.0033104666508734226,0.08942004293203354,0.10567371547222137,0.2921995520591736,0.3131677508354187,0.014932653866708279,0.9568424820899963,0.043157484382390976,0.890324592590332,0.10967541486024857,0.010792592540383339,0.9892075657844543,0.1381598562002182,0.8618401288986206,0.7553719282150269,0.24462813138961792,0.05823143944144249,0.9417685866355896,5.769951343536377,5.445918083190918,5.32462215423584,5.640450477600098,113.24454498291016
3SAga35lAPYdjj3qyfEsCF,0.14288267493247986,0.010796776041388512,0.2425207942724228,0.0031454816926270723,0.010948753915727139,0.02919611521065235,0.32793810963630676,0.18311747908592224,0.049453768879175186,0.9500247240066528,0.04997534677386284,0.6578624844551086,0.34213757514953613,0.013058951124548912,0.9869411587715149,0.8464635014533997,0.15353666245937347,0.94764643907547,0.05235359072685242,0.13186746835708618,0.8681322932243347,6.202818393707275,5.899112701416016,5.48541259765625,6.032642364501953,120.30350494384766
5LrN7yUQAzvthd4QujgPFr,0.6797919273376465,0.011463840492069721,0.08394553512334824,0.04544251039624214,0.003970752004534006,0.0223604254424572,0.06767261028289795,0.013005922548472881,0.07234630733728409,0.7022824287414551,0.29771772027015686,0.2807137966156006,0.7192860841751099,0.8065451979637146,0.19345471262931824,0.4281797707080841,0.5718203186988831,0.2620241045951843,0.7379757165908813,0.19403766095638275,0.8059622049331665,4.454313278198242,4.415362358093262,4.264531135559082,4.5103654861450195,66.0008316040039
1NHflT1W5O7fntEXN9rfe9,0.27194663882255554,0.004639419261366129,0.16308258473873138,0.18612980842590332,0.04185373708605766,0.11487911641597748,0.12541566789150238,0.05014892295002937,0.04190419986844063,0.6137740015983582,0.38622596859931946,0.43168047070503235,0.56831955909729,0.5758659243583679,0.4241338074207306,0.23981289565563202,0.760187029838562,0.21694782376289368,0.783052384853363,0.31100913882255554,0.6889908909797668,4.568426132202148,4.619216442108154,4.311740875244141,4.4040608406066895,130.0140838623047
2SyMl67slr9yJA9YJFC3mV,0.14536920189857483,0.0080625731498003,0.4551441967487335,0.010051491670310497,0.005126091185957193,0.04010055214166641,0.17694415152072906,0.12588264048099518,0.03331918641924858,0.9749035835266113,0.025096742436289787,0.7294954657554626,0.2705044448375702,0.11030154675245285,0.8896983861923218,0.7017087340354919,0.2982913851737976,0.8699284791946411,0.13007141649723053,0.44058263301849365,0.559417188167572,5.527712345123291,5.337339878082275,5.351643085479736,5.369226455688477,119.58757781982422
2fQwoYSzWzChmIB2zZwrGL,0.36928072571754456,0.0030674904119223356,0.3044460713863373,0.012489787302911282,0.0005694610299542546,0.007165617309510708,0.08149627596139908,0.19141270220279694,0.030071964487433434,0.9489033818244934,0.05109674111008644,0.7539275884628296,0.24607251584529877,0.11088386923074722,0.8891162872314453,0.7546291947364807,0.24537083506584167,0.8097342252731323,0.19026578962802887,0.48967769742012024,0.5103222727775574,5.970480918884277,5.167639255523682,5.292910575866699,5.446887969970703,131.12738037109375
1xK59OXxi2TAAAbmZK0kBL,0.38644760847091675,0.030714966356754303,0.0974939838051796,0.10383186489343643,0.02720448561012745,0.04314817488193512,0.07717438042163849,0.0133930379524827,0.22059154510498047,0.42191219329833984,0.5780878067016602,0.5213932394981384,0.47860682010650635,0.6742613911628723,0.3257386088371277,0.25494813919067383,0.7450518012046814,0.26871758699417114,0.7312824726104736,0.3811749517917633,0.6188251376152039,4.47413969039917,3.933779001235962,4.268809795379639,4.486083030700684,132.18731689453125
5ye1TParxcolbnNsOXO8qE,0.16741012036800385,0.016879431903362274,0.12057851254940033,0.1253083199262619,0.020279841497540474,0.21888506412506104,0.13279080390930176,0.1196402907371521,0.078227698802948,0.5696002244949341,0.4303998351097107,0.38880613446235657,0.6111940145492554,0.4995936453342438,0.5004063248634338,0.1648121029138565,0.8351877331733704,0.09590864926576614,0.904091477394104,0.2618122696876526,0.7381880283355713,4.470459461212158,4.194227695465088,4.176027774810791,4.203547477722168,103.72195434570312
6BQPRUFGHsgtNYJxuwhktR,0.18446429073810577,0.014327514916658401,0.06463062763214111,0.21467691659927368,0.01488620787858963,0.3274349570274353,0.12209087610244751,0.0047537279315292835,0.052734892815351486,0.12759177386760712,0.8724080920219421,0.41284316778182983,0.5871567130088806,0.906806468963623,0.09319324791431427,0.117495596408844,0.8825041651725769,0.05325755104422569,0.9467425346374512,0.13645122945308685,0.863548755645752,4.078387260437012,3.628844976425171,3.8815672397613525,3.6534173488616943,136.09222412109375
3l2asA2bO5lrwuiWneZbh0,0.2385471612215042,0.004301588982343674,0.30152520537376404,0.0133597357198596,0.006673907395452261,0.03008861467242241,0.0832752212882042,0.29639914631843567,0.02582935057580471,0.917392373085022,0.08260761946439743,0.6042148470878601,0.39578503370285034,0.2155556082725525,0.7844445109367371,0.2342406064271927,0.7657594084739685,0.452004998922348,0.5479950904846191,0.38532429933547974,0.6146757006645203,4.550384044647217,4.375575542449951,4.20341157913208,4.481812953948975,126.94840240478516
1tuSpba0RXUMubHpAOWlMN,0.55652916431427,0.001844289363361895,0.16368652880191803,0.009467067196965218,0.0038949642330408096,0.03469671681523323,0.025047117844223976,0.004998284857720137,0.19983583688735962,0.8856537938117981,0.11434616148471832,0.549984872341156,0.4500151574611664,0.12265750765800476,0.8773423433303833,0.7839959263801575,0.21600404381752014,0.8837021589279175,0.11629799753427505,0.4454681873321533,0.5545318722724915,6.246201038360596,5.132292747497559,5.3580193519592285,5.49772310256958,178.20547485351562
5DVNiezdlfBjQunMHakq57,0.015488123521208763,0.004526190459728241,0.8488458395004272,8.765741222305223e-05,0.007888405583798885,0.04252395033836365,0.06663816422224045,0.0028018904849886894,0.011199499480426311,0.9997732043266296,0.00022670728503726423,0.9190564751625061,0.08094332367181778,0.00028530287090688944,0.9997151494026184,0.27960753440856934,0.7203924059867859,0.9984371066093445,0.0015632057329639792,0.3389875292778015,0.6610122323036194,5.820384979248047,5.863759994506836,5.846311569213867,5.815726280212402,124.1133804321289
5xUomxrzkIr0MAP9YQur24,0.02524273656308651,0.006720487028360367,0.625558614730835,0.004471295513212681,0.0033445225562900305,0.10462448745965958,0.1933204084634781,0.013930859975516796,0.022786609828472137,0.9814876914024353,0.01851228065788746,0.9275498390197754,0.07245039194822311,0.03540097922086716,0.964599072933197,0.21522463858127594,0.7847756743431091,0.9278415441513062,0.0721583142876625,0.3466533124446869,0.6533467769622803,5.756369590759277,6.0336809158325195,5.534255504608154,5.106648921966553,123.96449279785156
1oUToNmKKfwqO1sZMmkLke,0.021809212863445282,0.008212129585444927,0.3212745487689972,0.0009960813913494349,0.008165600709617138,0.043802082538604736,0.49339503049850464,0.06344000995159149,0.03890519589185715,0.9898656606674194,0.010134382173418999,0.8787869215011597,0.12121301889419556,0.008417170494794846,0.9915831685066223,0.24878156185150146,0.7512187957763672,0.9775534868240356,0.022446682676672935,0.07749909907579422,0.9225008487701416,6.030623912811279,5.8338446617126465,5.148804187774658,6.339882850646973,123.02288818359375
75SbZJwQU37Tn90qmppqpf,0.02079964429140091,0.015151141211390495,0.538878858089447,0.0011163682211190462,0.004005688242614269,0.024544235318899155,0.3422909080982208,0.04774697497487068,0.005466208327561617,0.9956839680671692,0.0043163294903934,0.9151038527488708,0.08489616960287094,0.013301637023687363,0.986698567867279,0.43921542167663574,0.5607845187187195,0.9898740649223328,0.010126124136149883,0.15279878675937653,0.8472012281417847,6.199775218963623,6.122038841247559,5.593842029571533,6.190741539001465,120.10108184814453
0bCOW64uQn5lUv67BF1Tyv,0.030424710363149643,0.004949628375470638,0.7420923113822937,0.0004613820347003639,0.000840496679302305,0.03437910974025726,0.07104445993900299,0.10506368428468704,0.010744303464889526,0.9941515922546387,0.005848705302923918,0.8259303569793701,0.1740698367357254,0.0008886274299584329,0.9991114735603333,0.010612722486257553,0.9893872141838074,0.9906819462776184,0.009318049065768719,0.5675869584083557,0.43241289258003235,5.427422046661377,5.034245014190674,5.027229309082031,4.996265411376953,125.02710723876953
35Un96DmDk5lj0yLS1wFzX,0.006519030779600143,0.0008802118245512247,0.9339300990104675,0.00018139148596674204,2.1291221855790354e-05,0.012200266122817993,0.03871133178472519,0.0024570066016167402,0.00509971659630537,0.999994158744812,5.9058556871605106e-06,0.929644763469696,0.0703553557395935,2.1154279238544405e-05,0.9999791383743286,0.2314535230398178,0.7685467600822449,0.9999694228172302,3.079964153585024e-05,0.5959404706954956,0.404059499502182,6.200596809387207,5.661769866943359,5.706825256347656,5.645209789276123,120.97400665283203
4m98UJ9M2jC3S3qUhJKy3z,0.006026497110724449,0.004115206655114889,0.8523812294006348,9.368563769385219e-05,0.0007225912995636463,0.014748083427548409,0.09905609488487244,0.020433688536286354,0.0024229574482887983,1.0,3.64648258255329e-08,0.8403420448303223,0.15965799987316132,2.5300130801042542e-05,0.9999750256538391,0.04369339346885681,0.9563065767288208,0.9998720288276672,0.00012805948790628463,0.24767881631851196,0.752321183681488,5.761420249938965,5.529754161834717,5.448660850524902,5.1128249168396,122.45735931396484
6vvfceNMdLZAsgQ10J2bK1,0.01958414353430271,0.021000711247324944,0.38820889592170715,0.0004739669384434819,0.003820008598268032,0.11327029764652252,0.28253933787345886,0.13407093286514282,0.03703170269727707,0.9999971985816956,3.094692601735005e-06,0.77872633934021,0.2212734818458557,0.00047772112884558737,0.9995223879814148,0.30000683665275574,0.6999930739402771,0.9953669905662537,0.0046331570483744144,0.21111588180065155,0.7888842225074768,6.132564544677734,5.5370588302612305,5.756593227386475,6.10987663269043,120.01364135742188
5k4y9qz2LtttknM8plQtLk,0.04736991599202156,0.024400580674409866,0.7511218786239624,0.0038525222335010767,0.010086877271533012,0.04119398444890976,0.02823442593216896,0.046110790222883224,0.047628987580537796,0.7828290462493896,0.21717093884944916,0.6674432754516602,0.33255672454833984,0.013165246695280075,0.9868348240852356,0.26224613189697266,0.7377540469169617,0.85087651014328,0.14912359416484833,0.3952226936817169,0.6047772765159607,4.847499847412109,4.596278667449951,5.0783281326293945,4.613010883331299,87.83943176269531
7qONmzQvjWnzQAbBrRqKrB,0.16882078349590302,0.01056718546897173,0.5955271124839783,0.011825392954051495,0.006371757946908474,0.10102470964193344,0.04837377369403839,0.03127630800008774,0.026213018223643303,0.774109423160553,0.22589053213596344,0.6110203266143799,0.3889797031879425,0.13482578098773956,0.8651741147041321,0.3594359755516052,0.6405640244483948,0.8001673221588135,0.19983264803886414,0.6339029669761658,0.36609700322151184,4.554335594177246,4.4594950675964355,4.441304683685303,4.3010406494140625,81.9100112915039
2uo4ZOD82ldcydWj5cPqAa,0.1317073106765747,0.0006815108936280012,0.734239935874939,0.0039071375504136086,0.0008208367507904768,0.04951927065849304,0.0027999221347272396,0.01547655276954174,0.06084761023521423,0.48163944482803345,0.5183605551719666,0.49234020709991455,0.5076597332954407,0.06235789880156517,0.9376421570777893,0.012473320588469505,0.9875268936157227,0.7223172187805176,0.27768272161483765,0.8224471211433411,0.17755289375782013,3.7279322147369385,3.4506587982177734,3.908843994140625,3.7840237617492676,89.75372314453125
1pbM1RxC8vRhgon7PszVds,0.056884218007326126,0.026512386277318,0.6817275881767273,0.0025245987344533205,0.007967417128384113,0.05070989206433296,0.023635853081941605,0.13167020678520203,0.018367959186434746,0.9782689809799194,0.021730974316596985,0.6259944438934326,0.37400540709495544,0.0007847328670322895,0.9992152452468872,0.14243632555007935,0.8575637340545654,0.9410156607627869,0.05898438021540642,0.3236250579357147,0.6763749122619629,5.4665207862854,5.236222267150879,5.367839336395264,5.021509647369385,105.98318481445312
4waOZsInxjKYnh6UF1V255,0.132704496383667,0.05431770533323288,0.4827781617641449,0.00481639988720417,0.01346104871481657,0.06440778076648712,0.04674585163593292,0.11157368868589401,0.08919478952884674,0.8351528644561768,0.16484729945659637,0.6480453610420227,0.35195451974868774,0.03340519592165947,0.9665949940681458,0.6101789474487305,0.3898210823535919,0.9879894256591797,0.012010622769594193,0.7290027141571045,0.27099722623825073,6.165304660797119,5.220705986022949,5.016087055206299,5.692005157470703,86.97110748291016
2ZPn13QvfstxFlyijzqDTH,0.23525869846343994,0.011762437410652637,0.4828726649284363,0.020948315039277077,0.005689261946827173,0.08476746827363968,0.05987268313765526,0.03964187949895859,0.059186555445194244,0.7543572187423706,0.24564296007156372,0.6349251866340637,0.36507466435432434,0.24386197328567505,0.7561381459236145,0.43223002552986145,0.5677700042724609,0.7123194932937622,0.28768038749694824,0.620695948600769,0.379303902387619,4.717038631439209,4.234119892120361,4.419106960296631,4.4766435623168945,107.20893859863281
62CfP87tk9IHEMfAI087tu,0.03578638657927513,0.0012364541180431843,0.8117878437042236,0.0007062570075504482,0.0008032390614971519,0.05412507802248001,0.017276939004659653,0.06454988569021225,0.013727948069572449,0.8425187468528748,0.1574813425540924,0.6818678975105286,0.318132221698761,0.031299490481615067,0.9687004685401917,0.18149083852767944,0.8185091018676758,0.8495166301727295,0.1504833847284317,0.8010463714599609,0.1989535689353943,4.905263900756836,4.649295806884766,4.515338897705078,4.222559928894043,89.95405578613281
1DK2JuYarBeNwcLNPw1Qyo,0.08211738616228104,0.0698021650314331,0.5190408825874329,0.021969769150018692,0.008647111244499683,0.2134304642677307,0.03749324753880501,0.024868058040738106,0.022630933672189713,0.8967595100402832,0.10324061661958694,0.5017749071121216,0.4982251524925232,0.22036851942539215,0.779631495475769,0.4176223576068878,0.5823774933815002,0.9171033501625061,0.08289651572704315,0.6136736869812012,0.386326402425766,5.002413272857666,4.999712944030762,5.174315929412842,5.010408401489258,112.69853973388672
335vJ5AwekBqjaj1XjmRnd,0.05991817265748978,0.025587297976017,0.4006906747817993,0.00476386584341526,0.011651468463242054,0.3709186017513275,0.03691568225622177,0.0616334043443203,0.027920853346586227,0.8213613033294678,0.1786384880542755,0.60764080286026,0.39235907793045044,0.22327595949172974,0.7767238616943359,0.44555777311325073,0.5544422268867493,0.7994404435157776,0.200559601187706,0.6506192684173584,0.34938085079193115,5.148995399475098,4.775333404541016,4.942324161529541,4.670136451721191,104.27555847167969
4Jwt4weWHww02btnBOGoGc,0.09079873561859131,0.01082475483417511,0.6385552287101746,0.006549287587404251,0.004441906698048115,0.10259759426116943,0.026488134637475014,0.09240629523992538,0.027338065207004547,0.7427242994308472,0.25727564096450806,0.6027656197547913,0.39723435044288635,0.07243324816226959,0.927566647529602,0.2430739402770996,0.7569258809089661,0.7239665389060974,0.276033490896225,0.7530921697616577,0.24690793454647064,4.73801851272583,4.572027683258057,4.4366774559021,4.368950843811035,89.30414581298828
3VLBjYS5Dhbw2vUd4ku4PU,0.013254831545054913,0.015075430274009705,0.7076349258422852,0.0007904386147856712,0.0003560582990758121,0.013876175507903099,0.03053543157875538,0.19026543200016022,0.028211411088705063,0.9741708636283875,0.025829095393419266,0.6991488933563232,0.30085107684135437,0.007684714626520872,0.9923154711723328,0.022700803354382515,0.9772990345954895,0.9809373021125793,0.01906256377696991,0.056517913937568665,0.9434821605682373,5.673008918762207,5.178218841552734,5.342259407043457,5.971322059631348,122.98469543457031
0HGX3Sk2Wp4ibJDyW9hvdY,0.03795596584677696,0.06619074195623398,0.36430075764656067,0.0007687443285249174,0.009326037019491196,0.13468483090400696,0.21761684119701385,0.16394972801208496,0.005206332076340914,0.9999999403953552,1.0307964259936853e-07,0.8868648409843445,0.11313533037900925,2.7624326321529225e-05,0.9999723434448242,0.2848116457462311,0.7151884436607361,0.9998419880867004,0.0001582715194672346,0.2149503529071808,0.7850497364997864,6.124343395233154,6.254233360290527,5.725577354431152,5.8518290519714355,123.02439880371094
5BuFt1sQmebCdqwAJ0vZmi,0.010069457814097404,0.016936035826802254,0.7124601602554321,0.00013750055222772062,0.0016836129361763597,0.06395634263753891,0.1701408326625824,0.016485659405589104,0.008130261674523354,0.9999960064888,3.993403424829012e-06,0.8904659748077393,0.10953395068645477,1.7441863747080788e-05,0.9999828338623047,0.02794772945344448,0.9720522165298462,0.9978147745132446,0.0021851342171430588,0.22156859934329987,0.7784314155578613,6.252950191497803,6.119454860687256,5.827006816864014,5.655401706695557,124.00638580322266
3KOHKi6cTh1IRAxUwmrMok,0.2399846464395523,0.07279763370752335,0.5084168314933777,0.007249047979712486,0.005369039252400398,0.05849849432706833,0.05670514330267906,0.039012640714645386,0.01196657307446003,0.9999958872795105,4.154092948738253e-06,0.7396028637886047,0.26039713621139526,0.000995993847027421,0.9990041851997375,0.33937546610832214,0.6606242656707764,0.9995474219322205,0.00045276281889528036,0.4077187776565552,0.5922811031341553,5.985367298126221,6.230606555938721,6.547817230224609,6.165894031524658,128.16897583007812
10YoUoKIx96ZJM0NDSkTlV,0.10373473167419434,0.13725101947784424,0.4638715386390686,0.0009499292937107384,0.005660743918269873,0.043708328157663345,0.1865655779838562,0.04519783705472946,0.013060387223958969,0.9998415112495422,0.00015851567150093615,0.7890273928642273,0.21097281575202942,0.004048976115882397,0.9959509968757629,0.16310623288154602,0.8368940353393555,0.9994465112686157,0.0005538265104405582,0.02682003378868103,0.9731799960136414,6.330355167388916,7.048475742340088,5.783149719238281,6.483425617218018,127.00929260253906
3C7sz0HzEs8NGsHbNC5clu,0.01569259911775589,0.15539181232452393,0.5849888324737549,0.0005942606367170811,0.003020381322130561,0.0760861337184906,0.11729831248521805,0.023754168301820755,0.02317352406680584,1.0,3.471631160323341e-08,0.8572483658790588,0.14275148510932922,1.1367344541213242e-06,0.9999992251396179,0.003629532177001238,0.9963704943656921,0.9997608065605164,0.00023957632947713137,0.04542934522032738,0.9545705914497375,6.2016706466674805,6.390891075134277,6.137867450714111,5.956010341644287,126.00818634033203
1TUsVN2ev9kr2PWnxXcjql,0.017691083252429962,0.043733153492212296,0.7009738087654114,0.001137950224801898,0.0010678042890504003,0.0812530517578125,0.06593389809131622,0.07971777766942978,0.008491224609315395,0.9996892809867859,0.0003110651741735637,0.8581841588020325,0.14181587100028992,0.00023902817338239402,0.9997609257698059,0.03747272491455078,0.9625274538993835,0.9952316880226135,0.004768410697579384,0.5694112777709961,0.4305887520313263,5.658123970031738,5.638437271118164,5.623021602630615,5.107325553894043,122.944091796875
6bU9aYY97cCrzsx1IKdxZG,0.020868398249149323,0.0749184712767601,0.3048880100250244,0.005573505535721779,0.011103526689112186,0.08161584287881851,0.4435918927192688,0.029733655974268913,0.027706623077392578,0.8395821452140808,0.1604178547859192,0.8900145292282104,0.10998562723398209,0.06470055133104324,0.9352995753288269,0.06622423976659775,0.9337756633758545,0.8478439450263977,0.15215599536895752,0.14717309176921844,0.8528269529342651,5.740106105804443,6.017392635345459,5.567012786865234,5.225061416625977,124.00992584228516
4v6BATXkAFiH9TUjsdax9s,0.013876905664801598,0.021334441378712654,0.6046420335769653,0.00400753878057003,0.04741981253027916,0.10770726203918457,0.15102548897266388,0.013895442709326744,0.03609105572104454,0.8674001693725586,0.13260002434253693,0.8316771388053894,0.16832281649112701,0.04003279283642769,0.9599671959877014,0.030631128698587418,0.9693686962127686,0.8241801261901855,0.17581988871097565,0.3043144941329956,0.6956853866577148,5.7688727378845215,5.353991985321045,5.294110298156738,5.28386116027832,120.02741241455078
4mNI8DJ5LS91D1bTjaqNg7,0.04922452196478844,0.0031890457030385733,0.8597476482391357,2.803789720928762e-05,4.0724160498939455e-05,0.04191751778125763,0.013356800191104412,0.03002273291349411,0.0024729834403842688,0.9999821782112122,1.805014289857354e-05,0.9064224362373352,0.09357768297195435,2.812468437696225e-06,0.9999975562095642,0.005224386230111122,0.9947755336761475,0.999979555606842,2.096040770993568e-05,0.8134468197822571,0.18655315041542053,6.136618614196777,5.491915702819824,5.715583324432373,5.46107816696167,122.99236297607422
1L0nJ5i4BWQJf2LzAi3pEw,0.036002542823553085,0.008190550841391087,0.745509922504425,0.0004296518163755536,0.0001987823925446719,0.05047029256820679,0.04316362366080284,0.05904185771942139,0.05699291452765465,0.9999876618385315,1.2434055861376692e-05,0.9390087127685547,0.06099135801196098,0.002185514662414789,0.9978145956993103,0.12094151228666306,0.8790584802627563,0.9999526143074036,4.766300116898492e-05,0.7373298406600952,0.26267009973526,6.187709808349609,5.339383602142334,5.844318389892578,5.603425025939941,123.02368927001953
5FDAy3YftIopR4SzAmKnXG,0.02803613245487213,0.012015280313789845,0.38201573491096497,0.009230311028659344,0.0004964119871146977,0.2336127609014511,0.21115785837173462,0.0890999510884285,0.03433560952544212,0.9917688965797424,0.008231406100094318,0.9221965670585632,0.07780329138040543,0.01194809004664421,0.9880518913269043,0.06286757439374924,0.9371324181556702,0.9800330400466919,0.01996711455285549,0.6184177398681641,0.3815822899341583,5.999532699584961,5.8548126220703125,5.923542022705078,5.72260856628418,123.00218963623047
2KjDDnjhxmF2Fpc3TTQTvj,0.05602497607469559,0.015129485167562962,0.20377211272716522,0.08710063993930817,0.024988261982798576,0.16073673963546753,0.33067208528518677,0.021359369158744812,0.10021631419658661,0.46844035387039185,0.5315596461296082,0.5961654782295227,0.40383458137512207,0.24545346200466156,0.7545464634895325,0.6307421922683716,0.3692578077316284,0.4560320973396301,0.5439677238464355,0.11830092966556549,0.881698727607727,5.116810321807861,5.280509948730469,5.173847675323486,4.958293437957764,95.76275634765625
6TZo6WV7ULppUZLJmKaDfs,0.026475830003619194,0.02145761251449585,0.053648341447114944,0.08621305227279663,0.07215414941310883,0.10788960009813309,0.5608375072479248,0.002306687878444791,0.06901739537715912,0.5528116226196289,0.4471884071826935,0.8796079158782959,0.12039210647344589,0.24782556295394897,0.7521742582321167,0.6585014462471008,0.34149855375289917,0.47258687019348145,0.5274131894111633,0.03657960891723633,0.9634202718734741,5.370448112487793,5.3526201248168945,5.902278900146484,5.591370105743408,122.0385513305664
2rSjE8wHrl9OiI4vmOduU8,0.009834633208811283,0.028166554868221283,0.8766544461250305,0.00026227859780192375,0.00015820832049939781,0.010384485125541687,0.055391427129507065,0.01050565391778946,0.008642641827464104,0.9999712705612183,2.8706986995530315e-05,0.9265285730361938,0.0734713077545166,2.8753156584571116e-06,0.9999973773956299,0.07927458733320236,0.9207252860069275,0.9988059401512146,0.0011940530966967344,0.6954046487808228,0.3045952320098877,5.95990514755249,5.746960639953613,6.544174671173096,6.01328706741333,119.99700164794922
5SEgz5Bk86ePJ2R1B6DHeQ,0.0004023408400826156,0.00045397429494187236,0.9380406737327576,2.8537095204228535e-05,0.00012365885777398944,0.05088852345943451,0.005161745939403772,0.0032948029693216085,0.0016057123430073261,0.9876188635826111,0.012381473556160927,0.8160046935081482,0.18399541079998016,3.697711508721113e-05,0.9999630451202393,0.0018984710332006216,0.9981014728546143,0.9948326945304871,0.00516747310757637,0.3497825860977173,0.6502175331115723,5.647024631500244,4.866823196411133,5.79625129699707,5.088987350463867,118.44107055664062
1Ttx5AjHuUmO8ZNrIVRvx8,0.04635874927043915,0.01219336036592722,0.51725172996521,0.0010676422389224172,0.00540939811617136,0.13203077018260956,0.14254745841026306,0.1202319785952568,0.022908775135874748,0.9866094589233398,0.0133908586576581,0.7610855102539062,0.23891453444957733,0.0073891677893698215,0.9926110506057739,0.18701788783073425,0.8129822015762329,0.9691470861434937,0.03085324540734291,0.5197243690490723,0.48027554154396057,5.667849540710449,5.463184356689453,5.597057819366455,5.366863250732422,122.07229614257812
0gcznyJedFX8W1AqAbitPa,0.05028187856078148,0.00931328535079956,0.16820256412029266,0.036379553377628326,0.00739482743665576,0.5051431059837341,0.12925094366073608,0.006478379014879465,0.08755546808242798,0.8021776080131531,0.19782228767871857,0.6997618675231934,0.30023810267448425,0.15531320869922638,0.8446868062019348,0.735288143157959,0.2647119462490082,0.9459657073020935,0.05403411388397217,0.3435142934322357,0.6564856767654419,5.877674579620361,6.334346771240234,6.149080276489258,5.523291110992432,123.74861907958984
2cSdAkzAf2T4j4aLvx4LLz,0.09198280423879623,0.019846919924020767,0.6025538444519043,0.003427637042477727,0.008419415913522243,0.05308331176638603,0.10905265808105469,0.07455176115036011,0.037081506103277206,0.9636048078536987,0.03639523684978485,0.8190354704856873,0.18096452951431274,0.015588336624205112,0.9844117164611816,0.43680238723754883,0.5631975531578064,0.9463139772415161,0.05368594825267792,0.5095557570457458,0.4904441237449646,6.104628086090088,5.18624210357666,5.1531901359558105,5.831867694854736,120.85092163085938
0PBQS0GycsYJ4yJJRjAIXU,0.07981900870800018,0.009095894172787666,0.23449204862117767,0.0011633549584075809,0.001592915621586144,0.003973544575273991,0.014354363083839417,0.6436379551887512,0.0118709746748209,0.991598904132843,0.008401049301028252,0.6295624375343323,0.3704375922679901,0.0018435635138303041,0.9981565475463867,0.22806982696056366,0.7719301581382751,0.9882264733314514,0.011773684062063694,0.10880890488624573,0.8911909461021423,6.029771327972412,4.950717449188232,4.476365566253662,6.564398288726807,129.6123046875
6CfcDeHk4tzSmkd97HRvM3,0.03310071676969528,0.019868919625878334,0.48949891328811646,0.0012666844995692372,0.006355151999741793,0.04066115990281105,0.17108261585235596,0.21317264437675476,0.024993158876895905,0.9351896047592163,0.06481041014194489,0.8326660990715027,0.16733382642269135,0.029431622475385666,0.9705685973167419,0.28746798634529114,0.7125319838523865,0.9303595423698425,0.06964057683944702,0.2139653116464615,0.7860347032546997,5.964459419250488,5.448359489440918,5.074345588684082,5.528203010559082,132.84181213378906
302iphQDRz3hMJoelyKTh5,0.04952821135520935,0.05184677988290787,0.4685048460960388,0.0031307078897953033,0.0063828881829977036,0.08171438425779343,0.25972115993499756,0.011461799964308739,0.06770920008420944,0.9287863373756409,0.07121365517377853,0.7162104249000549,0.28378957509994507,0.0011147854384034872,0.998885452747345,0.24867065250873566,0.7513293027877808,0.9863511919975281,0.0136488638818264,0.41271716356277466,0.5872830152511597,6.009027004241943,6.099303722381592,5.874767303466797,5.809063911437988,127.99256134033203
7h8qrDfxBzUGcXXiR4Jxea,0.06106381490826607,0.004933991003781557,0.6918451189994812,0.009557172656059265,0.007225703913718462,0.04238250106573105,0.1333499401807785,0.017461474984884262,0.03218035772442818,0.9596381187438965,0.04036193713545799,0.8468874096870422,0.15311270952224731,0.15843285620212555,0.8415671586990356,0.14130952954292297,0.8586903810501099,0.7876459956169128,0.21235410869121552,0.3301462233066559,0.669853925704956,5.886793613433838,5.4435224533081055,5.300556659698486,5.66015100479126,131.809326171875
2YhEJoYccyE5wpdAkZWbPk,0.10982350260019302,0.06591828167438507,0.6426651477813721,0.00025612852186895907,0.01204607542604208,0.017575643956661224,0.09282924979925156,0.030469072982668877,0.028416942805051804,0.9921441078186035,0.007855917327105999,0.631887674331665,0.36811232566833496,0.0003756394435185939,0.9996243715286255,0.12566104531288147,0.8743390440940857,0.9571552872657776,0.04284483194351196,0.1861274242401123,0.813872754573822,6.057150840759277,5.8965253829956055,5.67045259475708,6.1671013832092285,126.83596801757812
0ymhaRjiCwNQzeQEjewE7F,0.046190615743398666,0.015801506116986275,0.4107310473918915,0.0013034488074481487,0.014082551002502441,0.12356754392385483,0.34316298365592957,0.03112882748246193,0.014031576924026012,0.9043331146240234,0.09566673636436462,0.9021975994110107,0.09780238568782806,0.022728988900780678,0.9772710800170898,0.3420591354370117,0.6579408645629883,0.9236178994178772,0.07638204097747803,0.2254302203655243,0.7745696902275085,5.679868221282959,5.827528476715088,5.178711891174316,5.371880054473877,122.10848236083984
1Tk7GuYDspyvq16jy2Tpwl,0.06943156570196152,0.03403632715344429,0.5955649614334106,0.00010272354847984388,0.000573664961848408,0.01847822219133377,0.24568237364292145,0.025876732543110847,0.010253315791487694,0.9999954104423523,4.575980710797012e-06,0.7673252820968628,0.23267458379268646,0.0003931534884031862,0.9996067881584167,0.3212788701057434,0.6787210702896118,0.9964836835861206,0.0035164589062333107,0.16532067954540253,0.8346792459487915,6.245520114898682,6.014529705047607,5.671529293060303,6.518391132354736,126.06465911865234
6a7aKzKRgY54loG7reqXfI,0.05105132237076759,0.039999011904001236,0.48452574014663696,0.007673974614590406,0.013403681106865406,0.15423940122127533,0.19024157524108887,0.01731950417160988,0.041545648127794266,0.9009333848953247,0.09906671196222305,0.8474637269973755,0.1525363028049469,0.06363755464553833,0.9363626837730408,0.3579045832157135,0.6420954465866089,0.8952637910842896,0.10473617911338806,0.21874140202999115,0.7812586426734924,5.665004253387451,5.752074241638184,5.649158954620361,5.874377727508545,130.16966247558594
6MoqkQqnqCndaXtwr9Pi07,0.09418536722660065,0.015246734023094177,0.004743434023112059,0.06381093710660934,0.0013234266079962254,0.04173760861158371,0.020503778010606766,0.7260658740997314,0.03238273039460182,0.8353303074836731,0.16466973721981049,0.262631356716156,0.7373688817024231,0.18277911841869354,0.8172207474708557,0.6157872676849365,0.384212851524353,0.9302805066108704,0.06971943378448486,0.1403057873249054,0.8596943616867065,5.517995834350586,5.269291877746582,4.6465582847595215,5.667438507080078,142.99514770507812
0waxHShjipfbFFAPVxfMZx,0.4085235595703125,0.0883249044418335,0.004950475413352251,0.0428922176361084,0.004751596599817276,0.021239906549453735,0.094908706843853,0.24874605238437653,0.08566265553236008,0.7547796964645386,0.24522040784358978,0.10154200345277786,0.8984578847885132,0.3744104206562042,0.6255897283554077,0.8056116700172424,0.19438818097114563,0.6007649898529053,0.3992350697517395,0.08343654125928879,0.9165635704994202,5.320899963378906,5.546051979064941,5.070688724517822,5.639674663543701,79.9841079711914
6fjg3lI7SxFM1Jqf2pUFdx,0.44419485330581665,0.008786545135080814,0.007256140932440758,0.25786057114601135,0.002130615757778287,0.03415844216942787,0.12985998392105103,0.02756406180560589,0.08818882703781128,0.8064275979995728,0.19357256591320038,0.16430072486400604,0.8356993198394775,0.9020228981971741,0.09797703474760056,0.7826727628707886,0.21732690930366516,0.5946604013442993,0.40533965826034546,0.0853429064154625,0.9146571159362793,5.752224445343018,5.6521172523498535,5.010559558868408,5.497942924499512,106.99475860595703
2arE4qsM1E9GrhpIFNdzvt,0.2887505888938904,0.007061573676764965,0.023019032552838326,0.018404552713036537,0.0009450963116250932,0.013848641887307167,0.029364870861172676,0.48253098130226135,0.13607464730739594,0.8745250701904297,0.12547515332698822,0.0790824219584465,0.920917272567749,0.2812657952308655,0.7187342643737793,0.35029661655426025,0.6497032046318054,0.5104528069496155,0.4895471930503845,0.03876251354813576,0.9612376689910889,4.919418811798096,4.987254619598389,4.298309803009033,5.085761547088623,144.8814697265625
2CfOTSCzWFllw51O6oWaP1,0.2924489676952362,0.00910413172096014,0.010114884003996849,0.06015230342745781,0.0014974236255511642,0.04257628694176674,0.049161624163389206,0.49448898434638977,0.04045521840453148,0.882960855960846,0.11703940480947495,0.2098269760608673,0.7901731729507446,0.3359955847263336,0.6640044450759888,0.47024932503700256,0.529750645160675,0.465873658657074,0.5341264009475708,0.06465621292591095,0.9353437423706055,5.1900858879089355,5.404181957244873,4.8697896003723145,5.4406232833862305,89.49281311035156
3YQpycN8xEdHVo8qt0ahcI,0.06000623106956482,0.006925704888999462,0.00515370350331068,0.08042002469301224,0.0007334193214774132,0.02472768723964691,0.02921031042933464,0.7721457481384277,0.020676981657743454,0.8829686045646667,0.11703158915042877,0.16855336725711823,0.8314470052719116,0.1820334494113922,0.8179665207862854,0.5483412742614746,0.45165854692459106,0.7010515332221985,0.2989484965801239,0.05270317941904068,0.9472970366477966,5.304037094116211,5.352210998535156,4.7614874839782715,5.636895179748535,104.99793243408203
0JUmKO2Gs9eBOGeHKrMmCa,0.33220091462135315,0.01616622693836689,0.011161401867866516,0.3147006332874298,0.0008806761470623314,0.04661576822400093,0.09442001581192017,0.0186468493193388,0.16520747542381287,0.3185308873653412,0.6814690232276917,0.044707197695970535,0.9552927017211914,0.885542094707489,0.11445791274309158,0.7235846519470215,0.2764153778553009,0.21229693293571472,0.7877030968666077,0.06909974664449692,0.9309002161026001,5.2475128173828125,4.8947529792785645,5.017278671264648,5.032684803009033,144.4109344482422
3gghFPYQKp58QQw8sXpiXF,0.2948780357837677,0.0212576724588871,0.0007536583580076694,0.45436331629753113,0.0008452761103399098,0.044086724519729614,0.07718142122030258,0.009949573315680027,0.09668433666229248,0.3639506995677948,0.6360493302345276,0.07800569385290146,0.9219944477081299,0.9783788323402405,0.021621158346533775,0.7853794693946838,0.2146204710006714,0.23589305579662323,0.7641071081161499,0.13660214841365814,0.8633976578712463,5.350883960723877,5.432018280029297,5.432542324066162,5.251126766204834,110.98291015625
6ueqDOsYXYDzKpj2e2AxhO,0.26214203238487244,0.005404563620686531,0.053198087960481644,0.00843854807317257,0.0038736085407435894,0.06329232454299927,0.015731215476989746,0.5208690166473389,0.06705058366060257,0.7694291472434998,0.23057082295417786,0.16111233830451965,0.8388877511024475,0.01797877624630928,0.9820212125778198,0.3290676772594452,0.6709324717521667,0.7813234329223633,0.21867653727531433,0.16183426976203918,0.8381657004356384,5.2951741218566895,4.943887233734131,3.8768858909606934,5.342197418212891,132.9850616455078
52cgSobe7IqFFg3MEAI8mG,0.5385727286338806,0.01646057330071926,0.03638390824198723,0.11700102686882019,0.005101947579532862,0.02961774170398712,0.08529796451330185,0.055899422615766525,0.11566450446844101,0.8599991798400879,0.14000068604946136,0.11089814454317093,0.8891018033027649,0.8244915008544922,0.17550857365131378,0.7805545330047607,0.21944569051265717,0.4809562861919403,0.5190436840057373,0.06200069934129715,0.9379991292953491,5.313112735748291,5.240599632263184,4.64995002746582,5.183565616607666,98.0305404663086
0tIJQNaGHFGhcZGEHJHc9l,0.0018673270242288709,0.003833944210782647,0.7917454838752747,6.820312410127372e-05,5.00941023346968e-05,0.0561196431517601,0.08278382569551468,0.006566743832081556,0.05696474388241768,0.9999939799308777,6.1637747421627864e-06,0.8126450777053833,0.18735478818416595,8.901995897758752e-06,0.9999911785125732,0.007274264004081488,0.9927259683609009,0.9999784231185913,2.1621555788442492e-05,0.4162741005420685,0.5837259292602539,6.2761616706848145,5.637140274047852,4.6510419845581055,6.096549034118652,140.0054473876953
09GeLKK8IwFBEUVzLlhVQ0,0.02058343030512333,0.02317964658141136,0.5030646920204163,0.0012270965380594134,0.0017105003353208303,0.14264808595180511,0.17551478743553162,0.02755740098655224,0.10451437532901764,0.9230984449386597,0.07690158486366272,0.7664342522621155,0.23356591165065765,0.0017955133225768805,0.9982045888900757,0.19985567033290863,0.800144374370575,0.9688547849655151,0.031145257875323296,0.4238881468772888,0.576111912727356,6.303595066070557,5.810215473175049,4.602044105529785,6.22880220413208,150.1274871826172
2UmrBesOGiBbLD4MkKAE5a,0.01860773004591465,0.03286513686180115,0.2682872414588928,0.00036249111872166395,0.002007589675486088,0.06200988218188286,0.30446672439575195,0.28002241253852844,0.03137073665857315,0.9614610075950623,0.03853902965784073,0.8673707246780396,0.13262924551963806,0.00039431132609024644,0.9996058940887451,0.09093087911605835,0.9090691804885864,0.9971297383308411,0.00287012942135334,0.3815249800682068,0.6184751391410828,5.872416019439697,5.394045829772949,5.0119500160217285,5.328518390655518,135.0854949951172
2mHl80Ggpr6xLXcka9iP5z,0.030355503782629967,0.01678984984755516,0.3964775502681732,0.0008460658136755228,0.0001857386523624882,0.03548287972807884,0.05021414905786514,0.45688584446907043,0.012762580998241901,0.9858500361442566,0.014149989001452923,0.8215569853782654,0.17844299972057343,0.0002699453034438193,0.9997301697731018,0.08185499161481857,0.9181451201438904,0.9773399829864502,0.022660119459033012,0.3881869912147522,0.611812949180603,6.2716383934021,5.563444137573242,5.50645112991333,5.969443321228027,129.8617706298828
5nUak2SyLdYMVz8cj19Dl2,0.03706960752606392,0.0030381144024431705,0.7663580775260925,2.023066917899996e-05,0.00011818907660199329,0.0029817388858646154,0.004682602360844612,0.18523350358009338,0.0004979022778570652,0.9999977350234985,2.252550530101871e-06,0.8745535612106323,0.12544631958007812,4.227486272156966e-08,1.0,0.017665265128016472,0.9823348522186279,0.9999739527702332,2.6544985303189605e-05,0.33936604857444763,0.6606341004371643,6.648409843444824,4.803725242614746,4.624017238616943,6.225890159606934,70.00858306884766
4V8VKDe62ZdGZAn551JdTz,0.01787927933037281,0.02579832635819912,0.6630342602729797,0.0012695020996034145,0.0006831244681961834,0.14600393176078796,0.10364499688148499,0.0014195684343576431,0.04026709496974945,0.9841545820236206,0.015845471993088722,0.7728310227394104,0.2271689772605896,0.0021902972366660833,0.9978097081184387,0.04043692350387573,0.9595627784729004,0.9784873127937317,0.021512717008590698,0.5602545738220215,0.4397454857826233,6.394979000091553,5.508877754211426,4.598150730133057,6.024511337280273,144.97853088378906
7JiVHLg0xMXn6ct4VSMyCr,0.015369387343525887,0.00291543104685843,0.8844415545463562,0.0014132623327896,0.0009860966820269823,0.007717412896454334,0.023173559457063675,0.027231881394982338,0.036751583218574524,0.9321113228797913,0.0678887665271759,0.6291179060935974,0.37088215351104736,0.0014746985398232937,0.9985254406929016,0.004208992701023817,0.9957908987998962,0.9105227589607239,0.08947736769914627,0.2615974247455597,0.7384027242660522,5.505064487457275,4.660508155822754,4.777572154998779,4.942225456237793,134.61685180664062
0IkD7mz4zUWFjgoGuXt982,0.0024140465538948774,0.0019640461541712284,0.9446194171905518,2.5513643777230754e-05,4.568204531096853e-05,0.005539075005799532,0.014995401725172997,0.018967287614941597,0.011429671198129654,0.9998729228973389,0.0001270486245630309,0.8666673898696899,0.13333258032798767,6.604842894830654e-08,0.9999999403953552,0.012754276394844055,0.9872457385063171,0.9999997019767761,3.4406127724651014e-07,0.3729332387447357,0.6270669102668762,6.437232971191406,5.477917194366455,4.715904712677002,6.330805778503418,133.00352478027344
03zWQa4ZQEMofug2Gmh6io,0.4736674726009369,0.024768458679318428,0.07482203841209412,0.00030166609212756157,0.0008525917655788362,0.003602090058848262,0.3061515688896179,0.10183275490999222,0.014001254923641682,0.9999768137931824,2.3240692826220766e-05,0.7973359823226929,0.20266419649124146,0.000370574212865904,0.9996293783187866,0.9174578785896301,0.08254226297140121,0.9985119104385376,0.0014883977128192782,0.06277845054864883,0.9372214674949646,6.665378570556641,5.852669715881348,5.39624547958374,6.166992664337158,121.99937438964844
1yQkAv4xtapCBCzI8q1QGF,0.12377308309078217,0.003539834637194872,0.42766273021698,0.009466872550547123,0.0027906668838113546,0.036327049136161804,0.25633275508880615,0.12544001638889313,0.014666939154267311,0.9750946164131165,0.024905472993850708,0.7896783351898193,0.210321843624115,0.049148641526699066,0.9508514404296875,0.6743902564048767,0.3256097137928009,0.8913866877555847,0.10861342400312424,0.250712513923645,0.7492873668670654,6.290271759033203,5.968868255615234,5.507391452789307,6.024404525756836,100.01622772216797
3vjs2MDHoF9xhylNg6Y9un,0.27198341488838196,0.021085413172841072,0.332908034324646,0.0058068279176950455,0.03576182946562767,0.06332118064165115,0.1385398805141449,0.08512741327285767,0.045466069132089615,0.7380454540252686,0.2619544565677643,0.6465293765068054,0.3534705638885498,0.0673251524567604,0.9326749444007874,0.4329063594341278,0.5670936107635498,0.11601573973894119,0.8839840888977051,0.12213301658630371,0.8778669834136963,4.905944347381592,4.449610233306885,4.853173732757568,4.433994293212891,135.13853454589844
3qhlB30KknSejmIvZZLjOD,0.5184400081634521,0.014077464118599892,0.09291336685419083,0.031173869967460632,0.015433250926434994,0.034052830189466476,0.1624728888273239,0.0273138377815485,0.10412240773439407,0.9254453182220459,0.07455482333898544,0.5320059061050415,0.4679940640926361,0.4751843214035034,0.5248156785964966,0.8830501437187195,0.11695004254579544,0.5850015878677368,0.414998322725296,0.1945471167564392,0.805452823638916,5.363685607910156,5.360066890716553,5.218669414520264,5.194056510925293,161.5538787841797
6TorufIR9E06RXo3VhZaae,0.23926560580730438,0.004969283007085323,0.32680240273475647,0.0231576319783926,0.015550997108221054,0.09019014984369278,0.20925042033195496,0.06954026967287064,0.0212731771171093,0.9018038511276245,0.0981963500380516,0.7051770687103271,0.29482296109199524,0.10728278011083603,0.8927170634269714,0.5962329506874084,0.4037671387195587,0.761920154094696,0.23807968199253082,0.3717915415763855,0.6282085180282593,5.836498737335205,5.693636894226074,5.31827974319458,5.247533321380615,117.09721374511719
56sDw3DIGcUStBO5SguYPK,0.1388826221227646,0.010125318542122841,0.206102192401886,0.004045587964355946,0.014286777004599571,0.042977917939424515,0.30654898285865784,0.2631802260875702,0.013850439339876175,0.998805582523346,0.001194635173305869,0.7514631748199463,0.24853681027889252,0.010338419117033482,0.989661693572998,0.6588095426559448,0.3411903977394104,0.901077389717102,0.09892255067825317,0.038742657750844955,0.9612575173377991,6.209449291229248,6.095362663269043,5.769427299499512,6.352397918701172,172.26596069335938
6L8JVXMBLDZeyhBKr0lrj8,0.44086503982543945,0.027898576110601425,0.2242836058139801,0.010669177398085594,0.0022019168827682734,0.0034453063271939754,0.2061426341533661,0.00706052128225565,0.07743332535028458,0.9947108030319214,0.00528909033164382,0.659712016582489,0.3402882218360901,0.014689771458506584,0.9853102564811707,0.9489147067070007,0.051085345447063446,0.9888356328010559,0.011164269410073757,0.1607968807220459,0.8392030000686646,6.702308654785156,6.238243103027344,5.802457332611084,6.130723476409912,141.01524353027344
7KnGAY27aFqgiYySwt7yg5,0.06370034068822861,0.03120538406074047,0.10589142143726349,0.004123339895159006,0.07159794867038727,0.038136355578899384,0.36501196026802063,0.3049573302268982,0.015375935472548008,0.9999254941940308,7.460742199327797e-05,0.7864956259727478,0.213504359126091,0.00322151742875576,0.9967784285545349,0.8151811361312866,0.18481874465942383,0.8035284876823425,0.19647149741649628,0.006077728699892759,0.9939221739768982,6.130573749542236,6.343648910522461,5.761213779449463,6.0507073402404785,105.9665756225586
3HAYmp6l5lYGG8zz4qMbIX,0.3591511845588684,0.0196318831294775,0.20465081930160522,0.04875307157635689,0.014640058390796185,0.0750349685549736,0.17562320828437805,0.03727240860462189,0.06524242460727692,0.9548283815383911,0.04517171531915665,0.6084192991256714,0.39158087968826294,0.12356868386268616,0.876431405544281,0.8549758791923523,0.14502426981925964,0.9287514686584473,0.07124887406826019,0.37586453557014465,0.6241353750228882,6.2839555740356445,5.934446811676025,5.8603291511535645,6.113297939300537,109.93269348144531
5hS8s1Vf4CeSRBT1bTWa39,0.3437616229057312,0.011410924606025219,0.19115111231803894,0.007660223171114922,0.0249479990452528,0.08453487604856491,0.18196380138397217,0.10053882002830505,0.05403062701225281,0.9390596747398376,0.06094018369913101,0.6075102090835571,0.39248988032341003,0.10649793595075607,0.8935019969940186,0.7837016582489014,0.216298446059227,0.6846005916595459,0.3153994381427765,0.265083372592926,0.734916627407074,5.138918399810791,5.430493354797363,5.373235702514648,4.985328674316406,89.84017944335938
4oa07F3wFhTJWmI4bmEiP8,0.04459409788250923,0.0064482372254133224,0.0654909685254097,0.005547919310629368,0.034893639385700226,0.09605606645345688,0.16718676686286926,0.5728909969329834,0.006891378201544285,0.9984869956970215,0.0015130899846553802,0.4167371094226837,0.5832628011703491,0.023287640884518623,0.9767126441001892,0.8684061169624329,0.13159385323524475,0.9194136261940002,0.08058619499206543,0.034572307020425797,0.9654277563095093,6.5526533126831055,6.450363636016846,5.500098705291748,6.5235185623168945,98.46593475341797
2XEQK0mTL50GGSv4jIONcc,0.09912701696157455,0.00929467286914587,0.21022555232048035,0.006046222988516092,0.06573276221752167,0.39839059114456177,0.11398646235466003,0.08741962164640427,0.009777111932635307,0.9991962909698486,0.000803786504548043,0.3799004852771759,0.620099663734436,0.012845179066061974,0.9871547222137451,0.9072641134262085,0.09273605048656464,0.9840819835662842,0.015917999669909477,0.4010050594806671,0.5989950895309448,6.641766548156738,6.048656940460205,5.682400226593018,6.412956237792969,114.01692962646484
0EDeblRUiwI7ICqPj4uELR,0.13493658602237701,0.011533367447555065,0.2615702152252197,0.008730029687285423,0.022471556439995766,0.418108195066452,0.05824631452560425,0.07884439826011658,0.005559373181313276,0.9975521564483643,0.0024478489067405462,0.46929797530174255,0.5307019948959351,0.009491205215454102,0.9905087947845459,0.9543712139129639,0.045628905296325684,0.999538242816925,0.00046204213867895305,0.8173890113830566,0.18261095881462097,7.148045063018799,6.601802825927734,5.9848833084106445,6.418947219848633,153.79519653320312
2GLN3KJjmFhXG8mHGr6II0,0.02004152350127697,0.009326565079391003,0.18972353637218475,0.002169803949072957,0.039063144475221634,0.04110313579440117,0.38510486483573914,0.3017619848251343,0.011705448850989342,0.9792370796203613,0.020762840285897255,0.9558244943618774,0.04417533054947853,0.0719527155160904,0.9280474185943604,0.7870466113090515,0.21295319497585297,0.7637876272201538,0.2362123280763626,0.0053796591237187386,0.9946204423904419,6.062344551086426,5.923832416534424,4.862423896789551,5.235352039337158,125.99967193603516
0AYxXh4ilrJgf3PJs0aLD7,0.10256358236074448,0.008518793620169163,0.19410274922847748,0.0042128488421440125,0.03458420932292938,0.39512789249420166,0.12495265156030655,0.13209408521652222,0.0038429631385952234,0.9995096921920776,0.0004905281239189208,0.4270680844783783,0.5729318857192993,0.026762284338474274,0.9732378125190735,0.8892654776573181,0.11073453724384308,0.9506269097328186,0.04937339946627617,0.4965343773365021,0.5034656524658203,6.343606948852539,6.37544059753418,5.666726589202881,6.061379909515381,103.01306915283203
1yY0c4KRfo0VbLqs6qd6hu,0.07018206268548965,0.01913076639175415,0.056734200567007065,0.008787211030721664,0.04829834774136543,0.5809598565101624,0.07560780644416809,0.1318911910057068,0.008408503606915474,0.9819938540458679,0.018006199970841408,0.37117719650268555,0.6288228631019592,0.20531272888183594,0.7946872711181641,0.9202325940132141,0.07976728677749634,0.8349949717521667,0.16500511765480042,0.5991404056549072,0.40085938572883606,5.985510349273682,6.250374794006348,5.800750255584717,5.7688422203063965,93.98152923583984
0znYhe5amMBw6Ug7EzR2Rc,0.14432860910892487,0.003511431161314249,0.26694685220718384,0.0004233672807458788,0.013356028124690056,0.024138374254107475,0.249970480799675,0.29148000478744507,0.005844780709594488,0.9970229864120483,0.0029769698157906532,0.7359828352928162,0.2640172243118286,0.0015623182989656925,0.9984380602836609,0.42399200797080994,0.576008141040802,0.935393214225769,0.06460688263177872,0.03820890933275223,0.9617910981178284,5.803121566772461,6.212405204772949,5.0557966232299805,5.777683734893799,91.9348373413086
3dZzUQVDLByfxVIStbVOu5,0.14831016957759857,0.01105207297950983,0.004774804227054119,0.00043612232548184693,0.0024104220792651176,0.024566175416111946,0.013849855400621891,0.7929220199584961,0.0016786573687568307,0.9998136758804321,0.0001863071956904605,0.6063777804374695,0.3936220705509186,0.008342201821506023,0.9916579723358154,0.9532619714736938,0.046737994998693466,0.9979476928710938,0.002052281517535448,0.018656805157661438,0.9813432097434998,6.342099189758301,6.0684919357299805,4.882539749145508,6.730591773986816,98.00250244140625
0HjV1R5MaVfJ5q1N1LzaHG,0.07905913889408112,0.00419660797342658,0.16138885915279388,0.00017910786846186966,0.002184891840443015,0.007731439545750618,0.025587843731045723,0.7112991213798523,0.008372906595468521,0.9963809847831726,0.0036190564278513193,0.51880943775177,0.48119056224823,0.0002892129705287516,0.9997109770774841,0.6103696823120117,0.38963013887405396,0.9941999912261963,0.0058001065626740456,0.011529249139130116,0.9884702563285828,6.6300225257873535,5.455907344818115,4.235280990600586,6.7739949226379395,99.98175048828125
1kQhwc7ZTVJ9fKk1ECl4dL,0.03499026596546173,0.0029621890280395746,0.04980035498738289,0.0005121864378452301,0.004971782676875591,0.016202108934521675,0.03677249699831009,0.8488346934318542,0.0049538142047822475,0.9980838894844055,0.0019161551026627421,0.6286576986312866,0.37134242057800293,0.003588177263736725,0.996411919593811,0.6897079348564148,0.3102920651435852,0.9891161918640137,0.010884140618145466,0.0016151214949786663,0.9983850717544556,6.626985549926758,6.018770217895508,4.256875991821289,6.999960899353027,95.98858642578125
6L7sFLx38jSDx5WFVbmL2x,0.16779223084449768,0.009622729383409023,0.2585830092430115,0.0005995503161102533,0.0030994846019893885,0.0771043449640274,0.04007595404982567,0.43260520696640015,0.01051753107458353,0.9898233413696289,0.010176797397434711,0.5441091656684875,0.4558909237384796,0.005232933908700943,0.9947674870491028,0.43564626574516296,0.5643538236618042,0.9865206480026245,0.013479390181601048,0.07938763499259949,0.9206123948097229,5.8068366050720215,5.982146739959717,5.400898456573486,6.1608476638793945,96.87760162353516
5TscqnLoygR8kHh5mhKmOv,0.05293650180101395,0.004747512750327587,0.0015817445237189531,0.0002533162187319249,0.0006471346132457256,0.004155665170401335,0.0041977837681770325,0.930069088935852,0.001411505276337266,0.9994646310806274,0.0005354622844606638,0.3689955174922943,0.6310043931007385,0.03670352324843407,0.9632964730262756,0.8436799049377441,0.15632006525993347,0.9606025815010071,0.03939744830131531,0.0005622550961561501,0.9994377493858337,5.7724080085754395,5.581080913543701,4.427320957183838,6.257612705230713,97.99107360839844
7wH57Wibq1vdVr6QmlLL5c,0.08804719895124435,0.007404387928545475,0.06839515268802643,0.0004027137183584273,0.01818760670721531,0.013136382214725018,0.03101324290037155,0.766274094581604,0.00713910860940814,0.9992887377738953,0.0007112339371815324,0.6109873056411743,0.3890126347541809,0.0025611931923776865,0.997438907623291,0.7467091679573059,0.25329074263572693,0.9867173433303833,0.013282614760100842,0.027662450447678566,0.9723376035690308,6.412383556365967,5.953541278839111,4.8234734535217285,6.7861785888671875,95.97404479980469
4jhDnHwl6llj46pzUuaON3,0.1407560259103775,0.004789803177118301,0.2442377805709839,0.0013279044069349766,0.0024374243803322315,0.030754903331398964,0.031003069132566452,0.5302159786224365,0.01447696890681982,0.9841820001602173,0.015818046405911446,0.6463722586631775,0.3536278009414673,0.01621049828827381,0.9837895035743713,0.46747034788131714,0.5325296521186829,0.9474503397941589,0.052549805492162704,0.06313147395849228,0.9368684887886047,5.936086654663086,5.6628618240356445,4.992435932159424,6.064029216766357,95.99679565429688
7l3UuUZEqvxjhKYD2QBxOU,0.03339545428752899,0.01573040708899498,0.03945257514715195,0.017675301060080528,0.009104505181312561,0.02488119713962078,0.13397997617721558,0.7076546549797058,0.01812598668038845,0.8785474896430969,0.12145265191793442,0.3700754940509796,0.6299245357513428,0.056440290063619614,0.9435598254203796,0.9148744344711304,0.08512572199106216,0.921016275882721,0.07898404449224472,0.03561747819185257,0.9643824696540833,6.239562034606934,5.694132328033447,4.745841979980469,6.567207336425781,96.11180114746094
1cQld05IcUDw3RCFt7uymW,0.010348964482545853,0.03208047151565552,0.736379861831665,0.00046953061246313155,0.0004088426358066499,0.009799947962164879,0.15288761258125305,0.013395415619015694,0.04422948509454727,0.9910688996315002,0.008931095711886883,0.7407033443450928,0.2592967450618744,0.0005698503809981048,0.9994301795959473,0.18341568112373352,0.8165842890739441,0.9911789298057556,0.008821135386824608,0.13088369369506836,0.8691161274909973,7.059016227722168,5.80673885345459,4.793601036071777,6.841568470001221,135.99368286132812
1STyRAWBlr18jm9aRBVrqE,0.005929291248321533,0.02147171087563038,0.8583860993385315,7.20890398042684e-07,0.00018707459094002843,0.0016331936931237578,0.0972004383802414,0.009869161993265152,0.005322160664945841,1.0,4.0096637121678214e-10,0.862445056438446,0.13755472004413605,1.9105164117405593e-09,1.0,0.025094741955399513,0.9749051332473755,1.0,7.056117112824722e-08,0.3405300974845886,0.6594698429107666,6.300702095031738,5.366529941558838,5.3244524002075195,6.475911617279053,132.0157928466797
1khBnYHMABE5yXgKs5p5of,0.020884471014142036,0.019322365522384644,0.6485602259635925,0.0007635834044776857,0.005731216166168451,0.013955210335552692,0.2674422562122345,0.001829064334742725,0.021511578932404518,0.999337375164032,0.0006626591202802956,0.816301703453064,0.1836981177330017,0.04324181005358696,0.9567581415176392,0.3450590670108795,0.6549409627914429,0.9788895845413208,0.02111046575009823,0.267149418592453,0.7328505516052246,7.040691375732422,5.599421501159668,4.8049116134643555,6.344972133636475,136.87887573242188
5AWGyFvWNof3Knq7QrN3jD,0.0792626440525055,0.011468690820038319,0.6598168015480042,0.0007569682784378529,0.00047423221985809505,0.007077964022755623,0.028960980474948883,0.20307151973247528,0.009110246784985065,0.9999661445617676,3.384979208931327e-05,0.7924971580505371,0.2075025886297226,1.3717468391405419e-05,0.9999862909317017,0.2300674468278885,0.7699323296546936,0.9995198845863342,0.000480358925415203,0.40614980459213257,0.5938501358032227,6.320861339569092,5.067715644836426,4.769403457641602,6.6861348152160645,135.95599365234375
5eLSXWSJphV4u3YZCNXySE,0.033707015216350555,0.017947353422641754,0.7871324419975281,5.599445285042748e-05,4.854129656450823e-05,0.02522244304418564,0.046009611338377,0.009922105818986893,0.07995443791151047,0.9689462780952454,0.03105378895998001,0.5315648913383484,0.468435138463974,0.00025241277762688696,0.9997476935386658,0.16377097368240356,0.8362290859222412,0.9973770976066589,0.002623003674671054,0.5478385090827942,0.4521614909172058,6.177251815795898,5.761868953704834,5.298484802246094,5.980649471282959,126.89212036132812
2IqFYZ4Vocia7PmzEZh67r,0.0039066956378519535,0.002703005215153098,0.8750432133674622,1.6422596672782674e-05,9.233546006726101e-05,0.008072835393249989,0.06312049925327301,0.005298384930938482,0.04174691438674927,0.9972370862960815,0.002762983785942197,0.7673283219337463,0.23267188668251038,0.0006520775496028364,0.9993480443954468,0.04664436727762222,0.9533556699752808,0.9956878423690796,0.004312083125114441,0.17174804210662842,0.8282518982887268,6.57171106338501,5.169768333435059,3.3608546257019043,6.0773210525512695,142.26824951171875
5ardmsHuWc0chy7GzsvrLd,0.009629711508750916,0.0014330443227663636,0.9561007618904114,1.1111043932032771e-05,5.2253926696721464e-05,0.006334380712360144,0.012935622595250607,0.0018696363549679518,0.01163354143500328,0.9729024171829224,0.02709793858230114,0.4965405762195587,0.5034593939781189,1.17329693694046e-06,0.999998927116394,0.05145472660660744,0.9485453963279724,0.9998579025268555,0.0001420508197043091,0.3955199718475342,0.6044802069664001,7.017800807952881,4.704050064086914,3.9295194149017334,6.24055290222168,136.66104125976562
3UnDvoDHicV3e2YLAeiTj5,0.002524178009480238,0.02070874348282814,0.8390352129936218,1.416409850207856e-05,0.0007843701168894768,0.008026801981031895,0.12270007282495499,0.001300971838645637,0.0049055772833526134,0.999998152256012,1.8400590988676413e-06,0.844284176826477,0.15571565926074982,6.581195322041822e-08,0.9999999403953552,0.07956864684820175,0.9204312562942505,0.9999998807907104,1.454083502494541e-07,0.4329952001571655,0.5670047402381897,6.604939937591553,5.253693580627441,4.952552318572998,6.47454309463501,134.03732299804688
5poZz8srlh8P5XjKsHKXj7,0.005666068755090237,0.0033177672885358334,0.9384353160858154,4.607602477335604e-06,7.324737089220434e-05,0.0027606342919170856,0.026450173929333687,0.018500300124287605,0.004791948013007641,0.9999993443489075,6.340835057017102e-07,0.818604588508606,0.18139559030532837,3.3367075502610533e-06,0.9999967217445374,0.1185719221830368,0.8814282417297363,0.9999972581863403,2.759162043730612e-06,0.6826115250587463,0.3173885941505432,6.830512046813965,4.781040668487549,4.633033275604248,6.039673805236816,133.979248046875
7CN6ZYIX338ekn7pb2CpQp,0.038543932139873505,0.09973029792308807,0.1380842924118042,0.002659742021933198,0.09735137969255447,0.016204053536057472,0.4272720217704773,0.038105983287096024,0.14204832911491394,0.9635075926780701,0.03649246320128441,0.6629437804222107,0.33705633878707886,0.0008722702041268349,0.9991276860237122,0.24247118830680847,0.7575289011001587,0.9720167517662048,0.027983559295535088,0.02987843193113804,0.9701216220855713,6.187692165374756,6.030223369598389,4.731671333312988,6.636683940887451,128.3121337890625
7mpdNiaQvygj2rHoxkzMfa,0.035489413887262344,0.0022219144739210606,0.0937066376209259,0.00119339011143893,0.11423850059509277,0.008334553800523281,0.17784306406974792,0.5628149509429932,0.004157574847340584,0.9962034821510315,0.0037964796647429466,0.7397305369377136,0.2602694034576416,0.0011320461053401232,0.9988681077957153,0.541187047958374,0.45881277322769165,0.8413891196250916,0.15861083567142487,0.04378865286707878,0.9562117457389832,5.894137382507324,5.617563247680664,4.692965984344482,5.865468502044678,104.77342224121094
3ivdlmTbUSv5JN9W8Tk9V1,0.029809271916747093,0.011298658326268196,0.1264335811138153,0.0005786331603303552,0.021627744659781456,0.008511465042829514,0.7233238816261292,0.06967504322528839,0.008741781115531921,0.9970855712890625,0.002914462238550186,0.8908353447914124,0.10916469991207123,0.0001724222383927554,0.9998279213905334,0.8353894352912903,0.16461050510406494,0.9921624660491943,0.00783785805106163,0.009918717667460442,0.9900813102722168,6.670191764831543,6.731723785400391,5.722701072692871,6.909457683563232,122.28218841552734
4UwTWjL9Twe11zDQTuQ2Lz,0.055921223014593124,0.011385280638933182,0.23853863775730133,0.003873297246173024,0.03688843175768852,0.03648700192570686,0.25995323061943054,0.3301616609096527,0.02679119072854519,0.9932692050933838,0.00673082796856761,0.6338351368904114,0.3661647140979767,0.011026925407350063,0.9889735579490662,0.5246042013168335,0.47539573907852173,0.9717101454734802,0.028289929032325745,0.012801590375602245,0.9871986508369446,6.682217121124268,5.880927562713623,4.975189685821533,6.908193588256836,105.89938354492188
1wcr8DjnN59Awev8nnKpQ4,0.05956696346402168,0.0154487369582057,0.2718905508518219,0.006975834257900715,0.021376123651862144,0.06120161712169647,0.48213618993759155,0.02839059941470623,0.05301353335380554,0.990260899066925,0.009739086031913757,0.8381076455116272,0.16189222037792206,0.007829797454178333,0.9921702742576599,0.733369767665863,0.26663026213645935,0.942032516002655,0.05796750262379646,0.0806354358792305,0.9193647503852844,6.566613674163818,5.809734344482422,5.638911247253418,6.566577434539795,134.6608123779297
0UzymivvUH5s8z4PeWZJaK,0.13923585414886475,0.0052573420107364655,0.1242915466427803,0.008686154149472713,0.10272873193025589,0.015426958911120892,0.33479011058807373,0.19067105650901794,0.07891227304935455,0.9537390470504761,0.04626097157597542,0.6690710783004761,0.3309289813041687,0.0343877375125885,0.96561199426651,0.6339354515075684,0.36606457829475403,0.5318106412887573,0.468189537525177,0.08459540456533432,0.9154045581817627,5.674508571624756,5.372705936431885,5.121769428253174,5.7891974449157715,146.17379760742188
3gYWGRS64XrGSrjD3vvtga,0.058754995465278625,0.004492967389523983,0.2516925036907196,0.002528049051761627,0.027994761243462563,0.02716042287647724,0.49262645840644836,0.11864244937896729,0.01610749214887619,0.9590773582458496,0.04092264920473099,0.8333708047866821,0.1666291356086731,0.09259529411792755,0.9074046015739441,0.4629318118095398,0.5370681285858154,0.8179015517234802,0.18209874629974365,0.05342472344636917,0.9465752840042114,5.863987922668457,5.559296131134033,5.127301216125488,5.602159023284912,87.7096939086914
44hqFxUWsADWewEJELnncj,0.052270643413066864,0.007759596221148968,0.036039624363183975,0.0014839166542515159,0.016831055283546448,0.0341053381562233,0.10150899738073349,0.7427120804786682,0.007288784720003605,0.9992441534996033,0.0007559641962870955,0.7080335021018982,0.2919664680957794,0.0041307006031274796,0.9958698153495789,0.2857387065887451,0.7142613530158997,0.7081897258758545,0.29181015491485596,0.01920056901872158,0.9807994961738586,5.159641265869141,5.425643444061279,5.279303073883057,5.537180423736572,129.97613525390625
5elW2CKSoqjYoJ32AGDxf1,0.2530474364757538,0.006422093138098717,0.05149833858013153,0.008701055310666561,0.0070390962064266205,0.0645175650715828,0.5903494954109192,0.01366894319653511,0.0047560809180140495,0.9518175721168518,0.04818246513605118,0.7848254442214966,0.2151743322610855,0.1310693919658661,0.8689305782318115,0.9459883570671082,0.05401172488927841,0.8333864212036133,0.16661366820335388,0.06997288018465042,0.9300269484519958,6.1646904945373535,6.377798557281494,5.592240333557129,5.785646915435791,138.09153747558594
2YmfV4lAjrAQvuggKCUX6m,0.06428933143615723,0.01595841720700264,0.19670934975147247,0.0013131470186635852,0.03313133865594864,0.009879653342068195,0.6002219319343567,0.06718335300683975,0.011313540861010551,0.9928105473518372,0.007189364172518253,0.8783612251281738,0.12163866311311722,0.0036184540949761868,0.9963816404342651,0.7561631798744202,0.243836909532547,0.9035869836807251,0.09641321748495102,0.01652829349040985,0.9834713339805603,6.502223014831543,6.2021484375,5.522759437561035,6.4832234382629395,114.95632934570312
3RkSwrsIadAvqVtMp5yhaB,0.1585187017917633,0.0026151149068027735,0.10329150408506393,0.001061903196386993,0.04405348002910614,0.08799169212579727,0.053303077816963196,0.5420270562171936,0.007137348875403404,0.9138166904449463,0.08618329465389252,0.714848518371582,0.28515157103538513,0.02394525706768036,0.9760547280311584,0.5672935247421265,0.4327066242694855,0.5153563022613525,0.48464375734329224,0.20163996517658234,0.7983598709106445,4.953852653503418,6.0230793952941895,5.398777008056641,5.378949165344238,96.9156265258789
5GldOqsYMCpjczsmlAjXbk,0.10549207776784897,0.0033792464528232813,0.36206182837486267,0.01356353610754013,0.014524898491799831,0.06971749663352966,0.21279115974903107,0.20659273862838745,0.011877004988491535,0.9443049430847168,0.05569516122341156,0.8076286911964417,0.19237133860588074,0.1945616602897644,0.805438220500946,0.27679580450057983,0.7232040166854858,0.42442840337753296,0.5755717754364014,0.31274497509002686,0.6872549057006836,5.064916610717773,4.8342180252075195,4.785582065582275,4.1880879402160645,117.30211639404297
7qeber1y5eqbqQP8x9Vvle,0.11796450614929199,0.016812458634376526,0.13328306376934052,0.003072839230298996,0.02640867792069912,0.06745992600917816,0.1686396598815918,0.46278518438339233,0.003573693335056305,0.963750958442688,0.03624936565756798,0.8361874222755432,0.16381244361400604,0.07557691633701324,0.9244231581687927,0.2071603536605835,0.7928395867347717,0.43736323714256287,0.5626366138458252,0.14146777987480164,0.858532190322876,5.151081562042236,5.179195404052734,4.955080032348633,4.5314249992370605,63.98688888549805
5JyAuVWt07CDdmKl3w6a9w,0.03783803433179855,0.047189489006996155,0.7972240447998047,0.0008780845091678202,0.00028326435131020844,0.025321578606963158,0.07983466237783432,0.00830407440662384,0.0031268270686268806,0.9999992251396179,9.931090971804224e-07,0.9451769590377808,0.05482311174273491,0.0031192745082080364,0.9968810081481934,0.20978711545467377,0.790212869644165,0.9998276233673096,0.00017237136489711702,0.5351415872573853,0.46485844254493713,6.2608537673950195,5.872520446777344,5.946674823760986,5.6368584632873535,120.99811553955078
7DUGAKsDHKuPze8h8LTWuN,0.12892240285873413,0.01010637916624546,0.32604002952575684,0.028636924922466278,0.013959910720586777,0.1854354441165924,0.1585988700389862,0.09665591269731522,0.0516442209482193,0.633571982383728,0.3664279878139496,0.8281154632568359,0.17188455164432526,0.39819058775901794,0.6018095016479492,0.3226536810398102,0.6773461103439331,0.3721092641353607,0.6278907656669617,0.24691258370876312,0.7530874013900757,4.607685565948486,4.249774932861328,4.131999492645264,4.031542778015137,150.76881408691406
6j7DsnxxUQRLqMrYEerjW9,0.05464879423379898,0.007087442092597485,0.4412361681461334,0.0244279932230711,0.01056393887847662,0.12281981110572815,0.08217982202768326,0.23732998967170715,0.01970595493912697,0.7470180988311768,0.25298190116882324,0.7314091920852661,0.2685909569263458,0.2424299418926239,0.7575699687004089,0.06079777330160141,0.9392021894454956,0.3924044072628021,0.6075953841209412,0.47891736030578613,0.5210824608802795,4.461612701416016,4.588770866394043,4.515536308288574,4.102202892303467,91.9511489868164
1eeH9EMOPkr7bu4uKC8iKc,0.04898087680339813,0.006732836365699768,0.49899280071258545,0.010864905081689358,0.046786095947027206,0.11667445302009583,0.10919667780399323,0.14117741584777832,0.020593957975506783,0.8624343872070312,0.13756562769412994,0.755111038684845,0.2448890060186386,0.1731509268283844,0.8268492221832275,0.35314106941223145,0.6468589305877686,0.7180694937705994,0.28193071484565735,0.40041103959083557,0.5995891094207764,5.632983207702637,5.21909761428833,5.0110321044921875,5.212115287780762,122.96826171875
0u02vdRrcWElQp4Wpkdl0V,0.04807806387543678,0.020630592480301857,0.18760238587856293,0.03113681636750698,0.012528279796242714,0.11916065961122513,0.09566554427146912,0.47000473737716675,0.015192843042314053,0.8481133580207825,0.15188676118850708,0.8050522804260254,0.19494760036468506,0.19942572712898254,0.8005741238594055,0.23913820087909698,0.7608619928359985,0.6774252653121948,0.32257476449012756,0.14100058376789093,0.8589996695518494,5.331905364990234,5.031255722045898,4.634179592132568,4.914361476898193,129.89764404296875
1wVQepS7qZQ0P6kEzbWwAm,0.4861140549182892,0.012279050424695015,0.269746869802475,0.023619983345270157,0.003199678147211671,0.05544082075357437,0.08838383108377457,0.010166902095079422,0.0510488897562027,0.4593733549118042,0.5406267642974854,0.589154839515686,0.4108451008796692,0.4479900896549225,0.5520098805427551,0.8433625102043152,0.15663734078407288,0.5637303590774536,0.43626970052719116,0.4206385016441345,0.5793615579605103,4.744049072265625,4.5731282234191895,5.149406433105469,4.87106990814209,90.00495147705078
3QVa3D6QaQy0b0foOAYDuy,0.2617010474205017,0.001475607044994831,0.5283560752868652,0.002224619733169675,0.014474309980869293,0.07252395153045654,0.07713042944669724,0.0034697367809712887,0.038644421845674515,0.9200255870819092,0.07997456938028336,0.629393458366394,0.37060633301734924,0.006574726197868586,0.9934253096580505,0.7946060299873352,0.20539401471614838,0.8697378039360046,0.13026227056980133,0.149042010307312,0.8509581089019775,5.690245151519775,5.20637845993042,5.992005348205566,5.251561164855957,82.67977142333984
1cpmW4m6NVcAI33ZDEGwjZ,0.46678367257118225,0.005273033864796162,0.3676804304122925,0.022720027714967728,0.001571623608469963,0.06013884395360947,0.02693256549537182,0.004111560992896557,0.04478819668292999,0.6256421804428101,0.3743577003479004,0.7516814470291138,0.2483186572790146,0.22995096445083618,0.7700490951538086,0.6642757654190063,0.33572420477867126,0.6414938569068909,0.35850605368614197,0.6593886613845825,0.3406113088130951,5.059235095977783,4.793118953704834,5.748787879943848,4.61255407333374,98.78441619873047
5HzrX4aKVfb1NQCsaqf6R0,0.5852018594741821,0.0039979093708097935,0.3509894907474518,0.0029159237165004015,0.00017793408187571913,0.004045755602419376,0.014277761802077293,0.003145653521642089,0.03524789586663246,0.9671078324317932,0.03289184719324112,0.7122076153755188,0.28779229521751404,0.07886939495801926,0.9211305379867554,0.8994057774543762,0.10059428960084915,0.9289265275001526,0.07107354700565338,0.6308326125144958,0.36916735768318176,5.780355930328369,5.200804710388184,5.292052268981934,5.284277439117432,153.7852020263672
1aXV8GrmQLvgoFtBPERP7E,0.025673536583781242,0.00011472665937617421,0.913462221622467,0.0002530197671148926,8.312967838719487e-05,0.015111598186194897,0.0184132382273674,0.00032013989402912557,0.026568248867988586,0.9988408088684082,0.0011591935763135552,0.7498599290847778,0.25014007091522217,0.007960468530654907,0.9920395016670227,0.725875973701477,0.2741241157054901,0.9999279379844666,7.223914144560695e-05,0.7613535523414612,0.23864637315273285,5.747311115264893,5.6297149658203125,5.4552531242370605,5.687743186950684,93.00784301757812
2n87qFKfPcqRPNfNH4TiAM,0.35614466667175293,0.011246399022638798,0.5605276226997375,0.0031107719987630844,0.0022004111669957638,0.01105814054608345,0.014533599838614464,0.010909116826951504,0.03026939183473587,0.9311841726303101,0.06881589442491531,0.5930580496788025,0.4069417715072632,0.014326851814985275,0.9856730699539185,0.6928951144218445,0.3071049153804779,0.8986488580703735,0.10135120898485184,0.3419507145881653,0.6580493450164795,5.34994649887085,5.1476240158081055,5.365927219390869,5.294246196746826,112.81505584716797
6qLQ0K5jkOB0QrbDwNmKg9,0.42531803250312805,0.000925188884139061,0.335502028465271,0.01579727977514267,0.007482416462153196,0.06523318588733673,0.0870903804898262,0.0024774919729679823,0.06017398089170456,0.9129757881164551,0.08702431619167328,0.7122876644134521,0.28771236538887024,0.15976697206497192,0.8402330279350281,0.9614138603210449,0.03858589380979538,0.9457637071609497,0.054236192256212234,0.43969735503196716,0.5603027939796448,6.484412670135498,5.331384181976318,5.920255661010742,5.1880621910095215,92.3593521118164
7s5VQqrjBtrBgZL4pEa46S,0.1733194887638092,0.032445646822452545,0.6632640361785889,0.003050256287679076,0.007335110567510128,0.018830126151442528,0.017110586166381836,0.06990282237529755,0.014741932973265648,0.9304874539375305,0.06951252371072769,0.668798565864563,0.33120158314704895,0.015818079933524132,0.9841819405555725,0.42138609290122986,0.5786139369010925,0.8008013367652893,0.19919884204864502,0.38222017884254456,0.6177798509597778,5.17039155960083,4.989068508148193,5.129654407501221,4.688228130340576,92.01634979248047
4fwPxcF4rZQIBZr1h6Qd2S,0.10871974378824234,0.005191433243453503,0.30456677079200745,0.004207775462418795,0.0019017844460904598,0.039581138640642166,0.05218841880559921,0.47655004262924194,0.007092933636158705,0.9415576457977295,0.05844251811504364,0.7811490297317505,0.2188512533903122,0.02426810748875141,0.9757319688796997,0.5759304165840149,0.4240695536136627,0.7503027319908142,0.24969717860221863,0.5676048994064331,0.43239521980285645,4.8182053565979,5.6211957931518555,4.9304728507995605,4.65444803237915,76.4411849975586
6RiiSy9GzSwiyDEJDiMuKe,0.18601328134536743,0.001823931816034019,0.4192366600036621,0.004952531307935715,0.0014728824608027935,0.04318121075630188,0.31230252981185913,0.009153208695352077,0.02186378836631775,0.9396127462387085,0.06038746237754822,0.7269984483718872,0.2730015516281128,0.093375563621521,0.9066243171691895,0.8950204253196716,0.10497943311929703,0.9412586092948914,0.05874134227633476,0.39833512902259827,0.6016649603843689,6.19996452331543,6.18494176864624,5.6163330078125,5.670377254486084,133.42718505859375
4Dr5pBJktWX8aZckCznE6q,0.0382198728621006,0.01895693503320217,0.3672849237918854,0.0019375894917175174,0.00159065134357661,0.028943020850419998,0.5005615949630737,0.003902627155184746,0.03860272839665413,0.9722790122032166,0.027720976620912552,0.8312467336654663,0.16875338554382324,0.007627429440617561,0.9923729300498962,0.4016360938549042,0.5983638167381287,0.951928973197937,0.048071183264255524,0.11249609291553497,0.8875038027763367,6.056680679321289,6.286741256713867,5.22904634475708,6.567981719970703,128.09828186035156
6YOzFoMadiyRiXSYcBkshT,0.013640944845974445,0.0019946033135056496,0.8238381147384644,0.0023503678385168314,0.0016363918548449874,0.05066043883562088,0.01939864456653595,0.07328486442565918,0.013195596635341644,0.9608212113380432,0.03917890414595604,0.8145798444747925,0.18542008101940155,0.0032907596323639154,0.9967094659805298,0.10364597290754318,0.8963537812232971,0.9517580270767212,0.048242080956697464,0.44261103868484497,0.5573889017105103,5.747133731842041,5.056787014007568,4.421121597290039,5.143836498260498,139.9787139892578
3jlacMjHZ9VGCOmz5CjHE0,0.04892552271485329,0.006721860263496637,0.4622565805912018,0.0007549116853624582,0.002920590341091156,0.06592022627592087,0.3637748062610626,0.02647591568529606,0.022249605506658554,0.9424972534179688,0.05750272795557976,0.8224409818649292,0.17755885422229767,0.0027496633119881153,0.9972502589225769,0.3378981053829193,0.6621018052101135,0.9490088224411011,0.05099138990044594,0.25731685757637024,0.742682933807373,5.984407424926758,5.854920387268066,5.309152126312256,6.300041675567627,124.4661636352539
7qkScg9F6NUKFxfX16qtWb,0.016159536316990852,0.004714899696409702,0.5984475016593933,0.0018051923252642155,0.0018711080774664879,0.053178101778030396,0.2219327986240387,0.0979067012667656,0.003984139300882816,0.9589614868164062,0.041038598865270615,0.9050036668777466,0.09499619156122208,0.017513016238808632,0.9824872016906738,0.5113052725791931,0.48869478702545166,0.9079552292823792,0.09204468131065369,0.28967610001564026,0.7103241086006165,5.336989879608154,5.588252544403076,4.692516326904297,4.581991195678711,83.95164489746094
37ebkeBtuT4Am3qb98HHOL,0.006650805473327637,0.00932383630424738,0.6345318555831909,0.003898877650499344,0.003501931671053171,0.11902876198291779,0.0510280504822731,0.143424391746521,0.02861158736050129,0.957521915435791,0.04247835651040077,0.8051437139511108,0.19485631585121155,0.009900746867060661,0.9900994896888733,0.01971570774912834,0.9802840948104858,0.9279727339744568,0.07202727347612381,0.2752683162689209,0.7247315645217896,5.7368035316467285,5.395803928375244,5.079870223999023,5.442440986633301,134.80389404296875
7HwsHnOYth2MsW25gDEGWV,0.12906621396541595,0.02550993673503399,0.3253580629825592,0.0018533662660047412,0.0017744837095960975,0.1479039192199707,0.29801881313323975,0.018623728305101395,0.05189157649874687,0.9872962236404419,0.012703824788331985,0.6951200366020203,0.3048798739910126,0.004859537351876497,0.9951406121253967,0.3955322504043579,0.6044681072235107,0.9755290150642395,0.024471160024404526,0.086118683218956,0.9138814210891724,6.061799049377441,6.023229122161865,5.761131286621094,6.013454914093018,128.39089965820312
38piSUlzLXLqHqgrxSO4zE,0.09388978034257889,0.007851293310523033,0.7198806405067444,0.00393754942342639,0.0020824666135013103,0.025996245443820953,0.06566528975963593,0.07479377090930939,0.005902996752411127,0.9139045476913452,0.0860956460237503,0.8078029751777649,0.19219692051410675,0.03216011822223663,0.9678401947021484,0.11397988349199295,0.8860201239585876,0.9269852638244629,0.07301461696624756,0.4891332983970642,0.5108667016029358,5.688702583312988,5.230073928833008,5.290953636169434,5.570013523101807,125.00684356689453
470IhQSaAri29VEf2BZq7s,0.1705460399389267,0.0009071044041775167,0.35390332341194153,1.2393632459861692e-05,0.0003465146874077618,0.004249607678502798,0.1289147138595581,0.34004029631614685,0.001080030808225274,0.9999997019767761,5.042514317210589e-07,0.6500388383865356,0.3499611020088196,0.0010438506724312901,0.9989563226699829,0.18751436471939087,0.8124857544898987,0.970518171787262,0.029481904581189156,0.07428529113531113,0.9257147312164307,5.727264404296875,5.338751792907715,4.89621114730835,5.309978008270264,89.1072006225586
3E0FBv982FkyTqfKu8K7AD,0.03981919586658478,0.002361608436331153,0.6454182267189026,0.0031721352133899927,0.011903228238224983,0.11010713875293732,0.1540605127811432,0.024112824350595474,0.009045017883181572,0.9578440189361572,0.04215584322810173,0.7141826152801514,0.28581762313842773,0.08432451635599136,0.9156754016876221,0.04749448597431183,0.9525054693222046,0.6209348440170288,0.3790650963783264,0.536090612411499,0.46390944719314575,4.358008861541748,4.255904674530029,4.245670795440674,3.666250467300415,130.55429077148438
5GmXpNIK6yGwTtKBITIqzK,0.019724303856492043,0.019170137122273445,0.2764660120010376,0.000388534739613533,0.004204233177006245,0.06807706505060196,0.5865522623062134,0.01923397369682789,0.006183563265949488,0.9653630256652832,0.03463691845536232,0.9436607956886292,0.056339189410209656,0.02344234474003315,0.9765579104423523,0.6347159743309021,0.3652839958667755,0.9775540828704834,0.022446319460868835,0.1719588339328766,0.8280413746833801,6.490960121154785,6.0300726890563965,5.320664882659912,6.062753200531006,122.07479858398438
13QINbzgh3yta5OGvB77Pl,0.018670402467250824,0.0015475504333153367,0.7709476351737976,6.0481186665128917e-05,0.0007325756596401334,0.0015610953560099006,0.06316119432449341,0.14195168018341064,0.0013676397502422333,0.9997373223304749,0.00026276073185727,0.7303073406219482,0.26969265937805176,0.0014079301618039608,0.9985920786857605,0.26333382725715637,0.7366658449172974,0.9959410429000854,0.0040593137964606285,0.12387116998434067,0.8761289119720459,6.215477466583252,4.875951290130615,4.242907524108887,6.228959560394287,110.01685333251953
6TeKbncyK62smlAvPy1dNa,0.017173346132040024,0.007497556507587433,0.654945433139801,0.002018839120864868,0.0030570290982723236,0.0605485774576664,0.05310625955462456,0.18591083586215973,0.015742003917694092,0.9587551951408386,0.04124459996819496,0.831299364566803,0.1687006950378418,0.03433831408619881,0.965661883354187,0.09469806402921677,0.905302107334137,0.8879090547561646,0.11209086328744888,0.592720627784729,0.40727925300598145,5.397164344787598,4.967195987701416,4.8934526443481445,4.786851406097412,143.05311584472656
536rHxlVFXGJBO2xWE7HsV,0.017720624804496765,0.0050405594520270824,0.4203232526779175,0.03187612444162369,0.0073687308467924595,0.17121781408786774,0.323111891746521,0.007712438702583313,0.01562865450978279,0.853168785572052,0.14683125913143158,0.8063307404518127,0.1936691850423813,0.2633064389228821,0.7366936802864075,0.24828755855560303,0.7517123818397522,0.6462125182151794,0.353787362575531,0.27483224868774414,0.7251678109169006,5.427704811096191,5.344304084777832,4.889260768890381,4.745517253875732,111.84838104248047
41xQsowOhS2wpEEVWT4Wg0,0.033227283507585526,0.005297099705785513,0.28387451171875,0.03188153728842735,0.006029445677995682,0.3232947587966919,0.2542734444141388,0.05145366117358208,0.010668396949768066,0.757698655128479,0.24230144917964935,0.8011264801025391,0.19887351989746094,0.466250479221344,0.5337495803833008,0.17344021797180176,0.8265594840049744,0.32525381445884705,0.6747461557388306,0.28893446922302246,0.7110653519630432,4.842380523681641,4.537622928619385,4.527548789978027,3.9043498039245605,137.1483612060547
2VeCDMFJMPg6S4P2EKRnyX,0.00836885068565607,0.0023238779976963997,0.337349534034729,0.00018829073815140873,0.007044065278023481,0.013512731529772282,0.38742494583129883,0.23802122473716736,0.005766637157648802,0.9845247268676758,0.015475369989871979,0.8450730443000793,0.15492714941501617,0.00048631083336658776,0.999514102935791,0.2257438749074936,0.7742562294006348,0.9554848074913025,0.044515304267406464,0.14175257086753845,0.8582474589347839,5.650063514709473,5.464808940887451,5.083767890930176,5.488324165344238,134.9678192138672
1CqyErlQstROOe9hAn93oI,0.0038961705286055803,0.004380731377750635,0.5460907816886902,0.0026816166937351227,0.0009930375963449478,0.09503203630447388,0.3045841455459595,0.0053698113188147545,0.0369718112051487,0.9909401535987854,0.009059987962245941,0.8737149238586426,0.12628506124019623,0.015777692198753357,0.984222412109375,0.21769243478775024,0.7823076844215393,0.9903426170349121,0.00965725164860487,0.23901517689228058,0.7609848976135254,6.209551811218262,6.124882221221924,5.554279327392578,6.07095193862915,142.17588806152344
3Si0hc3hxlehGK53jYjgVF,0.011375167407095432,0.016206666827201843,0.40647003054618835,0.018051080405712128,0.007259391713887453,0.2797474265098572,0.06043662130832672,0.1938452124595642,0.006608417257666588,0.7903417944908142,0.2096581608057022,0.7206960916519165,0.27930405735969543,0.16375423967838287,0.8362459540367126,0.018046097829937935,0.9819539189338684,0.6421440839767456,0.35785573720932007,0.4096682369709015,0.59033203125,4.834086894989014,4.127839088439941,4.274303913116455,3.824096918106079,87.96007537841797
5kILHrfMHQ4eFHZqnu4yY3,0.03413153439760208,0.005307374056428671,0.42746639251708984,0.0028584785759449005,0.01065795123577118,0.03009871393442154,0.06783554702997208,0.4073069989681244,0.014337143860757351,0.8956218957901001,0.10437818616628647,0.8612650632858276,0.13873495161533356,0.026889057829976082,0.9731113314628601,0.20757873356342316,0.7924214005470276,0.8024581670761108,0.19754184782505035,0.3285079896450043,0.6714919805526733,5.404520511627197,4.817409038543701,4.644280433654785,4.902304172515869,135.17333984375
5JEaCJCehAtt1nQf0gd9Dx,0.04046863690018654,0.0176529660820961,0.28542542457580566,0.013067824766039848,0.026256946846842766,0.06129632145166397,0.10792965441942215,0.4175608456134796,0.030341695994138718,0.9168517589569092,0.08314844220876694,0.8263391256332397,0.17366093397140503,0.04060971736907959,0.9593905210494995,0.20907843112945557,0.7909217476844788,0.8125969767570496,0.18740279972553253,0.26446837186813354,0.7355316281318665,5.389939785003662,5.356224536895752,5.152433395385742,5.198999881744385,120.0527114868164
6TgpTpkYneftsKfovhWQiq,0.007537876721471548,0.0022391672246158123,0.8414251208305359,6.749519525328651e-05,0.009393138810992241,0.0040268986485898495,0.11258617043495178,0.008160864003002644,0.01456327736377716,0.9840944409370422,0.01590552181005478,0.9443398118019104,0.055660318583250046,0.0008504632278345525,0.999149739742279,0.32327064871788025,0.6767295002937317,0.9819360971450806,0.01806388609111309,0.5636509656906128,0.43634897470474243,5.976955413818359,5.146154403686523,5.208265781402588,5.826682090759277,121.95470428466797
65IyK1KiAsXlG2eUCrRbCX,0.0858960747718811,0.003320393618196249,0.6292726993560791,0.0011855093762278557,0.004092099145054817,0.031235089525580406,0.18523871898651123,0.038490619510412216,0.021268881857395172,0.9969754219055176,0.00302461558021605,0.8339043259620667,0.16609551012516022,0.01426488347351551,0.9857352375984192,0.5087810158729553,0.4912189841270447,0.9622421264648438,0.03775791823863983,0.5597307085990906,0.44026923179626465,6.05280876159668,5.624021053314209,5.388206958770752,5.575766086578369,119.92771911621094
57e5ib2PnvuiaTvaI4jGDp,0.10535360127687454,0.0026311196852475405,0.7225310802459717,0.0006608611438423395,0.0018492400413379073,0.010682410560548306,0.031333111226558685,0.10923509299755096,0.015723373740911484,0.972815215587616,0.02718489244580269,0.7298449873924255,0.27015483379364014,0.006671726703643799,0.9933284521102905,0.35073763132095337,0.6492623090744019,0.9512444138526917,0.048755817115306854,0.6075130105018616,0.3924870491027832,5.699735641479492,4.7850494384765625,4.8545451164245605,5.254400730133057,121.98484802246094
3wlEt7tgbcyowpdlcnCwfz,0.047014884650707245,0.021623264998197556,0.681919515132904,0.0028253570199012756,0.0026823009829968214,0.09138955920934677,0.10372541844844818,0.03248751536011696,0.016332292929291725,0.9456685781478882,0.05433153361082077,0.9005821943283081,0.09941814839839935,0.013224871829152107,0.9867753982543945,0.2548419237136841,0.7451581358909607,0.9563793540000916,0.04362080618739128,0.6585845351219177,0.3414153754711151,5.977757453918457,5.481778144836426,5.409231662750244,5.644352436065674,122.18399047851562
4u3XiAwJ2U9Kxgy57gcAPB,0.08928605169057846,0.016768019646406174,0.6651118397712708,0.00033988431096076965,0.009764619171619415,0.035808417946100235,0.12171102315187454,0.04792836681008339,0.013281862251460552,0.9965500235557556,0.003449923126026988,0.8111515045166016,0.18884851038455963,0.013021033257246017,0.9869791865348816,0.456083208322525,0.5439168810844421,0.9815290570259094,0.018470928072929382,0.2671694755554199,0.7328307628631592,6.1945695877075195,5.879424571990967,5.435151100158691,6.329776763916016,124.98825073242188
3purp0mi18IzqJHsVNteqU,0.002026281552389264,0.0008093018550425768,0.9517375826835632,0.00027303738170303404,0.00036084529710933566,0.0066479467786848545,0.03344448283314705,0.0028625703416764736,0.0018380604451522231,0.9997516870498657,0.0002484237775206566,0.9344788789749146,0.06552103906869888,0.006132738199084997,0.9938673377037048,0.23572927713394165,0.7642707228660583,0.9926642775535583,0.00733578484505415,0.6886102557182312,0.31139010190963745,5.982680797576904,5.621479034423828,5.649795055389404,5.559145450592041,119.98541259765625
5vKKfaYOmxAC3973l5y2sU,0.020236343145370483,0.006682827603071928,0.3807871639728546,0.006755889393389225,0.0038793624844402075,0.0398804135620594,0.5090281963348389,0.009035240858793259,0.0237144585698843,0.9918235540390015,0.008176501840353012,0.9140668511390686,0.08593317121267319,0.1036311686038971,0.8963688611984253,0.5324355959892273,0.46756455302238464,0.9217146039009094,0.07828538864850998,0.1973351091146469,0.8026648759841919,5.8525471687316895,6.074963569641113,5.263088703155518,5.560733795166016,122.0254898071289
3E3ns7W3sEdi0AqyDq8Ovt,0.06919624656438828,0.007658692076802254,0.7274312376976013,0.0016642939299345016,0.0039358921349048615,0.03348110243678093,0.09124792367219925,0.0531700924038887,0.012214637361466885,0.9711664915084839,0.02883351780474186,0.7769988179206848,0.22300106287002563,0.04443040117621422,0.9555696249008179,0.4183240532875061,0.5816758275032043,0.916384756565094,0.08361542969942093,0.41688966751098633,0.5831104516983032,5.85145902633667,4.888332366943359,4.980094909667969,5.761664867401123,122.88778686523438
2RMWx21y9xyUZ8naxDae2w,0.0467027984559536,0.0009636994218453765,0.3606439530849457,0.00041379311005584896,0.000470931816380471,0.002065802225843072,0.026102276518940926,0.0011728092795237899,0.5614638328552246,0.7082607746124268,0.29173922538757324,0.030154438689351082,0.9698454737663269,1.3323417078936473e-05,0.999987006187439,0.06342454999685287,0.9365754127502441,0.9763895869255066,0.023610349744558334,0.2323150485754013,0.7676849961280823,5.413024425506592,5.619243144989014,2.797307014465332,5.783339023590088,139.29527282714844
2zPFZe39jVSyeccb1HczTT,0.13820873200893402,0.0022586616687476635,0.08477956801652908,0.0031277420930564404,0.0009931342210620642,0.003377458779141307,0.01088885497301817,0.0020137354731559753,0.7543520927429199,0.766825795173645,0.2331741601228714,0.09312952309846878,0.9068705439567566,0.011860614642500877,0.9881394505500793,0.04244503751397133,0.9575550556182861,0.913492739200592,0.08650725334882736,0.41840076446533203,0.5815993547439575,5.660207748413086,4.531226634979248,3.679562568664551,5.689592361450195,162.4106903076172
7hYcJ95fZ2Kldz3QnEiKNA,0.08436832576990128,0.0017800822388380766,0.06406767666339874,0.004258717875927687,0.0019689262844622135,0.007103766780346632,0.00930305477231741,0.005229664035141468,0.8219197988510132,0.742090106010437,0.2579100728034973,0.06527645885944366,0.9347237348556519,0.004163117613643408,0.9958369135856628,0.019943727180361748,0.9800562858581543,0.9173116683959961,0.08268828690052032,0.49904945492744446,0.5009505152702332,6.066230773925781,4.534294128417969,3.484065532684326,6.03665828704834,163.2852325439453
2y8Z2GHKk0pQRd2jbkrH0U,0.11175461858510971,0.0015938238939270377,0.27000856399536133,0.00048683391651138663,0.0008961146231740713,0.00169250403996557,0.03116082027554512,0.0014040741370990872,0.5810025930404663,0.776511549949646,0.22348815202713013,0.03471196070313454,0.9652878642082214,5.046921614848543e-06,0.9999951720237732,0.02370643988251686,0.9762936234474182,0.993674635887146,0.006325387861579657,0.3023400902748108,0.6976596117019653,7.321949481964111,3.8281381130218506,2.260847330093384,6.41244649887085,128.3927001953125
486JaB4ZK017faPW9kNpje,0.11371806263923645,0.0013236828381195664,0.4862375557422638,0.002485001925379038,0.002020403975620866,0.003967295400798321,0.029284212738275528,0.004589295480400324,0.3563745319843292,0.7935541868209839,0.2064458131790161,0.11311788111925125,0.8868821263313293,0.0015189367113634944,0.9984811544418335,0.00679297698661685,0.9932070374488831,0.9586431980133057,0.04135683923959732,0.3401555120944977,0.6598443388938904,7.9773664474487305,3.2058327198028564,2.1538820266723633,6.294524192810059,141.84701538085938
19exW77hmfxwbQ1P96vOSS,0.03329786658287048,0.0023962671402841806,0.3340437114238739,0.0013598069781437516,0.0017784152878448367,0.0018716950435191393,0.02047939971089363,0.004259445238858461,0.600513219833374,0.6891562938690186,0.3108437657356262,0.03798724710941315,0.9620126485824585,2.0565988961607218e-05,0.999979555606842,0.014399749226868153,0.9856002330780029,0.9758619070053101,0.024138234555721283,0.3574743866920471,0.6425254940986633,7.054474353790283,3.710188865661621,2.8072030544281006,5.809244632720947,164.51377868652344
1mUciZNK2olURLMvqzkkZo,0.15904363989830017,0.0011117254616692662,0.4400462508201599,0.0011058339150622487,0.0018069790676236153,0.0017107301391661167,0.02394138090312481,0.00384904514066875,0.3673844337463379,0.8907925486564636,0.10920742899179459,0.11518874019384384,0.8848111629486084,0.00028185328119434416,0.9997182488441467,0.011842337436974049,0.9881576895713806,0.986977756023407,0.013022313825786114,0.34549790620803833,0.6545021533966064,8.181245803833008,3.0975120067596436,2.6269302368164062,6.599764823913574,142.93350219726562
3zvyEX9xo3IJiXrXdeQnCX,0.08077430725097656,0.004285474773496389,0.5885049104690552,0.0004458403564058244,0.0011583504965528846,0.000654183211736381,0.021517997607588768,0.00041019587661139667,0.3022487461566925,0.953689694404602,0.0463101901113987,0.08686646819114685,0.9131335616111755,0.01085787732154131,0.9891422986984253,0.11783210188150406,0.8821679949760437,0.9797874093055725,0.02021247148513794,0.3016023635864258,0.6983976364135742,8.225955963134766,3.4998247623443604,1.9101041555404663,5.932628154754639,153.4993896484375
7Ck9DYSXBSB799UN35RBzS,0.041812632232904434,0.0018937415443360806,0.21905022859573364,0.0022156578488647938,0.00402933731675148,0.0032084763515740633,0.017052190378308296,0.014352628961205482,0.6963849663734436,0.7453582286834717,0.2546420097351074,0.09426368027925491,0.9057363271713257,0.00015732184692751616,0.9998430013656616,0.06695346534252167,0.9330465197563171,0.9793431758880615,0.020656755194067955,0.24255122244358063,0.7574489712715149,6.748262405395508,4.305134296417236,3.2673087120056152,5.89565896987915,114.65419006347656
3tfGZoh6BCLg6gJpEF8Zyk,0.1690881848335266,0.010627598501741886,0.5302108526229858,0.0030298319179564714,0.003904967335984111,0.006599158048629761,0.03176487609744072,0.032823070883750916,0.2119513750076294,0.9483075141906738,0.051692504435777664,0.0940074473619461,0.9059925675392151,0.001172281219623983,0.9988278150558472,0.2040548175573349,0.7959450483322144,0.9327138662338257,0.06728626042604446,0.3613450527191162,0.638654887676239,8.030019760131836,3.4076671600341797,2.7236294746398926,6.114813327789307,110.9881362915039
1dDUoKaxiCxP2Mhh4ze5el,0.738577663898468,0.024308321997523308,0.10945065319538116,0.003565895138308406,0.0028556829784065485,0.03518299013376236,0.06177079677581787,0.0018278122879564762,0.022460132837295532,0.9535297751426697,0.04647039622068405,0.5376259684562683,0.4623740613460541,0.005131881218403578,0.9948680996894836,0.9304094910621643,0.06959056854248047,0.9821755886077881,0.017824556678533554,0.37126678228378296,0.6287331581115723,7.275957107543945,6.13767147064209,6.11069917678833,6.480368614196777,129.95489501953125
5mrA886l2Xd6DKHHjCmmSr,0.7823413610458374,0.013260934501886368,0.14583028852939606,0.00010957333142869174,0.00021528021898120642,0.00284535251557827,0.03800699859857559,0.015206345357000828,0.002183684380725026,0.9999757409095764,2.4342984033864923e-05,0.8739497065544128,0.12605047225952148,0.0017849004361778498,0.9982150197029114,0.9634559750556946,0.03654410317540169,0.9994233250617981,0.0005764755769632757,0.5066328644752502,0.49336716532707214,6.982734203338623,5.608675003051758,5.790126323699951,6.106568336486816,156.13121032714844
0MTxfrDnNX0cIQkWhCm58d,0.6714287996292114,0.009397273883223534,0.15806199610233307,0.002808856312185526,0.0028938946779817343,0.07355040311813354,0.06818941980600357,0.00452232314273715,0.009147022850811481,0.9509676098823547,0.049032364040613174,0.6743441224098206,0.32565584778785706,0.08454679697751999,0.915453314781189,0.9047954678535461,0.09520445764064789,0.9218381643295288,0.07816188037395477,0.479748010635376,0.5202520489692688,6.646055698394775,5.872401237487793,5.708510398864746,5.811850070953369,124.2689208984375
3KhPLLQjXodVQU9FoIlCUh,0.788528323173523,0.008103149011731148,0.13618439435958862,0.003114300314337015,0.0010552523890510201,0.022968124598264694,0.013802907429635525,0.007245452143251896,0.01899825595319271,0.9268549680709839,0.07314526289701462,0.5378596782684326,0.46214035153388977,0.38834938406944275,0.6116507053375244,0.834978461265564,0.1650215983390808,0.9516971111297607,0.048302777111530304,0.5745052695274353,0.4254947006702423,5.539978504180908,5.000860214233398,5.041611671447754,5.23326301574707,118.34939575195312
3eZqBNHlNA4lUsbAB6UmvD,0.26493704319000244,0.019701959565281868,0.5758870840072632,0.0012402668362483382,0.0009396984823979437,0.07732317596673965,0.04789542406797409,0.008843385614454746,0.0032319568563252687,0.9969905614852905,0.003009576816111803,0.856191873550415,0.1438082754611969,0.0019164334516972303,0.9980837106704712,0.8887729644775391,0.11122693121433258,0.9961776733398438,0.0038225578609853983,0.708224356174469,0.2917754352092743,6.522185802459717,6.588992118835449,5.914918899536133,6.111678600311279,129.89927673339844
6qvkRSSx2JE3iFCi2KFZcq,0.6468019485473633,0.004543956369161606,0.16560834646224976,0.0012201180215924978,0.0003723457921296358,0.0521683506667614,0.11946489661931992,0.00255963415838778,0.007260419428348541,0.9999464154243469,5.369209247874096e-05,0.8544949293136597,0.1455051749944687,0.006983235478401184,0.9930165410041809,0.9576844573020935,0.04231559485197067,0.9991246461868286,0.0008753298898227513,0.44507378339767456,0.5549262762069702,7.263800621032715,6.098779678344727,6.201811790466309,6.371049404144287,135.23904418945312
0I50Bs22HqESirPg66IkE2,0.20388808846473694,0.009644467383623123,0.6158981323242188,0.0030046426691114902,0.00226713833399117,0.03360629826784134,0.040305908769369125,0.07402331382036209,0.017362041398882866,0.9391166567802429,0.060883499681949615,0.724696695804596,0.2753033936023712,0.050184331834316254,0.9498158693313599,0.643723726272583,0.35627618432044983,0.9402980804443359,0.05970209091901779,0.5076276659965515,0.4923722743988037,6.508686065673828,5.774330139160156,5.7348856925964355,6.120816707611084,127.9229736328125
5eFwQOHNE0zOwMRj9jhzGt,0.06871654093265533,0.01102101057767868,0.5476762056350708,0.011636259965598583,0.02474357932806015,0.18545079231262207,0.10215971618890762,0.030108140781521797,0.01848785951733589,0.9050770998001099,0.09492284804582596,0.6215429306030273,0.37845712900161743,0.08920224756002426,0.9107979536056519,0.6633453369140625,0.3366546630859375,0.873866081237793,0.1261339783668518,0.5625982880592346,0.4374017119407654,6.003148078918457,5.986207485198975,5.242460250854492,5.644045829772949,91.80022430419922
2D3gvohUyOfXIVX6Mvhqae,0.2777792811393738,0.003857441246509552,0.46618539094924927,0.0030201806221157312,0.0012137298472225666,0.08006852865219116,0.14708322286605835,0.0009349182364530861,0.019857358187437057,0.9987043738365173,0.0012958620209246874,0.8342334628105164,0.16576673090457916,0.020887531340122223,0.979112446308136,0.9017278552055359,0.09827230870723724,0.9994410872459412,0.0005587144405581057,0.46441441774368286,0.5355857014656067,6.342854976654053,6.1460981369018555,6.025406837463379,6.243796348571777,126.836181640625
7rL4ouaj7AqQM9kgQ5aQrY,0.002813088009133935,0.004030893091112375,0.47690677642822266,0.0008136008982546628,0.04522622004151344,0.40578001737594604,0.03853693604469299,0.019985195249319077,0.005907235201448202,0.9833757281303406,0.01662415824830532,0.8818513751029968,0.11814846843481064,0.013651255518198013,0.9863487482070923,0.4353100657463074,0.5646898150444031,0.5354501008987427,0.4645499289035797,0.5618351101875305,0.4381648600101471,5.605805397033691,5.272948741912842,5.183271884918213,4.7134222984313965,103.04608917236328
6tVeAGVOQNTjq48qfiZJ7f,0.09416180104017258,0.00427841953933239,0.7746440172195435,0.004773064516484737,0.0027763131074607372,0.053281545639038086,0.0046004182659089565,0.003725144313648343,0.05775925889611244,0.5581988096237183,0.4418012797832489,0.6044912934303284,0.39550861716270447,0.01720823347568512,0.9827919006347656,0.12736175954341888,0.8726382255554199,0.9054683446884155,0.0945315957069397,0.9578814506530762,0.04211849346756935,4.413846492767334,4.210271835327148,4.732199668884277,4.282956123352051,122.91092681884766
1AOy9cNv4cEIvVwjEQmEtG,0.11154358088970184,0.0077462936751544476,0.30081623792648315,0.008737578988075256,0.004972781985998154,0.49498140811920166,0.02532622590661049,0.009346015751361847,0.03653008118271828,0.8908333778381348,0.10916648805141449,0.693144679069519,0.3068554699420929,0.08556067198514938,0.9144390821456909,0.5609416961669922,0.4390583336353302,0.8753766417503357,0.12462302297353745,0.8448042273521423,0.1551959216594696,5.290044784545898,5.346482276916504,5.398453712463379,5.123591899871826,112.26422882080078
0iiB9CYptXO5Fz728LHHsQ,0.0409977100789547,0.0057111321948468685,0.31565994024276733,0.012466478161513805,0.04119253158569336,0.47539791464805603,0.046816498041152954,0.010205129161477089,0.05155276507139206,0.7685801386833191,0.23141984641551971,0.7065768837928772,0.29342320561408997,0.06763415038585663,0.9323656558990479,0.23241260647773743,0.7675874829292297,0.6420048475265503,0.35799527168273926,0.7120180130004883,0.2879822254180908,5.405465126037598,5.2428388595581055,5.356790542602539,4.875539779663086,100.19290161132812
2oSurc3FKyPDaoVpdbb1N9,0.145350843667984,0.005816956982016563,0.14543846249580383,0.07529844343662262,0.009921113029122353,0.48235422372817993,0.05246727913618088,0.011900276876986027,0.07145249098539352,0.6802625060081482,0.3197374939918518,0.6682224869728088,0.3317774534225464,0.2894417941570282,0.7105583548545837,0.5493811368942261,0.4506189823150635,0.4762551784515381,0.5237447619438171,0.7830090522766113,0.21699099242687225,4.947681903839111,4.922015190124512,5.0836896896362305,4.681686878204346,150.54954528808594
41VmFqVNAW69ZX4HR6TESI,0.0105108842253685,0.0037642463576048613,0.5203340649604797,0.002026196336373687,0.00896890927106142,0.35325539112091064,0.03731067478656769,0.023634113371372223,0.040195662528276443,0.9229140877723694,0.07708608359098434,0.8347436189651489,0.1652563363313675,0.0009605500381439924,0.9990394115447998,0.12520697712898254,0.8747931122779846,0.7878682613372803,0.21213167905807495,0.6629050970077515,0.33709490299224854,5.490966796875,5.1735639572143555,5.302111625671387,4.6463494300842285,101.94418334960938
4juHFHkBk0QzcFhKL0DvIB,0.03456011414527893,0.0025132675655186176,0.5399671792984009,0.0028846815694123507,0.002700359793379903,0.2900010943412781,0.11103279888629913,0.006215550936758518,0.01012489479035139,0.9843670725822449,0.015633294358849525,0.8864471316337585,0.11355296522378922,0.024056309834122658,0.9759438633918762,0.5120702385902405,0.4879297912120819,0.9706013798713684,0.02939855121076107,0.788578450679779,0.21142128109931946,5.609875679016113,5.691638469696045,5.458041667938232,5.231698989868164,119.11357879638672
6zg1mb0ThmEuhhjBKqVckn,0.05113067105412483,0.0025681310798972845,0.5587750673294067,0.0035111436154693365,0.016589198261499405,0.21730118989944458,0.11247740685939789,0.026957303285598755,0.010689809918403625,0.9860555529594421,0.013944203965365887,0.6409435868263245,0.35905641317367554,0.05585015192627907,0.9441500306129456,0.11171566694974899,0.8882842659950256,0.3740386366844177,0.625961422920227,0.5668116211891174,0.433188259601593,4.922164440155029,4.681225776672363,4.732544898986816,4.141232967376709,152.7295684814453
69RsYSwSdKPghCZzBbt9ki,0.16838258504867554,0.006039781030267477,0.4774964153766632,0.0013320586876943707,0.013170452788472176,0.24898427724838257,0.036973580718040466,0.034818071871995926,0.0128026707097888,0.9896398186683655,0.010360360145568848,0.7812268733978271,0.21877321600914001,0.0023503517732024193,0.997649610042572,0.5833126902580261,0.4166873097419739,0.9497467279434204,0.05025343596935272,0.8231120705604553,0.17688775062561035,5.530637741088867,5.869258403778076,5.549829483032227,5.5379767417907715,110.09774780273438
1U5zBsNa68UEC1aHd3rc5j,0.6541551947593689,0.0005358917987905443,0.07696496695280075,0.0011968903709203005,0.000883768661879003,0.0007852334529161453,0.009441107511520386,0.0005389637663029134,0.25549817085266113,0.9019516110420227,0.09804817289113998,0.5178369879722595,0.4821630120277405,0.024343369528651237,0.9756565690040588,0.3504470884799957,0.649553120136261,0.8267046213150024,0.17329563200473785,0.5200742483139038,0.47992566227912903,6.3211517333984375,4.513267517089844,4.957641124725342,5.908897876739502,125.02015686035156
2nAfDyLhTXnQMsnwcni8LN,0.5379270911216736,0.0012000934220850468,0.16655029356479645,0.004628804512321949,0.0023311718832701445,0.011997947469353676,0.007254419848322868,0.0032761753536760807,0.2648339867591858,0.6529788970947266,0.34702128171920776,0.4529271125793457,0.5470728278160095,0.008847841992974281,0.9911523461341858,0.06856980174779892,0.9314300417900085,0.7436878681182861,0.2563122808933258,0.6811338067054749,0.3188663423061371,5.785016059875488,4.280437469482422,4.631086826324463,5.75927734375,142.8068389892578
2qZ1KToSXDzHAQKXAQQksE,0.2230273187160492,0.0014181765727698803,0.5921788811683655,0.002315476071089506,0.0009567043744027615,0.047952547669410706,0.00955489557236433,0.0024717480409890413,0.12012419104576111,0.5410496592521667,0.45895034074783325,0.6127597093582153,0.3872402310371399,0.12207113206386566,0.8779288530349731,0.09926015883684158,0.9007397890090942,0.8664960265159607,0.1335039883852005,0.7428230047225952,0.25717708468437195,4.742271900177002,3.9593207836151123,4.637779235839844,4.559456825256348,112.01839447021484
3cE923w64jGhkQZtprJ2lY,0.3053363561630249,0.00031247324659489095,0.47340691089630127,0.0005092016072012484,0.0006044763722456992,0.0018974211998283863,0.008426480926573277,0.0003807803150266409,0.209125816822052,0.9332191944122314,0.06678076088428497,0.29771459102630615,0.7022855281829834,0.0043579875491559505,0.9956420660018921,0.3103412091732025,0.6896588802337646,0.9979915022850037,0.0020084423013031483,0.7431976199150085,0.25680217146873474,6.709746837615967,4.658252716064453,5.408435344696045,5.945904731750488,135.26852416992188
5exgPrknOoKCbm9JAvD9ay,0.6745291948318481,0.002159690484404564,0.025740820914506912,0.004198780748993158,0.0032229304779320955,0.003626209683716297,0.003801591694355011,0.0008989255293272436,0.2818218767642975,0.5847659707069397,0.4152339994907379,0.6197773814201355,0.38022270798683167,0.1821228563785553,0.8178770542144775,0.24233917891979218,0.7576605677604675,0.6703783273696899,0.32962167263031006,0.49038782715797424,0.5096122622489929,5.107053279876709,4.979055881500244,5.047822952270508,5.57908296585083,99.52301788330078
3leEuA0pLARgAtq0UZSVuO,0.19779059290885925,0.001388346659950912,0.16983015835285187,0.0019397902069613338,0.0011602200102061033,0.003407614305615425,0.020313918590545654,0.001547534018754959,0.6026216745376587,0.7507932186126709,0.24920688569545746,0.24417585134506226,0.7558241486549377,0.0002886040019802749,0.999711275100708,0.060279957950115204,0.9397198557853699,0.8493536710739136,0.15064643323421478,0.27311164140701294,0.7268883585929871,6.71904182434082,4.159789085388184,4.117242813110352,5.879062175750732,126.00971984863281
1A2qoClL5RvAVP8tpMoojq,0.33114850521087646,0.0007034312002360821,0.14796307682991028,0.00044756015995517373,0.0005672259721904993,0.0020581090357154608,0.009389534592628479,0.0017470488091930747,0.5059754252433777,0.6442890167236328,0.35571080446243286,0.24348072707653046,0.7565191388130188,0.0008431808091700077,0.9991568326950073,0.025281859561800957,0.9747182130813599,0.8727230429649353,0.12727686762809753,0.6947077512741089,0.3052922189235687,5.24705696105957,5.026301383972168,4.415529251098633,5.86871337890625,132.65220642089844
1X8E5Ad67vg9bNVRAuNHtX,0.2626633644104004,0.000879561819601804,0.4088570475578308,0.010838116519153118,0.0007033286383375525,0.012338717468082905,0.014088956639170647,0.003624701639637351,0.2860061228275299,0.33329933881759644,0.666700541973114,0.42684733867645264,0.5731526613235474,0.09391378611326218,0.9060863852500916,0.025523744523525238,0.9744763970375061,0.556826114654541,0.4431740343570709,0.5862919092178345,0.4137079119682312,5.249230861663818,3.668715476989746,3.66715931892395,4.620027542114258,142.10606384277344
3QRwycTXCQrrDaFvQn235B,0.2049681544303894,0.0010451673297211528,0.4408857226371765,0.0032977645751088858,0.0006993882707320154,0.0065639810636639595,0.018448926508426666,0.003429192118346691,0.32066184282302856,0.7591443657875061,0.2408558428287506,0.27227267622947693,0.7277272939682007,0.004884718917310238,0.9951156973838806,0.021075425669550896,0.9789243936538696,0.9496521353721619,0.05034775286912918,0.778459906578064,0.22154001891613007,6.456879615783691,3.801496982574463,3.671560287475586,5.638853549957275,131.09767150878906
7DJT3NfWWcnLIU6M0JGeeO,0.1491098552942276,0.0009671278530731797,0.4159831702709198,0.0013326689368113875,0.0008602566085755825,0.0035487499553710222,0.014984453096985817,0.0025067522656172514,0.41070690751075745,0.5895211100578308,0.4104788601398468,0.15049804747104645,0.8495020270347595,9.226226393366233e-05,0.9999074935913086,0.015346967615187168,0.9846529960632324,0.9062091112136841,0.09379081428050995,0.6191084384918213,0.3808915317058563,6.7169508934021,3.463451623916626,3.2078566551208496,5.525016784667969,143.28599548339844
1Tt4m8l00BI85uOr5EqXUh,0.02515682578086853,0.0012005617609247565,0.07381580770015717,0.0001212770221172832,0.010011425241827965,0.0032135779038071632,0.010490944609045982,0.8720504641532898,0.003939311020076275,0.9982643723487854,0.0017357072792947292,0.7817622423171997,0.2182377278804779,0.0011698409216478467,0.9988300800323486,0.612083375453949,0.38791677355766296,0.9786651730537415,0.02133476547896862,0.01064988598227501,0.9893501400947571,5.501184940338135,4.938691139221191,4.467014789581299,5.852157115936279,148.95143127441406
6jQeSeqn9AdsCe0NMrylxH,0.04131666570901871,0.007105441763997078,0.022600701078772545,0.008234888315200806,0.007389477454125881,0.05880191922187805,0.03789490833878517,0.8025458455085754,0.014110270887613297,0.941581130027771,0.05841885507106781,0.6765021085739136,0.32349780201911926,0.07521123439073563,0.9247889518737793,0.5453868508338928,0.4546131193637848,0.874348521232605,0.12565156817436218,0.0718270093202591,0.9281731843948364,5.959604263305664,5.186349391937256,4.508552551269531,6.092796802520752,135.55149841308594
7nP8jrKvubPXbVHE52OPdo,0.006635250523686409,0.0043251714669167995,0.014489144086837769,0.004560920875519514,0.002479762304574251,0.01397884450852871,0.002293946919962764,0.9373189210891724,0.013918069191277027,0.9343733787536621,0.06562673300504684,0.6240644454956055,0.3759356141090393,0.028997210785746574,0.9710030555725098,0.2864953875541687,0.7135047316551208,0.9341071248054504,0.06589266657829285,0.03407899662852287,0.9659209847450256,4.630765438079834,4.671085834503174,3.412137031555176,5.260934829711914,153.7442626953125
68TlifACKo87EevLEQd1HV,0.023863455280661583,0.0029578134417533875,0.005323697347193956,0.013556159101426601,0.1597839593887329,0.01906730607151985,0.11836323142051697,0.6290620565414429,0.02802243083715439,0.9571632146835327,0.042836982756853104,0.694655179977417,0.30534499883651733,0.0697685107588768,0.930231511592865,0.422609806060791,0.5773901343345642,0.43137797713279724,0.5686220526695251,0.016401465982198715,0.983598530292511,5.200397491455078,5.09441614151001,5.245327472686768,5.065343856811523,161.7945098876953
3tFed7YsjGnIfxeLEQwx3R,0.0631433054804802,0.019785333424806595,0.26474887132644653,0.003178030950948596,0.032631322741508484,0.03949607163667679,0.035435304045677185,0.5226994156837463,0.018882276490330696,0.9120867848396301,0.08791308104991913,0.6280514597892761,0.37194859981536865,0.017647895961999893,0.9823521375656128,0.6259019374847412,0.3740980923175812,0.9226035475730896,0.07739654183387756,0.09346284717321396,0.9065372943878174,6.677160263061523,4.756289482116699,4.084747791290283,6.481568336486816,162.4021453857422
31TVho4kOuAeRmLYGIEuWn,0.006204033270478249,0.014431609772145748,0.012798259034752846,0.003785224398598075,0.0012200233759358525,0.013427704572677612,0.007743788417428732,0.9321547150611877,0.008234472014009953,0.9496027827262878,0.0503973513841629,0.7707419991493225,0.22925812005996704,0.03210461512207985,0.9678952097892761,0.6458443999290466,0.35415562987327576,0.878677248954773,0.12132268399000168,0.0067575895227491856,0.9932426810264587,4.59743595123291,4.628069877624512,3.958357810974121,4.810413837432861,140.01480102539062
0WNfQxDGaPTl0yogcMR5v1,0.027405371889472008,0.0010834613349288702,0.13648782670497894,1.91093440662371e-05,0.001363002578727901,0.0006557388696819544,0.016226472333073616,0.815740168094635,0.0010187240550294518,0.9909101128578186,0.00909001100808382,0.8885020613670349,0.11149778962135315,0.0015925930347293615,0.9984075427055359,0.8122954368591309,0.18770429491996765,0.9691696763038635,0.030829982832074165,0.03144988417625427,0.9685500860214233,5.261131286621094,5.1559906005859375,3.85754656791687,5.294014930725098,106.70126342773438
5xeSd4HgzrYpNLEf3LfYLK,0.0009248863789252937,4.687059481511824e-05,0.026613853871822357,4.955450663146621e-07,0.00010829790699062869,6.341976404655725e-05,0.0004682057478930801,0.9716938138008118,8.036428334889933e-05,1.0,2.686840083754305e-08,0.8110793232917786,0.1889205276966095,6.156441668281332e-05,0.9999384880065918,0.3069772720336914,0.6930224299430847,0.9877373576164246,0.01226270105689764,0.0035178668331354856,0.9964820146560669,4.886446952819824,4.748459815979004,3.897007703781128,5.292996406555176,83.50114440917969
7mOC6phfrfz3jfigg1aGsE,0.006437667179852724,0.00026381027419120073,0.003936628345400095,1.1354521802786621e-06,0.00015188474208116531,3.7160069041419774e-05,0.0006565338699147105,0.9884381890296936,7.694710802752525e-05,1.0,3.9181394129172986e-08,0.8340001702308655,0.16600003838539124,0.00015190486737992615,0.9998482465744019,0.6514462232589722,0.34855377674102783,0.9440961480140686,0.055903997272253036,0.0005091605125926435,0.9994908571243286,4.462740421295166,5.025135517120361,3.9858198165893555,5.558643817901611,135.54574584960938
5A8xI7PN4WDe9e61xEdt94,0.02118009142577648,0.01586582325398922,0.004726648796349764,0.007358904927968979,0.003089807229116559,0.007468892727047205,0.006865133065730333,0.9102098941802979,0.023234762251377106,0.939919650554657,0.060080476105213165,0.84772127866745,0.15227872133255005,0.054535187780857086,0.9454647898674011,0.750572919845581,0.2494274228811264,0.9223359823226929,0.07766389101743698,0.030940167605876923,0.969059944152832,5.22084379196167,4.721145153045654,4.039860725402832,5.401670932769775,147.98806762695312
64yrDBpcdwEdNY9loyEGbX,0.11366826295852661,0.010474327020347118,0.014253566041588783,0.3701755106449127,0.0034439153969287872,0.014240897260606289,0.04326855018734932,0.0031326967291533947,0.4273422658443451,0.14513583481311798,0.8548641800880432,0.22099310159683228,0.7790069580078125,0.4186854660511017,0.5813146233558655,0.3293454051017761,0.6706544160842896,0.1972186267375946,0.802781343460083,0.09490115940570831,0.9050987958908081,5.031859874725342,4.978107452392578,4.6545796394348145,5.1647443771362305,80.05728149414062
6nTiIhLmQ3FWhvrGafw2zj,0.008051378652453423,0.0022057194728404284,0.002747610677033663,0.0021730444859713316,0.0022218769881874323,0.0005439421511255205,0.003334031207486987,0.0017839919310063124,0.9769382476806641,0.7340371608734131,0.2659629285335541,0.05254410207271576,0.9474560022354126,0.00018272157467436045,0.9998175501823425,0.2397281527519226,0.7602718472480774,0.9556755423545837,0.04432448744773865,0.2914270758628845,0.708573043346405,4.910462856292725,6.720514297485352,4.265364170074463,5.4762959480285645,92.9006118774414
6L89mwZXSOwYl76YXfX13s,0.09333061426877975,0.011097108013927937,0.025499766692519188,0.006181781645864248,0.04112189635634422,0.005128867924213409,0.009252809919416904,0.0028985918033868074,0.8054887652397156,0.7962225675582886,0.2037777453660965,0.09546622633934021,0.9045337438583374,0.013177568092942238,0.9868223071098328,0.6785048246383667,0.32149538397789,0.8937035799026489,0.10629647970199585,0.11903790384531021,0.8809621334075928,6.350372791290283,5.947846412658691,4.796842575073242,6.277677059173584,88.1385269165039
0U87auHx1iZTEFcq9KVdmO,0.252294659614563,0.0045967805199325085,0.04668793827295303,0.024248113855719566,0.004604464862495661,0.003042144700884819,0.031800657510757446,0.0016840528696775436,0.6310413479804993,0.728666365146637,0.271334171295166,0.25649142265319824,0.743508517742157,0.14713390171527863,0.8528661727905273,0.628450870513916,0.3715490698814392,0.49788832664489746,0.5021116137504578,0.06719691306352615,0.9328030347824097,5.54168176651001,5.327054023742676,4.895692348480225,5.841244697570801,166.13623046875
1nLnpLXvl68RZCSjfkyiaa,0.0683160275220871,0.011131073348224163,0.051607027649879456,0.010639291256666183,0.012347875162959099,0.005863024387508631,0.01228899322450161,0.0033636551816016436,0.8244431018829346,0.7197631001472473,0.2802368104457855,0.17011664807796478,0.8298832774162292,0.00535696791484952,0.9946433901786804,0.15295228362083435,0.8470476865768433,0.8114027380943298,0.18859708309173584,0.0981844812631607,0.9018154144287109,5.953685283660889,5.53068733215332,4.371222019195557,6.451700210571289,76.23854064941406
6ORqU0bHbVCRjXm9AjyHyZ,0.1990257352590561,0.0025671138428151608,0.008846307173371315,0.6185954213142395,0.0007140279049053788,0.03609500080347061,0.04886339232325554,0.0011782482033595443,0.08411464840173721,0.17075438797473907,0.8292456269264221,0.22758357226848602,0.7724165320396423,0.9161108136177063,0.08388910442590714,0.5813382267951965,0.4186617434024811,0.07976929098367691,0.9202306866645813,0.1864745020866394,0.8135256171226501,4.930039882659912,5.344202995300293,5.349020004272461,4.764636993408203,94.98554992675781
0lvhEsN1zkMzfp2M1o17yy,0.05342239886522293,0.006757340859621763,0.010514333844184875,0.015810610726475716,0.004632637836039066,0.0016500027850270271,0.019796714186668396,0.006089678965508938,0.8813263177871704,0.6099919676780701,0.39000827074050903,0.22363339364528656,0.7763665914535522,0.0018321649404242635,0.9981679320335388,0.5228540897369385,0.47714588046073914,0.8225204348564148,0.17747966945171356,0.14373792707920074,0.85626220703125,5.4752116203308105,6.271564483642578,4.911831855773926,6.103165149688721,146.44593811035156
5TpPSTItCwtZ8Sltr3vdzm,0.625186562538147,0.008907988667488098,0.02163034677505493,0.11779055744409561,0.001137993298470974,0.013484517112374306,0.060624122619628906,0.0012405406450852752,0.14999748766422272,0.41136643290519714,0.5886335372924805,0.4252082407474518,0.5747919678688049,0.41661784052848816,0.5833821892738342,0.5959793329238892,0.4040205478668213,0.18388596177101135,0.8161142468452454,0.10851551592350006,0.8914846777915955,5.066216468811035,4.680143356323242,4.990760326385498,5.087865829467773,120.012451171875
3ZffCQKLFLUvYM59XKLbVm,0.11566439270973206,0.007060951553285122,0.011888300068676472,0.33932584524154663,0.002358220284804702,0.014148592017591,0.13312320411205292,0.001116756466217339,0.37531372904777527,0.22051973640918732,0.7794802188873291,0.29404789209365845,0.705951988697052,0.49462130665779114,0.5053788423538208,0.29697027802467346,0.7030295729637146,0.23790442943572998,0.7620954513549805,0.11875089257955551,0.881249189376831,5.14821195602417,4.936732769012451,4.674515724182129,4.854519367218018,104.9725112915039
1Dr1fXbc2IxaK1Mu8P8Khz,0.05614670366048813,0.003419466083869338,0.01814590021967888,0.006027788855135441,0.01321881078183651,0.007475316058844328,0.008388581685721874,0.0023151268251240253,0.8848623037338257,0.5821182131767273,0.41788166761398315,0.17247170209884644,0.8275282979011536,0.007550528272986412,0.9924495220184326,0.44723039865493774,0.552769660949707,0.8729187250137329,0.1270812451839447,0.1702367514371872,0.8297633528709412,6.3557562828063965,6.225513458251953,4.983299732208252,6.170814037322998,97.8729019165039
4qQcBZCSitGQx5WpZXLXRK,0.055404070764780045,0.004380498081445694,0.17835800349712372,0.009486914612352848,0.010531337931752205,0.6953262090682983,0.01455871295183897,0.0016478881007060409,0.03030640445649624,0.0781857967376709,0.9218142032623291,0.6284984946250916,0.37150150537490845,0.08239976316690445,0.9176004528999329,0.38138458132743835,0.6186152696609497,0.6693342328071594,0.3306657075881958,0.882107138633728,0.11789291352033615,5.027954578399658,5.004490375518799,4.590062618255615,4.809772968292236,129.93728637695312
2JU5PrwuA7VY3MrutRs72h,0.10321915149688721,0.027037033811211586,0.07248185575008392,0.0743795782327652,0.01329299621284008,0.6166603565216064,0.015165144577622414,0.005293708760291338,0.0724702700972557,0.012040676549077034,0.9879595041275024,0.5464493632316589,0.453550785779953,0.16514164209365845,0.8348584175109863,0.25282031297683716,0.7471796870231628,0.19204136729240417,0.807958722114563,0.8684450387954712,0.13155502080917358,4.394240856170654,4.465094566345215,4.349294662475586,4.215044975280762,113.70405578613281
6ejFaLGH7F4J5tnaYirs2G,0.11225692182779312,0.0078107393346726894,0.2611520290374756,0.02187887765467167,0.007969306781888008,0.5107626914978027,0.020740989595651627,0.0030641218181699514,0.05436442047357559,0.09280479699373245,0.9071951508522034,0.6130907535552979,0.38690900802612305,0.1063908189535141,0.8936092257499695,0.3949929177761078,0.6050069332122803,0.5995075702667236,0.40049242973327637,0.860360860824585,0.13963907957077026,4.68912935256958,4.809485912322998,4.483888626098633,4.608440399169922,117.22855377197266
6J2xHDd8AngbN46mtJ257Z,0.06789317727088928,0.006412708666175604,0.2364644557237625,0.01949984021484852,0.01232046727091074,0.5540077090263367,0.04615640267729759,0.0018264919053763151,0.055418726056814194,0.14724698662757874,0.8527531027793884,0.6446680426597595,0.3553318381309509,0.11237692832946777,0.8876230716705322,0.6701698899269104,0.3298300504684448,0.712342381477356,0.28765764832496643,0.8107006549835205,0.18929935991764069,5.048929214477539,5.328433513641357,5.074152946472168,5.058703422546387,162.509033203125
27AoYpkVfkIkFS7kLGrR2P,0.18351112306118011,0.00616640318185091,0.3227691352367401,0.015213431790471077,0.003504773834720254,0.4268423020839691,0.00867657270282507,0.0022680177353322506,0.031048107892274857,0.02937162294983864,0.9706283807754517,0.6841530799865723,0.31584668159484863,0.22286804020404816,0.7771320939064026,0.037441231310367584,0.9625588059425354,0.2901737093925476,0.7098262906074524,0.9413034319877625,0.0586966834962368,4.026656627655029,3.8228697776794434,4.056949615478516,3.7322847843170166,151.13267517089844
1icgyoHziNhsD1SCPyoEKi,0.1365278959274292,0.013595308177173138,0.1733727753162384,0.0799897089600563,0.0032244257163256407,0.5180618166923523,0.013654030859470367,0.007086742669343948,0.054487261921167374,0.010877457447350025,0.9891223907470703,0.7247083783149719,0.27529168128967285,0.19760830700397491,0.8023914098739624,0.0030962792225182056,0.9969038963317871,0.04005008563399315,0.9599500298500061,0.9139888882637024,0.08601094782352448,3.8889546394348145,3.432723045349121,4.09378719329834,3.400745391845703,164.3143310546875
4gKrD45pSLOwGndDsmtisn,0.1325189471244812,0.015966810286045074,0.14783594012260437,0.024048419669270515,0.007272780407220125,0.611141562461853,0.007180731277912855,0.006156398449093103,0.047878336161375046,0.03291330486536026,0.9670867919921875,0.5881104469299316,0.41188952326774597,0.10463304072618484,0.8953668475151062,0.12143559753894806,0.8785642981529236,0.2543873190879822,0.7456127405166626,0.9123794436454773,0.08762041479349136,4.046352386474609,3.9749510288238525,3.9183051586151123,4.148460388183594,131.45555114746094
7B6kLePNk9ySaaPMXCGysA,0.1922892928123474,0.008300983346998692,0.46037575602531433,0.062307823449373245,0.002814766252413392,0.17063839733600616,0.018897846341133118,0.006945804692804813,0.07742920517921448,0.01057215966284275,0.9894281625747681,0.7112480401992798,0.2887519598007202,0.037689175456762314,0.9623107314109802,0.0024855814408510923,0.9975142478942871,0.07895532250404358,0.9210445880889893,0.8062013387680054,0.19379858672618866,3.738935708999634,3.443891763687134,4.1867756843566895,3.6588175296783447,154.5579833984375
1TZ9VIzwoQcSBQbJlbHOrH,0.2061498463153839,0.010358829982578754,0.3327421247959137,0.04553808271884918,0.005055041518062353,0.3280566930770874,0.01405151467770338,0.00481484504416585,0.053233105689287186,0.03391910344362259,0.9660810828208923,0.6750165224075317,0.3249834179878235,0.1909399926662445,0.8090599775314331,0.09423006325960159,0.9057697653770447,0.22874529659748077,0.7712544202804565,0.8965553641319275,0.10344459116458893,3.8579583168029785,3.655372381210327,3.9898815155029297,3.8716320991516113,90.29686737060547
4edX8xopbaXGJN8n1rW7Vk,0.10457023233175278,0.005851902067661285,0.14529219269752502,0.03824077919125557,0.004484516568481922,0.6087493896484375,0.038043394684791565,0.003715764032676816,0.051051780581474304,0.004132215399295092,0.9958677291870117,0.7041805982589722,0.295819491147995,0.09002339839935303,0.9099767208099365,0.20775283873081207,0.7922472953796387,0.09603424370288849,0.9039655923843384,0.8785707950592041,0.12142932415008545,3.993607759475708,4.534091472625732,4.548968315124512,4.0221147537231445,89.87544250488281
4CSj193EuM6fwM7n6tO15G,0.027966178953647614,0.0004204510769341141,0.7882839441299438,0.0015169844264164567,0.0007584296981804073,0.015805304050445557,0.01272341888397932,0.12010953575372696,0.03241574391722679,0.8937320113182068,0.10626799613237381,0.5667507648468018,0.43324920535087585,0.0046371291391551495,0.9953628778457642,0.13497821986675262,0.8650217652320862,0.9667577147483826,0.03324227035045624,0.5255100131034851,0.47448986768722534,4.716569423675537,4.461203575134277,4.078643321990967,4.361758232116699,138.97061157226562
614NfZjf8rMY2bErgwhzR5,0.03233759477734566,0.0018667896511033177,0.807970404624939,9.414304076926783e-05,0.00022689539764542133,0.008024509064853191,0.08065521717071533,0.005363657604902983,0.06346108019351959,0.9875184893608093,0.012481420300900936,0.8564441204071045,0.14355598390102386,0.0028369768988341093,0.9971634149551392,0.20899739861488342,0.791002631187439,0.9955671429634094,0.004432955756783485,0.587039589881897,0.41296032071113586,5.6229248046875,4.9139604568481445,4.802562236785889,5.360894680023193,140.03836059570312
1W9d86MctMM8Hh76tWoGlS,0.04378955438733101,0.001129135605879128,0.8140988349914551,0.004666909575462341,0.0008537612739019096,0.03338977321982384,0.011812467128038406,0.05583731085062027,0.03442227467894554,0.8020319938659668,0.1979680210351944,0.7358602285385132,0.26413995027542114,0.00043725635623559356,0.9995628595352173,0.07084361463785172,0.9291563630104065,0.9557580351829529,0.044241901487112045,0.9120969772338867,0.08790282905101776,5.026956558227539,4.874954700469971,4.796241283416748,4.329351902008057,101.19828796386719
7r4FAKAU499KcT5E83zEYs,0.03101683408021927,0.008639737963676453,0.4951939880847931,0.03153156861662865,0.007732863537967205,0.22985544800758362,0.09188862144947052,0.012441367842257023,0.09169964492321014,0.5930033326148987,0.40699657797813416,0.7806535959243774,0.21934643387794495,0.06413667649030685,0.9358632564544678,0.04993130639195442,0.9500686526298523,0.7120420336723328,0.2879577577114105,0.43362554907798767,0.5663745403289795,4.980334758758545,4.712669849395752,4.7580132484436035,4.610118865966797,129.88340759277344
0SBkOa5mzvc6QjTCn8oiCp,0.014136560261249542,8.458692173007876e-05,0.9518213272094727,0.0005464873393066227,0.00018211783026345074,0.0022211947944015265,0.0026247731875628233,0.01278650015592575,0.015596122480928898,0.9652921557426453,0.03470795229077339,0.797135055065155,0.2028650939464569,0.0008400948718190193,0.9991600513458252,0.09066277742385864,0.9093372225761414,0.9788501858711243,0.02115010656416416,0.8508444428443909,0.14915558695793152,4.774618148803711,4.401360988616943,4.52641487121582,4.134670257568359,125.97016143798828
1F7wFVvXwazyZdy4jq3Bj8,0.020906493067741394,2.292211866006255e-05,0.9689760208129883,7.444255970767699e-06,5.041471467848169e-06,0.0012385813752189279,0.00024212909920606762,0.0051013147458434105,0.003500239923596382,0.9750192761421204,0.024981234222650528,0.5439348816871643,0.4560651183128357,0.00015297727077268064,0.9998473525047302,0.008063768967986107,0.9919360876083374,0.9983330368995667,0.0016672955825924873,0.9598334431648254,0.04016647860407829,4.840992450714111,4.141830921173096,4.57088041305542,4.37111234664917,93.1789779663086
7czIjs2dvjjmGEQ8k4FJGl,0.04921939969062805,0.0045341686345636845,0.6838414072990417,0.000571380602195859,0.003504308871924877,0.032229505479335785,0.12917469441890717,0.011749458499252796,0.08517562597990036,0.9985106587409973,0.0014895206550136209,0.7915902137756348,0.20840959250926971,0.0002093715447699651,0.9997907280921936,0.22069476544857025,0.779305100440979,0.9953932166099548,0.00460698502138257,0.3322727382183075,0.6677271723747253,5.8350934982299805,5.2926411628723145,5.2708659172058105,5.805133819580078,129.71046447753906
1DJvuvxH90LRrLKeKBibXq,0.03133920207619667,0.002946902299299836,0.44239556789398193,0.0005773108568973839,0.006168533582240343,0.00764759024605155,0.2905532419681549,0.20730248093605042,0.011069048196077347,0.9971984624862671,0.0028017242439091206,0.8797820806503296,0.12021798640489578,0.01319609023630619,0.9868040084838867,0.28320732712745667,0.7167928814888,0.9220704436302185,0.07792964577674866,0.18225312232971191,0.8177466988563538,5.928325653076172,5.697681427001953,4.788725852966309,5.276276111602783,133.1539306640625
1zii8HjrZpVEIsAECYGwrV,0.0013415416469797492,8.453908776573371e-06,0.9952650666236877,4.3579884732025675e-06,4.338242888479726e-06,9.849591151578352e-05,0.0014315826119855046,0.0009222849039360881,0.0009238545317202806,0.9519365429878235,0.04806370660662651,0.8528467416763306,0.1471530795097351,4.476654066820629e-05,0.9999558329582214,0.02632312849164009,0.9736769795417786,0.995232343673706,0.004767842590808868,0.9642618298530579,0.0357382632791996,5.772951126098633,4.8417229652404785,4.852395057678223,4.734650135040283,138.13888549804688
5yX1n7GniBnjMlrS5GairC,0.010343212634325027,0.002753314096480608,0.052901752293109894,9.959435556083918e-05,0.0019302109722048044,0.039220139384269714,0.016647469252347946,0.8737829923629761,0.0023213487584143877,0.9794424176216125,0.020557677373290062,0.6829589009284973,0.31704089045524597,0.0005335420137271285,0.9994668960571289,0.21290923655033112,0.7870907187461853,0.9780493974685669,0.021950511261820793,0.032017290592193604,0.967982828617096,5.630167007446289,5.182343482971191,4.584352493286133,6.016712665557861,156.3897247314453
0OA00aPt3BV10qeMIs3meW,0.01794218085706234,0.0003401388821657747,0.026854505762457848,1.8134864149033092e-05,3.3703803637763485e-05,0.00019294238882139325,0.0006309442687779665,0.9532670974731445,0.0007206279551610351,0.9991057515144348,0.0008942648419179022,0.50517338514328,0.49482667446136475,0.011430904269218445,0.9885695576667786,0.5181255340576172,0.4818744361400604,0.9965924620628357,0.0034079551696777344,0.04611659795045853,0.9538833498954773,5.219392776489258,4.957591533660889,4.208462238311768,5.963322162628174,90.02275085449219
630ZXewu63FXyhoiKpO6tC,0.08550034463405609,0.0009249784052371979,0.46912631392478943,0.000655675888992846,0.000594127515796572,0.0037259706296026707,0.006340745836496353,0.42213180661201477,0.01100006140768528,0.9502657055854797,0.049734506756067276,0.5234811305999756,0.4765188992023468,0.0009418174158781767,0.9990583062171936,0.07531234622001648,0.9246876239776611,0.9621551036834717,0.037844669073820114,0.4249022603034973,0.5750977396965027,5.02387809753418,4.81833553314209,4.1150102615356445,5.064856052398682,156.1609344482422
4byM7YIkw5KQryitRGPEYN,0.0074604954570531845,0.0012685791589319706,0.01899232342839241,0.006266331300139427,0.0002710623375605792,0.0033324139658361673,0.00082492915680632,0.9543874263763428,0.0071962918154895306,0.9508029222488403,0.04919710382819176,0.24088327586650848,0.7591169476509094,0.06687138974666595,0.9331289529800415,0.06608173251152039,0.9339181780815125,0.7112711668014526,0.28872889280319214,0.017310194671154022,0.9826897382736206,4.458420276641846,4.90857458114624,4.249772548675537,4.896767616271973,81.91997528076172
08hPrxBgkSFFNnheFd9u0r,0.17434284090995789,0.0017683390760794282,0.12006904929876328,0.0008021352696232498,0.0015257338527590036,0.012150246649980545,0.014836525544524193,0.6656356453895569,0.008869568817317486,0.9628195762634277,0.037180475890636444,0.6129809617996216,0.3870192766189575,0.029158959165215492,0.9708412289619446,0.41265422105789185,0.5873457789421082,0.8181332945823669,0.18186649680137634,0.06947135180234909,0.930528461933136,4.958384990692139,5.151421070098877,4.594951152801514,5.366705894470215,161.90562438964844
1WOLOzZPyjUpJUnEI7kLI1,0.051471639424562454,0.0013080320786684752,0.4854964315891266,0.0013737126719206572,0.000414325826568529,0.006564708426594734,0.03216737136244774,0.39343196153640747,0.027771782130002975,0.9658879041671753,0.03411228209733963,0.6137444376945496,0.3862556219100952,0.00031413830583915114,0.9996861219406128,0.19556118547916412,0.8044388294219971,0.9876605272293091,0.012339584529399872,0.23590093851089478,0.7640989422798157,5.8581743240356445,4.66356086730957,4.131062984466553,5.782828330993652,129.0227508544922
3RcS3P11j5PL7ttgEG5viZ,0.031815484166145325,0.0018928966019302607,0.0865955501794815,0.00023157378018368036,0.0007983509567566216,0.003930090460926294,0.005302196368575096,0.8675573468208313,0.0018768369918689132,0.9993014931678772,0.0006985595100559294,0.579881489276886,0.4201185405254364,0.003710039658471942,0.9962896704673767,0.4504382014274597,0.5495618581771851,0.9879070520401001,0.012092742137610912,0.032095734030008316,0.9679041504859924,6.037201881408691,5.6321516036987305,4.487608909606934,6.191882133483887,128.7328643798828
6F5WCelPHjA9OeYVos4nXj,0.07021088153123856,0.003986645489931107,0.4866841435432434,0.00687597319483757,0.0011651326203718781,0.015408605337142944,0.029345901682972908,0.3218994438648224,0.06442341208457947,0.8311434984207153,0.16885675489902496,0.5531594157218933,0.4468406140804291,0.0579465851187706,0.9420536160469055,0.15723778307437897,0.8427624702453613,0.853611409664154,0.14638862013816833,0.35788434743881226,0.642115592956543,5.5741963386535645,4.912967205047607,4.23025369644165,5.498782634735107,120.08086395263672
5EbJjO0X1Xw620AXZMyyNZ,0.014216069132089615,0.0009715765481814742,0.6905357837677002,0.002149313921108842,0.0007286116015166044,0.005086544435471296,0.013516104780137539,0.25776371359825134,0.015032332390546799,0.9777795672416687,0.022220561280846596,0.5356431007385254,0.4643568992614746,0.000298886006930843,0.9997014403343201,0.16851937770843506,0.8314805626869202,0.9862159490585327,0.013784082606434822,0.4340730309486389,0.5659269690513611,6.078629493713379,4.948153972625732,4.530440330505371,5.56149435043335,104.83654022216797
4ZRa6t1stksF7tqhyHIcy9,0.025173258036375046,0.001734450226649642,0.3821212649345398,0.0006364893633872271,0.0013379586162045598,0.012001010589301586,0.005692020524293184,0.5684030652046204,0.0029006132390350103,0.9329161047935486,0.06708397716283798,0.7768778204917908,0.22312219440937042,0.016812965273857117,0.9831871390342712,0.07713912427425385,0.9228608012199402,0.9376581311225891,0.06234186515212059,0.23707564175128937,0.7629242539405823,5.253240585327148,4.808234691619873,4.372503757476807,4.594454288482666,85.35359954833984
6RR4L8gk42R2AYSRvwH1to,0.005142166744917631,0.0002714416477829218,0.3123454451560974,5.1957290452264715e-06,0.0003155792655888945,0.0005495540681295097,0.0063239410519599915,0.6736220121383667,0.0014247854705899954,0.9994400143623352,0.0005600480362772942,0.6962586045265198,0.30374133586883545,0.0009061347809620202,0.9990941286087036,0.20682524144649506,0.793174684047699,0.9939789175987244,0.006021415814757347,0.017980240285396576,0.98201984167099,6.336677074432373,5.545190334320068,3.911026954650879,6.08243989944458,89.01192474365234
6KMUMxuhY2xzCmydtudtc8,0.015267273411154747,0.0024865958839654922,0.6087101697921753,2.900495019275695e-06,0.00027156234136782587,0.0023389568086713552,0.012098155915737152,0.35857948660850525,0.00024495486286468804,0.9999994039535522,6.946144708308566e-07,0.9263371825218201,0.07366291433572769,8.299516593979206e-06,0.9999919533729553,0.09389575570821762,0.9061042070388794,0.9908249974250793,0.009174749255180359,0.3952900469303131,0.6047101020812988,5.702687740325928,5.005199909210205,4.394814968109131,4.821135997772217,80.01483154296875
3lDFkLaSVnWoFbcb3tCN9R,0.017824428156018257,0.0034411358647048473,0.6754245162010193,0.0028508510440587997,0.003632491221651435,0.010257773101329803,0.013996400870382786,0.24574141204357147,0.026831036433577538,0.9655070304870605,0.03449311852455139,0.6465145945549011,0.35348549485206604,0.001037469832226634,0.9989627003669739,0.029634417966008186,0.9703656435012817,0.9624395370483398,0.037560347467660904,0.274426132440567,0.7255738973617554,5.518287658691406,5.098133563995361,5.079543590545654,5.212393760681152,147.84373474121094
3RnFo1zuRhWCAQxL6LL2nH,0.001976344035938382,0.0002648642403073609,0.47944343090057373,1.7319882772426354e-06,0.00041520720697008073,0.0016129531431943178,0.004363751504570246,0.5101569890975952,0.0017646816559135914,0.9999976754188538,2.5850038127828157e-06,0.6802855730056763,0.3197144865989685,2.5911138436640613e-05,0.999974250793457,0.10077151656150818,0.899228572845459,0.9862607717514038,0.013739407062530518,0.0602290965616703,0.9397708773612976,6.090025424957275,5.514923095703125,4.077958106994629,5.628294944763184,89.02620697021484
4Js7xeys5bl6fjV4HWJLuD,0.0021835044026374817,0.00013914157170802355,0.050972435623407364,1.928922443994452e-07,7.1219228630070575e-06,0.0008483725250698626,0.0002244904899271205,0.9455952048301697,2.9731345421168953e-05,0.9999974966049194,2.728475010371767e-06,0.7028464078903198,0.29715362191200256,1.68030817349063e-06,0.9999983906745911,0.0489533469080925,0.9510467052459717,0.9884885549545288,0.01151141244918108,0.41805654764175415,0.5819435119628906,5.473999977111816,5.024260520935059,3.9450228214263916,5.5501298904418945,133.60232543945312
71v9pFjJn3IT7l7681q0jb,0.0766957476735115,0.011176356114447117,0.5575910806655884,3.055721754208207e-05,0.001169380615465343,0.0033591410610824823,0.008142144419252872,0.3388865292072296,0.0029489875305444,0.9999272227287292,7.27712395018898e-05,0.8243857622146606,0.17561428248882294,1.8941994994747802e-06,0.9999982118606567,0.041062865406274796,0.9589371085166931,0.9997692108154297,0.00023124665312934667,0.19724959135055542,0.8027504682540894,5.866647243499756,5.1558074951171875,5.090724468231201,6.428829193115234,123.88521575927734
4JapM9VeJCIhcH5w6kiKB5,0.0078105987049639225,0.004148191772401333,0.30655789375305176,3.8509591831825674e-05,0.017145907506346703,0.01184997521340847,0.03377138823270798,0.6177023649215698,0.0009752293699420989,0.9964741468429565,0.003525887615978718,0.7673158049583435,0.23268412053585052,0.00017593635129742324,0.9998242855072021,0.31089428067207336,0.6891056895256042,0.9899685978889465,0.010031400248408318,0.18204747140407562,0.8179526925086975,6.435298442840576,4.874520301818848,4.068118095397949,6.429253101348877,82.88804626464844
0BMFTGo7flIdopJLYV2Ueu,0.016956515610218048,0.0023097398225218058,0.3324693441390991,2.4528426365577616e-05,0.0020963442511856556,0.016845840960741043,0.003692896571010351,0.6233408451080322,0.002263970673084259,0.9999803304672241,1.968021570064593e-05,0.8472463488578796,0.15275365114212036,1.2653516023419797e-05,0.9999876022338867,0.05517405644059181,0.9448257088661194,0.9872933030128479,0.012706867419183254,0.6271064877510071,0.37289345264434814,5.482666492462158,5.191112041473389,5.272303581237793,5.323888301849365,152.87435913085938
3lQ4aQwF14KPMqjd54qPJZ,0.07287707179784775,0.0016691730124875903,0.08842682838439941,0.001315356232225895,0.0014927530428394675,0.013645883649587631,0.009585244581103325,0.7934120893478394,0.01757548376917839,0.9716695547103882,0.028330694884061813,0.5457450747489929,0.4542548358440399,0.0017044973792508245,0.9982956051826477,0.37138262391090393,0.6286174058914185,0.9670023918151855,0.03299756720662117,0.029035931453108788,0.9709641933441162,5.626610279083252,5.468289375305176,4.152116775512695,5.662909507751465,78.56693267822266
6rCuplMDiFQVSca77OQocz,0.032867737114429474,0.01679205149412155,0.253898561000824,0.0021346586290746927,0.016976376995444298,0.13986095786094666,0.2351897656917572,0.29917705059051514,0.003102899296209216,0.9778138399124146,0.0221861619502306,0.7651767730712891,0.23482324182987213,0.09924634546041489,0.9007536768913269,0.35255783796310425,0.6474421620368958,0.8467949628829956,0.1532050222158432,0.22120630741119385,0.7787938714027405,5.239444732666016,5.254803657531738,5.166395664215088,4.998021602630615,122.37841033935547
13z7RLPmgupzRwQY9NiTZU,0.016793951392173767,0.004036821890622377,0.07765868306159973,0.001932622049935162,0.008770703338086605,0.026272272691130638,0.10422401130199432,0.7495455145835876,0.010765325278043747,0.998001217842102,0.0019989118445664644,0.6372637748718262,0.36273616552352905,0.025694211944937706,0.9743056893348694,0.2136029601097107,0.7863970398902893,0.6970772743225098,0.3029230237007141,0.02009778842329979,0.9799023270606995,5.280845642089844,5.446290016174316,4.5162153244018555,4.6175923347473145,89.99085998535156
4WRdIY3cvWLk2yeNw9rMaN,0.10224493592977524,0.014945488423109055,0.02236068993806839,0.16182981431484222,0.011091425083577633,0.3430590331554413,0.3218676447868347,0.006092439405620098,0.01650851033627987,0.7762593030929565,0.22374069690704346,0.7238237857818604,0.2761763632297516,0.9454562664031982,0.05454370006918907,0.190227672457695,0.8097723722457886,0.029736338183283806,0.9702638387680054,0.09024091809988022,0.9097588658332825,4.60658597946167,4.768330097198486,4.5911407470703125,3.5982375144958496,128.29624938964844
2knRILXCUzgUfP10oxsgk3,0.059936851263046265,0.009586532600224018,0.04486306011676788,0.07373244315385818,0.018589699640870094,0.2866753041744232,0.44848334789276123,0.05369091033935547,0.004441678524017334,0.8584237098693848,0.14157646894454956,0.6543990969657898,0.34560081362724304,0.5575559735298157,0.44244396686553955,0.3210729956626892,0.6789271235466003,0.13425983488559723,0.8657404184341431,0.115547776222229,0.8844520449638367,4.917582988739014,5.254311561584473,4.792830467224121,3.9943838119506836,150.34678649902344
30ae9cv36eD4Q6Zc8PVF8v,0.011528505012392998,0.002282299567013979,0.4217538833618164,0.00010599316738080233,0.004529538564383984,0.008294867351651192,0.47759872674942017,0.07309217751026154,0.0008140535210259259,0.9999997615814209,3.610653891428228e-07,0.9240273833274841,0.07597249001264572,0.0001066934346454218,0.9998935461044312,0.6368663311004639,0.36313366889953613,0.9963914752006531,0.003608760889619589,0.08086961507797241,0.9191305041313171,6.152621746063232,6.26265287399292,5.294219970703125,5.660190105438232,105.98725128173828
5lC2ICF1mB1HjmCFcoOEf7,0.019159510731697083,0.02678631991147995,0.009819296188652515,0.07327186316251755,0.008814258500933647,0.055795542895793915,0.12611812353134155,0.6327731013298035,0.047461993992328644,0.789905309677124,0.2100946307182312,0.7610743641853333,0.23892569541931152,0.1849629133939743,0.8150370121002197,0.07952218502759933,0.920477569103241,0.20199543237686157,0.798004686832428,0.15700460970401764,0.8429953455924988,4.771576881408691,5.186021327972412,4.757880210876465,3.9907164573669434,89.02103424072266
4GKlQw3wlSRBM3MiCilBOj,0.03153473511338234,0.007368115708231926,0.007722076028585434,0.14077681303024292,0.04785609990358353,0.21449290215969086,0.5343670845031738,0.0027921844739466906,0.013090012595057487,0.9399851560592651,0.06001472845673561,0.8081070184707642,0.19189292192459106,0.8160011172294617,0.18399903178215027,0.3770706057548523,0.6229294538497925,0.0471167117357254,0.9528831243515015,0.055611513555049896,0.9443885087966919,4.894347667694092,5.545559883117676,4.959444046020508,3.8488383293151855,109.44609069824219
00kznnfqqe31BbDcFWmeGe,0.041765496134757996,0.0033720985520631075,0.03639258071780205,0.006703673861920834,0.04253778234124184,0.05375951901078224,0.15810927748680115,0.6375082731246948,0.019851097837090492,0.9292076230049133,0.07079250365495682,0.7692784070968628,0.23072144389152527,0.07789269089698792,0.9221073985099792,0.1146903857588768,0.885309636592865,0.4686312675476074,0.5313687324523926,0.05622197315096855,0.9437779188156128,5.266050815582275,5.010989189147949,4.5866498947143555,4.526312351226807,96.8712387084961
2mb9wKJz6WMD5Y0baavuIQ,0.015082540921866894,0.009508509188890457,0.25534117221832275,0.012187311425805092,0.048921965062618256,0.12418047338724136,0.3784492015838623,0.14082804322242737,0.015500769019126892,0.9416214823722839,0.05837872624397278,0.8565651774406433,0.1434345692396164,0.10146721452474594,0.8985326290130615,0.2234615683555603,0.7765383124351501,0.7491541504859924,0.2508460581302643,0.0897291898727417,0.9102706909179688,5.58560037612915,5.338234901428223,4.84851598739624,4.7830634117126465,93.97535705566406
3ZptYblxFPhvIJ0RRRozk9,0.13627655804157257,0.005926657468080521,0.15304768085479736,0.011870316229760647,0.01905098557472229,0.06727397441864014,0.42773401737213135,0.15059947967529297,0.028220348060131073,0.9742307066917419,0.0257695484906435,0.829860508441925,0.17013971507549286,0.10643553733825684,0.8935644626617432,0.7841664552688599,0.21583351492881775,0.7696264982223511,0.23037360608577728,0.12232478708028793,0.8776751160621643,6.0803351402282715,5.9024553298950195,5.3759660720825195,5.344095706939697,110.48684692382812
1bXW9UIZWmXtoSGXJvyyAm,0.025916073471307755,0.024660641327500343,0.554426372051239,0.007483788300305605,0.06494392454624176,0.023791171610355377,0.20924532413482666,0.044285520911216736,0.04524720087647438,0.9125851988792419,0.08741506934165955,0.8525418043136597,0.14745822548866272,0.018873076885938644,0.9811268448829651,0.31365540623664856,0.6863446235656738,0.8806021809577942,0.11939803510904312,0.034434590488672256,0.9655654430389404,6.348211765289307,5.815757751464844,5.215052127838135,6.1360087394714355,146.96658325195312
46PRAC9BDGinxWR2Jw6chN,0.017920678481459618,0.0030338484793901443,0.8134515881538391,0.001786503242328763,0.00645253574475646,0.009401524439454079,0.08646757900714874,0.0422758050262928,0.01920999027788639,0.9984994530677795,0.0015006758039817214,0.8449305891990662,0.15506938099861145,0.0003308841260150075,0.9996693730354309,0.3633195161819458,0.6366804242134094,0.9624946117401123,0.03750551491975784,0.25488147139549255,0.7451185584068298,6.195955753326416,6.007466793060303,5.419587135314941,6.438509464263916,172.2654571533203
2C4r9G7FE0BiYQluzEPQ5S,0.04345550760626793,0.0036760326474905014,0.7492099404335022,0.0030097514390945435,0.005208110436797142,0.03163694217801094,0.08282531052827835,0.010903422720730305,0.07007502019405365,0.9081634283065796,0.09183669835329056,0.8169476985931396,0.1830524355173111,0.013189844787120819,0.9868102669715881,0.4357878565788269,0.5642120838165283,0.9428133368492126,0.057186681777238846,0.22049641609191895,0.7795034050941467,5.935015678405762,5.3116326332092285,4.877019882202148,6.203025817871094,166.1533203125
18sMQCWbFai1S6IsSUAqoB,0.005572161171585321,0.0012610909761860967,0.8252314925193787,0.00024095861590467393,0.0023011958692222834,0.025070929899811745,0.079636350274086,0.05457916110754013,0.0061066350899636745,0.9994979500770569,0.0005023722187615931,0.846120297908783,0.15387967228889465,0.0011241590837016702,0.9988759756088257,0.2005210816860199,0.7994790077209473,0.9967133402824402,0.0032869833521544933,0.45464396476745605,0.5453561544418335,6.8706746101379395,5.402790546417236,4.525862216949463,6.053981304168701,161.54563903808594
0Rv7Ql0ImNHE4LqZFrMldi,0.024776393547654152,0.00686510419473052,0.7361150979995728,0.001661300309933722,0.001618745969608426,0.06533023715019226,0.040489718317985535,0.09556762874126434,0.02757568284869194,0.9983564615249634,0.0016435771249234676,0.7186304926872253,0.28136974573135376,0.001956138527020812,0.9980440735816956,0.3393716514110565,0.6606284976005554,0.9898083806037903,0.01019173115491867,0.36739057302474976,0.6326094269752502,6.708581924438477,5.24129056930542,4.819574356079102,6.4546027183532715,89.97163391113281
2vkkkaDiOamN4sNcCgsTE1,0.018033772706985474,0.0055159758776426315,0.5638498663902283,0.0016866831574589014,0.012022947892546654,0.04671205207705498,0.272678405046463,0.0642317682504654,0.015268583782017231,0.9917173981666565,0.008282586000859737,0.9284157752990723,0.07158398628234863,0.009049903601408005,0.9909502863883972,0.26204782724380493,0.7379521131515503,0.8993257284164429,0.10067423433065414,0.2391393482685089,0.760860800743103,6.428226947784424,5.591475009918213,4.963395595550537,5.700132846832275,153.49403381347656
4OMRT2wSbKKZHRQjuJmV0q,0.010224602185189724,0.0014343569055199623,0.8373238444328308,0.00065031269332394,0.003788067027926445,0.038726892322301865,0.05715513974428177,0.04904596880078316,0.0016506568063050508,0.999958336353302,4.157878356636502e-05,0.8396934866905212,0.16030646860599518,0.0005101748974993825,0.9994899034500122,0.15521906316280365,0.8447809815406799,0.9723691344261169,0.027630917727947235,0.29973042011260986,0.7002694010734558,6.005918025970459,5.300057411193848,5.081334114074707,5.948015213012695,162.7427520751953
0yHB5eEVelMgq6sKR9zR57,0.027414748445153236,0.0036112796515226364,0.7924973368644714,0.00022072230058256537,0.004571141675114632,0.032443612813949585,0.07054944336414337,0.057580191642045975,0.01111139077693224,0.9816660284996033,0.018333956599235535,0.8940559029579163,0.10594405978918076,0.014925788156688213,0.9850741624832153,0.3727511763572693,0.6272489428520203,0.996167778968811,0.0038321868050843477,0.5628646016120911,0.4371354579925537,6.509535312652588,4.645981788635254,4.921199798583984,6.168478965759277,79.95989990234375
4FT34LPn1NfZizeWQ7G6Oz,0.006201624870300293,0.0053599439561367035,0.7028660774230957,0.0009070567903108895,0.058568645268678665,0.03026483952999115,0.06001527979969978,0.131111741065979,0.004704764112830162,0.9561122059822083,0.04388778284192085,0.8573633432388306,0.14263659715652466,0.0019027477828785777,0.9980972409248352,0.06572950631380081,0.9342705607414246,0.8888789415359497,0.11112117022275925,0.10631684213876724,0.8936833739280701,6.738709926605225,5.027998924255371,3.8479812145233154,6.369957447052002,135.3367462158203
4OgesRizuZuES11S4oMmCp,0.0010690365452319384,0.006054679863154888,0.8865945935249329,0.00011841532250400633,0.0012505910126492381,0.018503407016396523,0.06643421947956085,0.00044851552229374647,0.019526464864611626,0.9999374151229858,6.26325563644059e-05,0.9341028332710266,0.0658973678946495,0.0003174572775606066,0.9996824264526367,0.16332565248012543,0.8366745114326477,0.999992847442627,7.31033014744753e-06,0.45295631885528564,0.5470436811447144,6.229577541351318,5.2158708572387695,3.964447021484375,5.981513500213623,144.57864379882812
68oNk0caJp9px4OqqmPAmS,0.005735602229833603,0.0007531220908276737,0.9498690366744995,0.00016371888341382146,0.00043457356514409184,0.014938365668058395,0.008018733002245426,0.0009633309091441333,0.019123677164316177,0.9405810832977295,0.05941908434033394,0.8104013800621033,0.18959854543209076,0.00012136938312323764,0.9998787045478821,0.06005876883864403,0.93994140625,0.989459753036499,0.010540321469306946,0.774323582649231,0.22567614912986755,5.69228982925415,5.092916011810303,5.140475749969482,6.035688877105713,145.96617126464844
7jhnbFPjiETsnctO3eCkVU,0.06549063324928284,0.002032469492405653,0.8418254852294922,0.0051572564989328384,0.0011748673859983683,0.01766161248087883,0.02739803120493889,0.0013550262665376067,0.037904612720012665,0.8335002660751343,0.166500061750412,0.8289148211479187,0.17108532786369324,0.051676444709300995,0.948323667049408,0.045405782759189606,0.9545941352844238,0.9180271625518799,0.08197290450334549,0.4206661283969879,0.5793339014053345,5.346962928771973,4.747232913970947,4.068922996520996,4.869016170501709,144.7975311279297
645khgMxKxkXqUEs4UrBB6,0.01708945818245411,0.011367183178663254,0.7244991064071655,0.019731255248188972,0.004327224101871252,0.08287741988897324,0.05827409401535988,0.010355093516409397,0.07147909700870514,0.8324787020683289,0.16752128303050995,0.8090488314628601,0.19095101952552795,0.08207504451274872,0.9179248809814453,0.13133087754249573,0.8686691522598267,0.8576145768165588,0.14238519966602325,0.4945499300956726,0.5054501295089722,5.660731315612793,5.358356475830078,4.758707046508789,5.470772743225098,144.58718872070312
1xDo7ZRJGusfMXSrbkPA9N,0.0033099912106990814,0.0007774574914947152,0.9548137784004211,0.0004972541937604547,0.0005761321517638862,0.011837172321975231,0.0028060588520020247,0.005715376231819391,0.019666830077767372,0.9715957641601562,0.028404293581843376,0.9085472822189331,0.09145291894674301,0.0005884349229745567,0.9994115829467773,0.039366357028484344,0.9606338739395142,0.9864307641983032,0.013569232076406479,0.8578794598579407,0.14212042093276978,5.662027835845947,4.8309736251831055,5.489095211029053,6.001437664031982,150.02822875976562
2voOlJ0QcTDTDRexSw6bGe,0.004305435810238123,0.007121145725250244,0.8875911831855774,1.2623577276826836e-05,8.481270015181508e-06,0.005865552928298712,0.03056981973350048,0.0009731528698466718,0.06355244666337967,0.9999589920043945,4.1055234760278836e-05,0.8072397112846375,0.19276028871536255,1.1039320568784206e-08,1.0,0.01935959793627262,0.9806403517723083,1.0,9.303608550226272e-08,0.5828507542610168,0.41714927554130554,5.971833229064941,4.984877109527588,5.233912467956543,6.3300909996032715,144.67491149902344
4SKLOttPiuVFc6sbhcvi3Y,0.02109195664525032,0.0021368444431573153,0.6647458672523499,0.0016523764934390783,0.0005965253221802413,0.09319157153367996,0.06662574410438538,0.008014518767595291,0.14194467663764954,0.9250454306602478,0.0749545693397522,0.8033167719841003,0.1966833919286728,0.012047545053064823,0.9879525303840637,0.08326662331819534,0.9167333245277405,0.9760665893554688,0.023933565244078636,0.4538451135158539,0.5461549162864685,5.942355632781982,5.515116214752197,4.508788585662842,5.802139759063721,144.53480529785156
5Y1SndahLemyQ1M9ydCf6N,0.02480631321668625,0.01891426555812359,0.721816897392273,0.000496216001920402,0.0012949773808941245,0.050623632967472076,0.11053544282913208,0.028561925515532494,0.04295053333044052,0.906944990158081,0.09305503219366074,0.7462476491928101,0.25375252962112427,0.003854272188618779,0.9961461424827576,0.11795291304588318,0.8820472955703735,0.9447060227394104,0.05529408156871796,0.35025420784950256,0.6497455835342407,5.952293395996094,4.968143463134766,4.469439506530762,5.449530124664307,150.26260375976562
5NiK1iytha9iOzl0ahe9W8,0.018068376928567886,0.024078676477074623,0.79523104429245,0.0001880201161839068,0.0003779102407861501,0.09426786005496979,0.03753725811839104,0.01312260702252388,0.01712835766375065,0.9993593692779541,0.0006406756583601236,0.8196094036102295,0.1803905963897705,0.00012485274055507034,0.9998751878738403,0.12489723414182663,0.8751028180122375,0.9970701932907104,0.0029298383742570877,0.7908777594566345,0.20912235975265503,6.538303375244141,5.434456825256348,5.392460823059082,6.101515293121338,140.04483032226562
1gjCPf15cmdVxSIqKGsnXz,0.006830625236034393,0.0024379414971917868,0.9505447745323181,1.9369437723071314e-05,0.0003049213846679777,0.007232015952467918,0.009955291636288166,0.015596635639667511,0.007078573573380709,0.9928553700447083,0.007144664414227009,0.8719425201416016,0.12805773317813873,5.250461254036054e-05,0.9999475479125977,0.07980658859014511,0.9201933741569519,0.9997864365577698,0.0002135968825314194,0.8470860719680786,0.15291406214237213,6.0959248542785645,4.731059551239014,4.727339267730713,5.9332709312438965,144.53457641601562
2H7utq7Yei30Bd0uYXTPty,0.016820533201098442,0.03305414691567421,0.6791751384735107,0.0032081040553748608,0.005914868321269751,0.07056303322315216,0.17421388626098633,0.007090977393090725,0.009959308430552483,0.9973055124282837,0.0026943967677652836,0.8876241445541382,0.11237584799528122,8.674155833432451e-05,0.9999135732650757,0.05397682264447212,0.9460233449935913,0.9948402643203735,0.00516004953533411,0.5515602231025696,0.4484396278858185,6.1492133140563965,5.807805061340332,5.5202765464782715,6.208248138427734,122.38320922851562
67v29DhrBpxhzGMeuEsv0t,0.0330275222659111,0.05259496346116066,0.8162150382995605,0.0008288240060210228,0.002278368454426527,0.015060344710946083,0.06173118203878403,0.010172798298299313,0.008090819232165813,0.999975323677063,2.4644157747388817e-05,0.9143369197845459,0.08566317707300186,4.653264841181226e-05,0.9999536871910095,0.05374768376350403,0.9462525844573975,0.9994237422943115,0.0005763481603935361,0.4164468050003052,0.5835533738136292,5.850895404815674,5.672532558441162,5.724586486816406,5.721779823303223,121.00582885742188
3daasuLIYWGDguYIG9g5NU,0.06995081901550293,0.017185553908348083,0.40431854128837585,0.06990502029657364,0.040619757026433945,0.08171764016151428,0.2035267949104309,0.06748805195093155,0.04528804123401642,0.8252191543579102,0.17478083074092865,0.8215282559394836,0.1784718930721283,0.11321156471967697,0.8867886066436768,0.4358530044555664,0.5641469955444336,0.8406784534454346,0.15932141244411469,0.2630595564842224,0.736940324306488,5.826453685760498,5.756753921508789,5.501890659332275,5.834724426269531,123.10031127929688
7L6hWLiC4htBcL9yDviiIS,0.024916650727391243,0.06780468672513962,0.17342783510684967,0.00028023365302942693,0.0019008168019354343,0.05496561527252197,0.6150520443916321,0.003917590714991093,0.05773447826504707,1.0,3.926130087705815e-09,0.8241543769836426,0.1758456826210022,1.5767622016937821e-06,0.9999986290931702,0.1700962483882904,0.8299038410186768,0.9999979734420776,2.2511651422973955e-06,0.012635154649615288,0.9873648881912231,6.5250701904296875,6.806684970855713,5.490505695343018,6.74572229385376,125.99650573730469
7wdiJaU05bn8IWZbgf2dXi,0.057504747062921524,0.01178576610982418,0.7124531269073486,0.003408788237720728,0.004689918830990791,0.018212832510471344,0.12002772837877274,0.05128087103366852,0.020635979250073433,0.997557520866394,0.0024426570162177086,0.7490063309669495,0.2509938180446625,0.007900272496044636,0.9921000003814697,0.28432926535606384,0.7156708836555481,0.965580403804779,0.03441993147134781,0.44974392652511597,0.5502560138702393,5.807534694671631,5.366471290588379,5.5146260261535645,5.69706392288208,125.03187561035156
5T2NdSF7rwdWe2hKU7s23O,0.052900511771440506,0.0585884265601635,0.6762135624885559,0.0005786468391306698,0.008693297393620014,0.0171243567019701,0.12934161722660065,0.03937650844454765,0.01718282885849476,0.9864290952682495,0.013570944778621197,0.7825636863708496,0.2174360454082489,0.00019481776689644903,0.9998053312301636,0.16860370337963104,0.8313963413238525,0.9905039072036743,0.00949616078287363,0.23828451335430145,0.7617153525352478,6.4940409660339355,5.282341480255127,5.303922653198242,6.510077953338623,123.97415924072266
5phxjRsqcfy0B9iH5SRoSE,0.04939989745616913,0.016182098537683487,0.5519532561302185,0.00237936875782907,0.0029243051540106535,0.05762933939695358,0.2722007930278778,0.023797884583473206,0.023533115163445473,0.981256365776062,0.018743857741355896,0.886846125125885,0.11315388232469559,0.00333704287186265,0.9966630339622498,0.28634291887283325,0.7136569619178772,0.9792582392692566,0.020741716027259827,0.3142448663711548,0.6857551336288452,6.024847984313965,5.780118942260742,5.613250255584717,5.752691268920898,123.81180572509766
6oTuTvSi4a2dHXiEZDGrrz,0.07029203325510025,0.15692231059074402,0.2980879247188568,0.0043210722506046295,0.009782430715858936,0.09917891770601273,0.16930153965950012,0.15000347793102264,0.0421103797852993,0.9849140644073486,0.015085949562489986,0.8641402125358582,0.1358596235513687,0.007719351910054684,0.9922806620597839,0.18014296889305115,0.8198568224906921,0.9702834486961365,0.02971670590341091,0.21584878861904144,0.7841512560844421,5.813138484954834,6.159071922302246,5.8748650550842285,5.271391868591309,123.0488052368164
3sqnWiGVPcGEeN8TSMuntb,0.03047218918800354,0.029389087110757828,0.6601361632347107,0.006572159472852945,0.037931889295578,0.05601125583052635,0.14817310869693756,0.01929895393550396,0.012015283107757568,0.9999008178710938,9.926838538376614e-05,0.9101378321647644,0.08986233174800873,0.0004541324742604047,0.9995461702346802,0.30109378695487976,0.6989060640335083,0.9923693537712097,0.00763112073764205,0.35032111406326294,0.6496788859367371,6.057791709899902,5.74160099029541,5.748827934265137,6.077735424041748,122.97936248779297
12zYkS3sRtxSdUjNNCjNT7,0.02441200241446495,0.03008776716887951,0.5153865218162537,0.003082419279962778,0.012118893675506115,0.07139798998832703,0.19993779063224792,0.03834321349859238,0.10523342341184616,0.9239308834075928,0.07606947422027588,0.7651352882385254,0.23486454784870148,0.0031637379433959723,0.9968363642692566,0.2990195155143738,0.700980544090271,0.9185243248939514,0.08147545903921127,0.3100370764732361,0.6899628043174744,5.770130157470703,5.590282917022705,5.375312805175781,5.699771881103516,122.06070709228516
1Nukcy7xk7AbS7MtkaiOe3,0.02218076027929783,0.053021229803562164,0.5125213861465454,0.0038758707232773304,0.0020730020478367805,0.14135859906673431,0.237336665391922,0.0089091332629323,0.018723484128713608,0.9435672760009766,0.05643272399902344,0.8323324918746948,0.1676671952009201,0.06915450841188431,0.9308455586433411,0.0752367228269577,0.9247632026672363,0.9840754866600037,0.015924660488963127,0.3827497363090515,0.6172500848770142,6.107043266296387,5.6325531005859375,5.089783191680908,6.500324726104736,145.03439331054688
7HjaeqTHY6QlwPY0MEjuMF,0.0036193698178976774,0.006002563051879406,0.38176411390304565,0.0006299296510405838,0.005971411243081093,0.01330836396664381,0.5687374472618103,0.014685158617794514,0.005281620658934116,0.9976915121078491,0.0023086348082870245,0.9196224212646484,0.08037722110748291,0.013391733169555664,0.9866084456443787,0.48029714822769165,0.5197028517723083,0.9807130098342896,0.019287018105387688,0.17256085574626923,0.8274391889572144,6.380176544189453,6.015288829803467,5.137004375457764,5.915825843811035,100.00312805175781
6dezSbSW7iJF6f6IJLznU6,0.062454111874103546,0.008210686035454273,0.8054773211479187,0.009065804071724415,0.0021250310819596052,0.017540842294692993,0.046603936702013016,0.007251497358083725,0.04127095267176628,0.9351428151130676,0.06485716998577118,0.7807237505912781,0.21927617490291595,0.06565406173467636,0.9343459010124207,0.31107771396636963,0.6889223456382751,0.8992976546287537,0.1007021963596344,0.5959216952323914,0.40407824516296387,6.304440498352051,4.857377052307129,4.608717918395996,6.019160270690918,141.6566925048828
1IAtShkPcFnvYQPp6Rfv3Q,0.004600380547344685,0.017277315258979797,0.8714789152145386,0.00013048469554632902,0.0002090024354401976,0.07028752565383911,0.026422854512929916,0.002180656651034951,0.007412826642394066,0.9949918985366821,0.00500822439789772,0.7279008626937866,0.27209919691085815,0.00016020162729546428,0.9998399019241333,0.020376702770590782,0.9796232581138611,0.9999918937683105,8.205451194953639e-06,0.5081819891929626,0.49181801080703735,6.5342116355896,5.197230815887451,5.083087921142578,6.570791721343994,144.4708251953125
6VHBZt8T7ZdlUt3MkOZqPy,0.01013305876404047,0.07749174535274506,0.7599650025367737,0.0059397462755441666,0.004976608324795961,0.050619129091501236,0.03963363543152809,0.026158137246966362,0.02508307620882988,0.927669882774353,0.07233014702796936,0.77097088098526,0.2290290743112564,0.015103143639862537,0.9848970174789429,0.15500636398792267,0.844993531703949,0.9905139207839966,0.009486116468906403,0.47084468603134155,0.5291552543640137,5.97786283493042,5.01135778427124,5.210132122039795,6.279460430145264,144.95794677734375
6r7XGyCsFwYIjodkzKsxwk,0.15525318682193756,0.009129802696406841,0.4606470763683319,0.005801233928650618,0.02198602445423603,0.07118221372365952,0.10120078176259995,0.0067784469574689865,0.1680212914943695,0.8133743405342102,0.18662571907043457,0.592829704284668,0.4071700870990753,0.04061698541045189,0.9593833088874817,0.35672667622566223,0.6432732343673706,0.8938204050064087,0.10617948323488235,0.3525577187538147,0.6474424004554749,5.836055755615234,5.375845909118652,5.198564052581787,5.672397136688232,139.97303771972656
00hlg6bKCe4c7WnuorMAYP,0.05385053530335426,0.014940721914172173,0.7301483154296875,0.009207895956933498,0.0038301837630569935,0.06325240433216095,0.02358919382095337,0.08191996067762375,0.01926087588071823,0.9086995720863342,0.09130053222179413,0.6165386438369751,0.38346153497695923,0.07131446897983551,0.9286856055259705,0.16220325231552124,0.8377965092658997,0.8450866937637329,0.15491347014904022,0.46406251192092896,0.5359376072883606,5.689445972442627,4.638446807861328,4.518048286437988,5.432308197021484,136.3245391845703
0S6npsazTIPiXfhlyg9yNx,0.008753208443522453,0.013246403075754642,0.829995334148407,0.0007878673495724797,0.0024818272795528173,0.07961145788431168,0.03977348282933235,0.015940696001052856,0.009409892372786999,0.8970202803611755,0.102979876101017,0.6783726811408997,0.321627140045166,0.00016373935795854777,0.999836266040802,0.08203791081905365,0.9179621934890747,0.9713642001152039,0.028635751456022263,0.5585817098617554,0.4414183497428894,6.062662124633789,5.085453987121582,4.8903632164001465,6.103847026824951,144.3982391357422
4Q4V4NP8bvvJFBGFO3I9pM,0.04453558847308159,0.005400512367486954,0.763375461101532,0.0035952685866504908,0.003895182628184557,0.031783971935510635,0.07531958818435669,0.040968116372823715,0.031126169487833977,0.8559104800224304,0.14408960938453674,0.6601971983909607,0.33980274200439453,0.002195138717070222,0.997805118560791,0.26901209354400635,0.7309881448745728,0.9042398929595947,0.09576018154621124,0.5447672009468079,0.45523273944854736,6.518629550933838,5.01731538772583,4.853391170501709,5.870616436004639,172.26527404785156
6zfyJTgFvo54oLVJjS3jNa,0.04152321070432663,0.3133171498775482,0.2896844744682312,0.0001522182283224538,0.006044446956366301,0.017834538593888283,0.22310523688793182,0.06759204715490341,0.04074672609567642,0.9393511414527893,0.060648828744888306,0.545176088809967,0.45482394099235535,0.0002982676087412983,0.9997016787528992,0.12949597835540771,0.8705042600631714,0.9880893230438232,0.011910722590982914,0.11077132076025009,0.8892285227775574,6.417679786682129,5.6715922355651855,5.233336448669434,6.230340957641602,130.02963256835938
50jJH3e6Cfx077fDA2CKaB,0.03507466986775398,0.025370921939611435,0.5113011002540588,0.0018629573751240969,0.003074891399592161,0.03860141709446907,0.010683786123991013,0.3628569543361664,0.01117339264601469,0.9107927083969116,0.08920735120773315,0.729572594165802,0.2704276144504547,0.0013895342126488686,0.9986105561256409,0.19175629317760468,0.8082436323165894,0.9976568818092346,0.0023432141169905663,0.3783796429634094,0.6216202974319458,5.899753093719482,5.41480827331543,4.9319844245910645,5.814328193664551,140.00669860839844
45bfH0GZvUyujIBiKRhXso,0.00226225471124053,0.0020904832053929567,0.6848554611206055,6.308359297690913e-05,0.0013569872826337814,0.03503389656543732,0.253399133682251,0.012844895012676716,0.008093472570180893,0.9634331464767456,0.036566756665706635,0.9290903806686401,0.07090975344181061,0.000302406057016924,0.9996976256370544,0.13657927513122559,0.8634206652641296,0.9920968413352966,0.007903232239186764,0.2627621293067932,0.7372378706932068,6.189158916473389,6.067718982696533,5.321212291717529,6.271186828613281,136.99363708496094
2WkQHb5B2D2iuA8N6yuDPS,0.008639954030513763,0.013880465179681778,0.3466741144657135,0.0016383129404857755,0.0033357753418385983,0.0792088657617569,0.31547999382019043,0.07039598375558853,0.1607465147972107,0.9930892586708069,0.0069107552990317345,0.8341845870018005,0.165815532207489,0.023720521479845047,0.9762793779373169,0.30389994382858276,0.6961002349853516,0.9696491360664368,0.03035089001059532,0.11550842970609665,0.8844916820526123,6.389575481414795,5.903445243835449,4.593865394592285,5.811107635498047,144.26808166503906
7lNxQksP0anFNGEq8zsjMS,0.005020401906222105,0.001084824907593429,0.4223420321941376,5.9637830418068916e-05,0.00023059852537699044,0.001438089064322412,0.011929020285606384,0.5455195307731628,0.012375874444842339,0.9999818205833435,1.82951771421358e-05,0.675214946269989,0.324785053730011,0.00010826275683939457,0.999891996383667,0.25485724210739136,0.745142936706543,0.9996734261512756,0.00032644247403368354,0.05197194591164589,0.9480279684066772,6.208601951599121,5.303237438201904,4.094505310058594,6.636742115020752,138.0210418701172
581XtO5wVBE75sIbhsi3E2,0.010931306518614292,0.005809510592371225,0.5418558716773987,0.00030888765468262136,0.0006645327084697783,0.012242430821061134,0.08500873297452927,0.3001924753189087,0.042986348271369934,0.9830189347267151,0.016981100663542747,0.735477864742279,0.2645222544670105,0.0001516095653641969,0.999848484992981,0.09166944026947021,0.908330500125885,0.9983779788017273,0.0016220821999013424,0.06738263368606567,0.9326173067092896,6.301280975341797,5.143344879150391,3.9095163345336914,6.547341823577881,136.82847595214844
0HhBiXAIb31CXqU1fFXAV0,0.012674360536038876,0.005140071734786034,0.633915364742279,5.030534521210939e-05,0.0013340640580281615,0.019845394417643547,0.06736195087432861,0.23613333702087402,0.02354515716433525,0.999582052230835,0.00041808284004218876,0.6642444133758545,0.33575567603111267,2.3364009393844754e-06,0.999997615814209,0.06180872768163681,0.9381911754608154,0.998863935470581,0.0011362772202119231,0.06800147145986557,0.9319984912872314,6.792587757110596,5.543023109436035,4.144289970397949,6.799011707305908,135.83462524414062
4NOoZeetavZyquNLaGyxXC,0.02854730561375618,0.016283676028251648,0.4830755591392517,0.008993429131805897,0.0176607146859169,0.021014004945755005,0.27086949348449707,0.12760190665721893,0.02595382370054722,0.9617522358894348,0.038247741758823395,0.7505444884300232,0.24945561587810516,0.01702849566936493,0.982971727848053,0.41529738903045654,0.5847026705741882,0.9535170793533325,0.04648280516266823,0.08490362763404846,0.9150960445404053,6.726914405822754,5.701838493347168,4.600282669067383,6.951725959777832,137.1605682373047
346F7P0kUbfsnVDjoNuBIo,0.02467397041618824,0.0019563997630029917,0.1986502707004547,9.435127140022814e-05,0.009742984548211098,0.0018251431174576283,0.030700160190463066,0.727901816368103,0.004454747773706913,0.9996479749679565,0.00035204709274694324,0.7109093070030212,0.28909075260162354,8.71366046339972e-06,0.9999914765357971,0.36925366520881653,0.6307462453842163,0.997637927532196,0.0023624564055353403,0.03962006792426109,0.960379958152771,6.472701549530029,5.462129592895508,4.127331256866455,6.6813178062438965,140.01036071777344
2I7Ph7hRkjOMgy9WCsE4F3,0.012789473868906498,0.006525212433189154,0.6739073395729065,8.047393930610269e-05,0.0014872056199237704,0.05185256153345108,0.15937814116477966,0.011379322037100792,0.08260014653205872,0.9851312041282654,0.014868877828121185,0.7262264490127563,0.27377355098724365,0.005008503329008818,0.9949916005134583,0.14016804099082947,0.8598319292068481,0.997474193572998,0.0025257926899939775,0.2711291015148163,0.7288709878921509,6.695896148681641,4.957108974456787,3.9718687534332275,6.274725437164307,143.74063110351562
3ElI5xtTBJlYf5sFSiNbJD,0.3267209529876709,0.012540720403194427,0.15898120403289795,0.14171531796455383,0.0075945015996694565,0.08071353286504745,0.13337193429470062,0.048830337822437286,0.08953145891427994,0.44898897409439087,0.5510109066963196,0.2664394974708557,0.7335604429244995,0.7274012565612793,0.27259862422943115,0.3127848207950592,0.6872151494026184,0.16289104521274567,0.8371092081069946,0.20735681056976318,0.7926432490348816,4.405546188354492,4.184988021850586,4.232852935791016,4.091037750244141,92.97908782958984
51sN3VDJBVmKJVgp0trc7M,0.3779740631580353,0.01406463235616684,0.08278648555278778,0.09126967936754227,0.007756722159683704,0.07350000739097595,0.18500670790672302,0.08568602800369263,0.08195555210113525,0.7877788543701172,0.2122209370136261,0.19135762751102448,0.8086422681808472,0.43613123893737793,0.5638687610626221,0.6957089304924011,0.3042910695075989,0.43139439821243286,0.5686055421829224,0.14365516602993011,0.8563448190689087,5.358148097991943,5.368167877197266,4.720557689666748,5.050116539001465,121.92160034179688
71jWljGDgSEpsa1LA5LHSg,0.39325833320617676,0.016456356272101402,0.02539091184735298,0.14485251903533936,0.0016541496152058244,0.04084433615207672,0.05159479007124901,0.21876868605613708,0.1071799099445343,0.544536292552948,0.4554637670516968,0.13489902019500732,0.8651010394096375,0.6386678218841553,0.3613321781158447,0.3663804829120636,0.6336192488670349,0.11597994714975357,0.8840199708938599,0.11083164066076279,0.8891683220863342,4.248610496520996,4.329604148864746,3.9386799335479736,4.413337230682373,86.07849884033203
09vTIvb4qpqECgewqXPVSq,0.2629176378250122,0.012262270785868168,0.2366301715373993,0.06698345392942429,0.0148716289550066,0.11043743044137955,0.1207374855875969,0.11469428241252899,0.0604654923081398,0.5269865989685059,0.47301337122917175,0.3149396479129791,0.6850602626800537,0.6163896322250366,0.3836102783679962,0.16842298209667206,0.8315770626068115,0.14005373418331146,0.859946072101593,0.22298067808151245,0.7770193815231323,4.2775750160217285,4.1132121086120605,4.020183086395264,3.794692277908325,110.6805191040039
6G2xXQRSZlEzYsUEb3uvuR,0.3902144730091095,0.03168397396802902,0.05285917967557907,0.2079077512025833,0.0023914813064038754,0.09085635095834732,0.047575853765010834,0.009359779767692089,0.16715118288993835,0.3290131390094757,0.6709868907928467,0.2694019377231598,0.7305981516838074,0.6364259719848633,0.36357420682907104,0.2774730622768402,0.7225268483161926,0.27689921855926514,0.7231005430221558,0.3189370334148407,0.6810630559921265,4.468829154968262,4.221991062164307,4.510956764221191,4.327541828155518,162.5194549560547
3qAJAUr7yc9bPDx4ESt6ND,0.1810484081506729,0.02127382718026638,0.10498765110969543,0.2828977108001709,0.017254019156098366,0.10950873792171478,0.1007811650633812,0.09887076169252396,0.08337783813476562,0.5309224128723145,0.46907761693000793,0.2560323178768158,0.7439677119255066,0.6062020063400269,0.3937980830669403,0.660504162311554,0.3394958972930908,0.3900328278541565,0.6099674105644226,0.3116883337497711,0.688311755657196,5.290887832641602,5.251619338989258,4.8654327392578125,5.1725287437438965,112.5832748413086
0tXFWZC3ZF44vgi0h2o4iI,0.3775567412376404,0.02992292307317257,0.0773194283246994,0.12421637773513794,0.01458052359521389,0.0568058118224144,0.10394149273633957,0.05970311909914017,0.15595373511314392,0.2823842167854309,0.7176156044006348,0.14772334694862366,0.8522768020629883,0.6410621404647827,0.3589380085468292,0.24205361306667328,0.757946252822876,0.059690654277801514,0.9403093457221985,0.16233065724372864,0.8376694321632385,4.234378337860107,4.378524303436279,4.0659074783325195,4.306555271148682,95.06784057617188
2DXK0YNGSqnaIEX5iaSIoK,0.1499381810426712,0.008298144675791264,0.28414931893348694,0.03857285901904106,0.010952326469123363,0.21814846992492676,0.1236824318766594,0.13407227396965027,0.03218591958284378,0.7908283472061157,0.20917199552059174,0.39495953917503357,0.605040431022644,0.4181641638278961,0.581835925579071,0.47594597935676575,0.5240539908409119,0.49734488129615784,0.5026549696922302,0.38652098178863525,0.6134788990020752,4.9932146072387695,4.867831707000732,4.51968240737915,4.588842868804932,172.26583862304688
0reBZSEtwbvqkXoWGtmV0k,0.4312921464443207,0.018022289499640465,0.08176470547914505,0.09438533335924149,0.009730731137096882,0.04486088082194328,0.06366086006164551,0.14939238131046295,0.10689065605401993,0.6421882510185242,0.35781174898147583,0.18303829431533813,0.8169617652893066,0.6116867065429688,0.388313353061676,0.3439972996711731,0.6560028195381165,0.171620711684227,0.8283791542053223,0.24371281266212463,0.7562869191169739,4.3713765144348145,4.438375473022461,4.153263568878174,4.528580665588379,102.06534576416016
60fniRXixufxR4HCYjOyp6,0.35851845145225525,0.02719723992049694,0.029008960351347923,0.1499064564704895,0.009434636682271957,0.059151485562324524,0.07818035036325455,0.08861752599477768,0.1999848634004593,0.3823312520980835,0.6176688075065613,0.12988391518592834,0.870116114616394,0.6944629549980164,0.3055371046066284,0.2936602234840393,0.7063396573066711,0.08881324529647827,0.9111865758895874,0.1686847060918808,0.8313153386116028,4.367431163787842,4.4538679122924805,4.222047328948975,4.4337286949157715,112.06011962890625
0dpyzcT3RMNNSd2xKBf35I,0.13561920821666718,0.0024640336632728577,0.4180344343185425,0.007635178510099649,0.00794141087681055,0.031662728637456894,0.3600371778011322,0.0028476242441684008,0.03375815600156784,0.9985015988349915,0.0014987067552283406,0.8905736804008484,0.10942604392766953,0.06885319203138351,0.9311466813087463,0.9427663087844849,0.05723408982157707,0.9639492034912109,0.03605087846517563,0.14883959293365479,0.8511604070663452,6.514801979064941,6.418638229370117,6.097288131713867,5.950290203094482,110.00354766845703
4ETQzZdnRJwaoFIPQy3GJv,0.4198400676250458,0.014336641877889633,0.1948237419128418,0.04925032705068588,0.00978628545999527,0.17980028688907623,0.08925522863864899,0.019959110766649246,0.02294820174574852,0.7504724860191345,0.24952757358551025,0.7301324009895325,0.2698676288127899,0.8620908856391907,0.13790889084339142,0.8459548354148865,0.1540454775094986,0.44214656949043274,0.5578533411026001,0.4851548969745636,0.5148451328277588,4.8075432777404785,4.387299537658691,4.857304573059082,4.495688438415527,107.02561950683594
38OvTFIg5ZYRow2sA1jgKo,0.5874000787734985,0.0070458934642374516,0.14304004609584808,0.02251446060836315,0.007261623628437519,0.062184277921915054,0.09830012172460556,0.0010667339665815234,0.07118692994117737,0.8870187401771545,0.11298126727342606,0.6650914549827576,0.3349083364009857,0.2532198131084442,0.7467800378799438,0.9511862397193909,0.04881396144628525,0.922075629234314,0.07792440801858902,0.42179086804389954,0.5782091021537781,6.367276191711426,5.436614513397217,5.993529796600342,5.840315341949463,129.9665985107422
0O4sIQ728ugLlwBVaxF8UM,0.38632887601852417,0.003925681579858065,0.19869360327720642,0.016730068251490593,0.01005014032125473,0.11534116417169571,0.24527253210544586,0.006954164244234562,0.016703808680176735,0.9485011100769043,0.0514989048242569,0.7847532629966736,0.21524682641029358,0.7175734639167786,0.2824266254901886,0.9807247519493103,0.019275249913334846,0.857308566570282,0.14269156754016876,0.2028043419122696,0.7971957325935364,5.716514587402344,5.554342269897461,5.4996819496154785,5.324742317199707,100.99524688720703
0z2nwqxnRjLUlnp1jI8zmn,0.5141940116882324,0.006131161004304886,0.060491371899843216,0.10374388843774796,0.0035828440450131893,0.039177268743515015,0.24737633764743805,0.004614823963493109,0.020688265562057495,0.9075163006782532,0.09248363226652145,0.7015835642814636,0.2984163761138916,0.8944620490074158,0.10553792864084244,0.891463041305542,0.10853688418865204,0.6243937015533447,0.37560614943504333,0.2878962457180023,0.7121036648750305,5.726398468017578,5.3778791427612305,5.536762714385986,4.929205417633057,117.93614196777344
3qDO9F32RqyPXK34ZujwBc,0.30942729115486145,0.0012510126689448953,0.38894417881965637,0.1342080682516098,0.0009728499571792781,0.03173356130719185,0.08618231862783432,0.002266365336254239,0.04501437023282051,0.7486404776573181,0.2513595223426819,0.7338523864746094,0.26614776253700256,0.6536035537719727,0.34639641642570496,0.4593900144100189,0.5406100153923035,0.582958996295929,0.41704103350639343,0.524447500705719,0.4755525588989258,5.141917705535889,4.741945266723633,4.772524833679199,4.395392894744873,178.20538330078125
3zyqphgXvgHe436IMKeey3,0.22844046354293823,0.002468949416652322,0.2541862428188324,0.06449557840824127,0.00496264174580574,0.08839854598045349,0.33017003536224365,0.0015675988979637623,0.02531002089381218,0.8912404775619507,0.10875941067934036,0.8675763010978699,0.13242366909980774,0.5947725772857666,0.40522751212120056,0.7690423130989075,0.2309575080871582,0.7283395528793335,0.2716604471206665,0.2693428695201874,0.7306569814682007,5.799752712249756,5.582489967346191,5.472044944763184,5.042731761932373,119.95140075683594
525BSr4N8jG8MpWbFTd6A9,0.4197625517845154,0.002903400920331478,0.06277696043252945,0.33428600430488586,0.001209018868394196,0.05366204306483269,0.03774391859769821,0.0018513285322114825,0.08580465614795685,0.17098985612392426,0.8290101885795593,0.5965674519538879,0.4034326374530792,0.8984183073043823,0.10158134251832962,0.07802606374025345,0.921973705291748,0.03696007281541824,0.963039755821228,0.2780013978481293,0.7219991087913513,4.127837657928467,3.928767442703247,4.510162830352783,3.940401792526245,116.77001190185547
5rQEom98vgByjAZ4kIw2kL,0.03181108832359314,0.011619831435382366,0.7612652778625488,0.00592704676091671,0.0027313949540257454,0.043430548161268234,0.10538911074399948,0.025375301018357277,0.01245049573481083,0.9523856043815613,0.047614287585020065,0.9001933932304382,0.0998065248131752,0.1069192886352539,0.8930805325508118,0.4625740647315979,0.5374259352684021,0.8315672874450684,0.16843286156654358,0.628793478012085,0.3712064325809479,5.025167942047119,5.015217304229736,4.767288684844971,4.351589202880859,94.98307800292969
5ksM8r8u4AjMwvtqUif9W1,0.06262429058551788,0.03445056080818176,0.4068324863910675,0.0026354033034294844,0.0017315924633294344,0.12744031846523285,0.3390970230102539,0.015860332176089287,0.009328136220574379,0.9993495941162109,0.0006505259079858661,0.8955873847007751,0.10441256314516068,0.01645018346607685,0.9835496544837952,0.6357169151306152,0.3642829656600952,0.9795870780944824,0.020412832498550415,0.42482203245162964,0.5751780271530151,5.764987945556641,6.615743160247803,5.643617630004883,5.485930442810059,128.01353454589844
2P6YMsU9jt22CXfizfudi3,0.04390509054064751,0.00907511543482542,0.2997101843357086,0.012130347080528736,0.012034161016345024,0.061751529574394226,0.156303271651268,0.35138988494873047,0.053700435906648636,0.8120785355567932,0.18792153894901276,0.6307787895202637,0.36922118067741394,0.0654296949505806,0.9345703721046448,0.28754833340644836,0.7124516367912292,0.8114959597587585,0.18850432336330414,0.11282926797866821,0.887170672416687,5.5763044357299805,5.2022576332092285,4.506688117980957,5.183867931365967,150.39950561523438
2CspwnypzT7rcWI9RfsoSb,0.050861045718193054,0.00611093919724226,0.37221845984458923,0.0006138903554528952,0.007631870452314615,0.00427146116271615,0.11115697026252747,0.43894800543785095,0.008187500759959221,0.9923481345176697,0.007651869207620621,0.8767869472503662,0.12321309745311737,0.0007807663059793413,0.9992193579673767,0.5847606658935547,0.4152393043041229,0.9806968569755554,0.01930338516831398,0.06814195215702057,0.9318579435348511,6.466071605682373,5.271791458129883,4.279441833496094,5.93858528137207,117.09569549560547
7CyPwkp0oE8Ro9Dd5CUDjW,0.014697416685521603,0.004946042783558369,0.09709038585424423,0.003242722013965249,0.017426691949367523,0.03598492965102196,0.2799602746963501,0.5342540144920349,0.01239735633134842,0.9334622621536255,0.0665377750992775,0.871138334274292,0.12886185944080353,0.08525460213422775,0.914745569229126,0.14674556255340576,0.853254497051239,0.3386828601360321,0.6613172292709351,0.09470903873443604,0.9052910208702087,4.726515293121338,4.825937271118164,4.675174713134766,4.209985256195068,172.26573181152344
2wVDWtLKXunswWecARNILj,0.033130545169115067,0.00983458198606968,0.3214793801307678,0.0023626217152923346,0.022100916132330894,0.04222538322210312,0.14754973351955414,0.3930565118789673,0.028260311111807823,0.9962464570999146,0.003753561759367585,0.7159829139709473,0.284016877412796,0.05144891142845154,0.9485511779785156,0.46927106380462646,0.530728816986084,0.8356572389602661,0.16434291005134583,0.09308157861232758,0.9069184064865112,5.653669357299805,5.619946479797363,4.755527019500732,5.316978454589844,94.94639587402344
1SS0WlKhJewviwEDZ6dWj0,0.05290266498923302,0.009339994750916958,0.10913185775279999,0.0020611651707440615,0.04229048267006874,0.028594959527254105,0.23841522634029388,0.4970831274986267,0.020180489867925644,0.9752241373062134,0.024775873869657516,0.764273464679718,0.23572634160518646,0.004819122143089771,0.9951807856559753,0.7038966417312622,0.2961033284664154,0.9427249431610107,0.057275135070085526,0.03515021502971649,0.9648496508598328,6.317013740539551,5.9254841804504395,4.787524223327637,6.0171613693237305,108.0141830444336
2FT0GRV9dOFe9rpwoZWgis,0.1365906000137329,0.005049238447099924,0.2761858105659485,0.042186249047517776,0.015651805326342583,0.24201206862926483,0.13743039965629578,0.12504304945468903,0.019850686192512512,0.6159367561340332,0.38406315445899963,0.5924423933029175,0.4075574576854706,0.46627482771873474,0.5337252020835876,0.144227534532547,0.8557726144790649,0.369251012802124,0.6307488679885864,0.29977908730506897,0.700221061706543,4.461012840270996,4.173790454864502,4.240306377410889,3.7568883895874023,161.99720764160156
6gcuJpHu0Ey30D5WR76y98,0.06043657660484314,0.016210805624723434,0.2622016668319702,0.0018170608673244715,0.03221787512302399,0.012889465317130089,0.4551779627799988,0.1474291831254959,0.011619425378739834,0.998714029788971,0.0012860125862061977,0.8628766536712646,0.1371234506368637,0.005516076926141977,0.9944838881492615,0.6210311651229858,0.37896883487701416,0.8642961382865906,0.13570386171340942,0.0598611943423748,0.9401388764381409,6.128547668457031,6.1938157081604,5.460555553436279,6.120964050292969,111.98059844970703
53UMRr4KOgZP5Ins0aGlhs,0.09702420979738235,0.02073807828128338,0.20073829591274261,0.10073451697826385,0.04070315137505531,0.13962411880493164,0.32167741656303406,0.03815775737166405,0.04060249775648117,0.7261149883270264,0.27388498187065125,0.6289882063865662,0.371011883020401,0.39496710896492004,0.6050329208374023,0.48607563972473145,0.5139244794845581,0.487546443939209,0.5124534964561462,0.1149175614118576,0.885082483291626,4.908326148986816,4.599469184875488,4.206023216247559,4.3484721183776855,136.44229125976562
67aaig0zaaSzf8zPqSUoN4,0.09571466594934464,0.019976135343313217,0.08035943657159805,0.08932720124721527,0.0999947190284729,0.06949459761381149,0.3547113239765167,0.14102764427661896,0.04939424619078636,0.8358698487281799,0.16413013637065887,0.7018581032752991,0.29814207553863525,0.3103630542755127,0.6896370053291321,0.5469463467597961,0.45305368304252625,0.24460133910179138,0.7553986310958862,0.05798536539077759,0.9420146346092224,5.242027759552002,4.771371841430664,4.346317291259766,4.58203649520874,133.7668914794922
60eA3QITW5G2D7Woc11uKc,0.2113197296857834,0.013627026230096817,0.07259313017129898,0.12008322030305862,0.02467239834368229,0.0635809674859047,0.36041924357414246,0.07985434681177139,0.05384989082813263,0.8286834955215454,0.1713167279958725,0.5898976922035217,0.4101022779941559,0.4236224293708801,0.5763775706291199,0.7434275150299072,0.25657251477241516,0.5507760643959045,0.4492238759994507,0.08529188483953476,0.9147081971168518,5.7896409034729,5.365458011627197,4.971070766448975,5.176851272583008,147.01400756835938
1FhgmMvNlh3nJ1Ldc2eE6H,0.2861686646938324,0.013085145503282547,0.09250544011592865,0.07237809896469116,0.013726427219808102,0.029084626585245132,0.2727101445198059,0.021330589428544044,0.19901086390018463,0.846817672252655,0.15318219363689423,0.5368661880493164,0.463133841753006,0.2104625254869461,0.7895374894142151,0.7749958634376526,0.22500409185886383,0.6861249208450317,0.31387507915496826,0.0879310891032219,0.9120689630508423,6.32099723815918,5.2309346199035645,5.02351188659668,5.659852027893066,137.25076293945312
7wB9sL81rFRGhRt6msZ9CV,0.12129716575145721,0.04304032772779465,0.024215077981352806,0.3536382019519806,0.04831349849700928,0.19879938662052155,0.12576358020305634,0.006703594233840704,0.07822918891906738,0.40124714374542236,0.5987529158592224,0.4949088990688324,0.50509113073349,0.9030394554138184,0.09696079790592194,0.18364420533180237,0.8163557052612305,0.02812705934047699,0.9718731045722961,0.1191236674785614,0.8808767199516296,4.089527606964111,4.258599758148193,4.156674385070801,3.8114264011383057,147.2515106201172
7MOCaEUbfGyq1K96umNVwJ,0.05607368052005768,0.024038614705204964,0.32029828429222107,0.03695729374885559,0.049469538033008575,0.24075418710708618,0.15139998495578766,0.06998270750045776,0.05102572590112686,0.6187503337860107,0.38124972581863403,0.48400965332984924,0.5159903764724731,0.382891982793808,0.6171079277992249,0.23565667867660522,0.7643435001373291,0.4612940847873688,0.5387058854103088,0.2723611891269684,0.7276389598846436,4.550500392913818,4.197000503540039,4.225285530090332,4.105318546295166,96.55272674560547
1CMQQtOD2tAwCp0vtuOxIX,0.08530567586421967,0.015132028609514236,0.2297622412443161,0.012003567069768906,0.03213212266564369,0.01604119874536991,0.46306586265563965,0.10550996661186218,0.04104725271463394,0.937766432762146,0.062233708798885345,0.7927157282829285,0.20728428661823273,0.08424808830022812,0.9157519340515137,0.5037999153137207,0.4962001144886017,0.6591378450393677,0.34086209535598755,0.1091148629784584,0.8908851742744446,5.91163969039917,4.864117622375488,4.334275722503662,4.736352443695068,136.01890563964844
1hnHgiBiMZlZp7EVxD0eCX,0.05370623245835304,0.030682934448122978,0.011713157407939434,0.020264863967895508,0.014599097892642021,0.02913331799209118,0.1190936267375946,0.7070193290710449,0.013787570409476757,0.9231273531913757,0.07687277346849442,0.6963085532188416,0.30369165539741516,0.16430772840976715,0.8356921672821045,0.7336037158966064,0.2663966119289398,0.4877434968948364,0.5122566819190979,0.04986736923456192,0.9501328468322754,5.197866439819336,5.8101806640625,5.103400707244873,4.7812676429748535,148.94683837890625
0kE09o4Jdeu7vqjmkV1YJP,0.08956428617238998,0.012076475657522678,0.08113013207912445,0.051187414675951004,0.007554876152426004,0.022379158064723015,0.08009212464094162,0.6266834735870361,0.029331892728805542,0.920983076095581,0.07901693135499954,0.6450605988502502,0.35493937134742737,0.11260386556386948,0.8873963356018066,0.44475463032722473,0.5552453398704529,0.5363768935203552,0.463623046875,0.06005212292075157,0.9399478435516357,5.087183952331543,4.793067455291748,4.717784881591797,5.116952896118164,136.10501098632812
4VEzfo8GKXvW1f5oviqM1c,0.022901497781276703,0.005600666161626577,0.8622984886169434,0.01568370871245861,0.00023299254826270044,0.06129205971956253,0.011164288967847824,0.011027581989765167,0.009798496961593628,0.9990376234054565,0.000962471473030746,0.7708189487457275,0.2291809320449829,0.03729867935180664,0.9627012610435486,0.12270256876945496,0.8772974610328674,0.9994848370552063,0.000515091058332473,0.8921676874160767,0.10783238708972931,6.158054351806641,5.528692722320557,6.097100257873535,5.685487270355225,122.56599426269531
5sbfNjEMrc7yzgKQUhDAgO,0.11659862846136093,0.015566367655992508,0.34344998002052307,0.02362380363047123,0.0020907334983348846,0.027416562661528587,0.1253615915775299,0.30891284346580505,0.03697938844561577,0.9030217528343201,0.09697864204645157,0.6145728826522827,0.38542720675468445,0.114344522356987,0.8856554627418518,0.42556193470954895,0.5744380354881287,0.8392345309257507,0.16076555848121643,0.19442670047283173,0.8055732250213623,5.57049560546875,5.614603519439697,5.445571422576904,5.480318546295166,122.00984954833984
4naKJYQsRnQcBvYcgAGivQ,0.11610163003206253,0.09865216165781021,0.29952114820480347,0.0007816925062797964,0.0030251434072852135,0.30437806248664856,0.033133018761873245,0.14113575220108032,0.003271273570135236,0.9641158580780029,0.03588413447141647,0.7854633331298828,0.21453644335269928,0.003992172889411449,0.996008038520813,0.584632933139801,0.4153673052787781,0.9908380508422852,0.009162294678390026,0.7674330472946167,0.23256683349609375,6.066875457763672,6.058633804321289,6.075623989105225,5.749973297119141,119.01016235351562
3nvbuSK7WPDwpyXNAv5sYO,0.014165671542286873,0.0007025094819255173,0.8614786267280579,0.002872597659006715,0.00029551429906859994,0.003416461404412985,0.0015884825261309743,0.10495639592409134,0.010523603297770023,0.9702866673469543,0.02971355803310871,0.6367868185043335,0.36321309208869934,0.002112331800162792,0.9978877902030945,0.01993977278470993,0.9800599813461304,0.9794514775276184,0.020548740401864052,0.7426657676696777,0.257334440946579,5.193175315856934,4.507083892822266,4.271331310272217,4.869506359100342,121.01274108886719
7rnIqTNiY8UDLoDIoG0W2l,0.12307299673557281,0.029703287407755852,0.28815364837646484,0.0008865734562277794,0.023785045370459557,0.04101536422967911,0.34195178747177124,0.13528378307819366,0.016147466376423836,0.9476130604743958,0.052386995404958725,0.8802983164787292,0.11970167607069016,0.0020769815891981125,0.9979230165481567,0.651423990726471,0.34857606887817383,0.9907780885696411,0.00922208372503519,0.19212932884693146,0.8078707456588745,6.149410724639893,5.391565799713135,5.297194957733154,6.0681939125061035,122.01825714111328
0n7d3no0cHnsnkgfFzDuj4,0.18011529743671417,0.0004532163729891181,0.03006143681704998,0.0032440994400531054,0.0042070550844073296,0.0004591246834024787,0.012127231806516647,0.0003599888877943158,0.7689727544784546,0.9137354493141174,0.08626434952020645,0.25784265995025635,0.7421576380729675,0.008130301721394062,0.9918696284294128,0.6561165452003479,0.34388336539268494,0.926388144493103,0.07361183315515518,0.07095032930374146,0.9290497303009033,6.546689987182617,5.923415660858154,5.319189548492432,6.172750473022461,92.13504028320312
61XspFITuKmAlYdQacNCbF,0.14238058030605316,0.0004015056765638292,0.010774284601211548,0.0015020823339000344,0.003553910879418254,0.00013872278213966638,0.007897230796515942,0.00015125372738111764,0.8332004547119141,0.8800585865974426,0.11994138360023499,0.26020318269729614,0.7397967576980591,0.0006268359138630331,0.9993733167648315,0.6707214713096619,0.3292785882949829,0.8788895606994629,0.12111042439937592,0.0590842105448246,0.9409155249595642,6.655478000640869,5.915750026702881,5.107509613037109,6.385958194732666,161.63955688476562
1TvNcWY7WwPLQINhimxycA,0.8044663071632385,0.000524368544574827,0.0062302956357598305,0.09383644163608551,0.0001627388846827671,0.004088610410690308,0.028193730860948563,0.0002081553393509239,0.06228926032781601,0.7580929398536682,0.2419067919254303,0.5151834487915039,0.4848165810108185,0.9096399545669556,0.09035990387201309,0.6893702149391174,0.31062978506088257,0.15329183638095856,0.846707820892334,0.1320383995771408,0.8679615259170532,4.757486343383789,5.031464576721191,5.065743446350098,4.841738700866699,136.17735290527344
5ZLwbxq5jydIxksfX6ezAn,0.12065358459949493,0.002307354472577572,0.11641240864992142,0.0074217664077878,0.019667647778987885,0.0037698447704315186,0.042068302631378174,0.003927267622202635,0.6837716698646545,0.8603036999702454,0.13969647884368896,0.24535055458545685,0.7546496391296387,0.0003363270661793649,0.9996638298034668,0.6490480303764343,0.35095205903053284,0.9612407684326172,0.038759030401706696,0.12440496683120728,0.8755950331687927,6.779451370239258,5.647882461547852,4.983008861541748,6.365259647369385,86.42369842529297
2Vm9PdvlNkCDqInLdOVkAN,0.1864694207906723,0.00431031035259366,0.029819205403327942,0.03537895530462265,0.00606424268335104,0.008179105818271637,0.06740643084049225,0.0010029919212684035,0.6613693237304688,0.8694635629653931,0.13053637742996216,0.34118932485580444,0.6588106751441956,0.023905474692583084,0.9760943651199341,0.6996691226959229,0.30033087730407715,0.8521298766136169,0.14787021279335022,0.07741846889257431,0.9225817918777466,6.299529552459717,5.573393821716309,4.971068859100342,6.027012348175049,155.72662353515625
2WhDg8UWljoAl8oNh8uZbJ,0.2269880175590515,0.009482826106250286,0.09415009617805481,0.026714464649558067,0.03532521054148674,0.022238673642277718,0.0807839184999466,0.002343300497159362,0.5019735097885132,0.8255197405815125,0.17448033392429352,0.39170002937316895,0.608299970626831,0.013398483395576477,0.9866015911102295,0.8590644598007202,0.14093559980392456,0.9545414447784424,0.04545852541923523,0.1508466601371765,0.8491533994674683,6.823665142059326,5.585390090942383,5.169528484344482,6.432340621948242,83.86939239501953
429IbFR4yp2J81CeTwF5iY,0.08777797967195511,0.005706858355551958,0.08075100928544998,0.012423180975019932,0.00783946830779314,0.05591345950961113,0.05315165966749191,0.0024718844797462225,0.6939643621444702,0.6872835755348206,0.3127165138721466,0.3601132035255432,0.6398867964744568,0.035932403057813644,0.9640673995018005,0.5512645244598389,0.44873544573783875,0.8158886432647705,0.1841113418340683,0.18576490879058838,0.8142354488372803,6.2656402587890625,5.873196601867676,4.95842170715332,6.040882587432861,135.13841247558594
6GG73Jik4jUlQCkKg9JuGO,0.12914283573627472,0.0007141726091504097,0.006279772613197565,0.00770469568669796,0.0026553382631391287,0.0003003090969286859,0.01688522845506668,0.0007190054166130722,0.8355987071990967,0.8425204157829285,0.15747956931591034,0.2594122588634491,0.7405878305435181,0.02584954909980297,0.9741502404212952,0.7244682908058167,0.27553173899650574,0.6764751076698303,0.32352498173713684,0.08420173823833466,0.9157983660697937,6.251760959625244,6.096531867980957,5.414902210235596,6.197122097015381,162.27084350585938
7jOmU5z5lgwTL5meoapbMf,0.22626148164272308,0.005438636988401413,0.022242018952965736,0.10037250071763992,0.024273689836263657,0.010354259982705116,0.18333840370178223,0.00171513925306499,0.42600372433662415,0.7208034992218018,0.279196560382843,0.6131743788719177,0.3868255913257599,0.18120050430297852,0.8187992572784424,0.902315616607666,0.09768445044755936,0.6594828963279724,0.3405171036720276,0.03997793048620224,0.9600219130516052,6.367210388183594,5.625712871551514,5.214295864105225,5.970512866973877,114.98703002929688
5Bng1Bwy7PFQys6qByKmdT,0.17844921350479126,0.006614072248339653,0.2953208386898041,0.0883990004658699,0.027299582958221436,0.18816955387592316,0.16357296705245972,0.03604857251048088,0.01612621732056141,0.7766368389129639,0.22336311638355255,0.6625249981880188,0.337475061416626,0.6152380108833313,0.3847619295120239,0.15553982555866241,0.8444602489471436,0.21607355773448944,0.7839265465736389,0.24845226109027863,0.7515477538108826,4.425382614135742,4.6822428703308105,4.328336238861084,3.719606399536133,118.43810272216797
2XVzSdrpRpJN2PWeifnDet,0.07545985281467438,0.004399219993501902,0.39955297112464905,0.00913690309971571,0.006712726783007383,0.049357812851667404,0.13555462658405304,0.25568509101867676,0.06414081156253815,0.8171637654304504,0.18283607065677643,0.6986491084098816,0.3013513684272766,0.10188469290733337,0.8981154561042786,0.1566227823495865,0.8433769941329956,0.6528000831604004,0.3471996486186981,0.2956463098526001,0.704353928565979,4.948823928833008,4.658675670623779,4.523501396179199,4.304892063140869,100.65833282470703
63rRgkllF0FDeZ9fpOkFKl,0.06953342258930206,0.0010255728848278522,0.11407854408025742,0.001324941636994481,0.005743632558733225,0.007345953490585089,0.06030396744608879,0.7325354814529419,0.008108609355986118,0.9828615784645081,0.01713857427239418,0.6929682493209839,0.3070317804813385,0.026185886934399605,0.9738141298294067,0.25110581517219543,0.748894214630127,0.7542713284492493,0.24572862684726715,0.05499565973877907,0.945004403591156,5.528759479522705,4.968029499053955,4.322926044464111,5.3398966789245605,135.867919921875
6SYPY1NgNLxz3WAWoYIEeD,0.02559048682451248,0.00653672544285655,0.20818929374217987,0.04062967002391815,0.03763434663414955,0.16041482985019684,0.25374749302864075,0.2486606240272522,0.018596623092889786,0.9539430141448975,0.04605688154697418,0.8099828362464905,0.19001692533493042,0.12141156941652298,0.8785886168479919,0.48477888107299805,0.515221118927002,0.7720158100128174,0.22798418998718262,0.2709711492061615,0.7290289998054504,5.796329021453857,6.0050368309021,5.2880120277404785,5.1256513595581055,109.04069519042969
5WW6WJUxZsfHF7Na5wwE02,0.06146220862865448,0.007215905003249645,0.42574769258499146,0.04821990057826042,0.02328023500740528,0.15241701900959015,0.1917072832584381,0.08368626981973648,0.00626354617998004,0.9591938257217407,0.04080648720264435,0.6633008122444153,0.3366992771625519,0.2733399271965027,0.7266601324081421,0.12451207637786865,0.8754880428314209,0.4583808183670044,0.5416192412376404,0.27068856358528137,0.729311466217041,4.712108612060547,5.0461201667785645,4.614865303039551,4.107773780822754,95.7596435546875
1gG60KGs0GeDm2rpwLe06u,0.05707980692386627,0.002860769396647811,0.22779512405395508,0.015107594430446625,0.005076598841696978,0.07245341688394547,0.10524965077638626,0.4963473081588745,0.018029671162366867,0.8883046507835388,0.11169522255659103,0.6623887419700623,0.33761101961135864,0.13712652027606964,0.8628734946250916,0.2707275152206421,0.7292726039886475,0.6462514996528625,0.3537484407424927,0.19148699939250946,0.8085129261016846,5.071881294250488,5.159455299377441,4.950412750244141,4.860380172729492,92.65740203857422
22hmwgik7o71IiNVsCMDVF,0.03752664849162102,0.0020835716277360916,0.24315783381462097,0.0011687915539368987,0.007620812393724918,0.04162219166755676,0.09175742417573929,0.5689981579780579,0.00606463011354208,0.915802001953125,0.0841979831457138,0.8172246217727661,0.18277527391910553,0.07368706911802292,0.9263129830360413,0.0816613957285881,0.9183385372161865,0.640763521194458,0.35923632979393005,0.11867143213748932,0.8813284039497375,5.002254009246826,4.655801296234131,4.672423362731934,4.278189659118652,104.84526824951172
3QtESLVdHryjd2Lr54180O,0.005761589854955673,0.005932953674346209,0.6734456419944763,0.0007127276621758938,0.004678663797676563,0.0973626896739006,0.03663541376590729,0.17077316343784332,0.0046971384435892105,0.97357177734375,0.026428189128637314,0.7951663732528687,0.20483379065990448,0.008229070343077183,0.9917711019515991,0.011216473765671253,0.9887834787368774,0.9103267192840576,0.08967325836420059,0.6053364872932434,0.39466363191604614,4.684905052185059,4.785292148590088,4.663362503051758,4.538812160491943,128.04466247558594
5Uoni5ULnC7Aq69DsRR10G,0.26868829131126404,0.009785669855773449,0.13136020302772522,0.01873784139752388,0.012368164025247097,0.03460230305790901,0.0670301765203476,0.4052003026008606,0.052227117121219635,0.8918754458427429,0.10812463611364365,0.40617650747299194,0.5938236117362976,0.18849214911460876,0.8115081191062927,0.4492877125740051,0.5507123470306396,0.5946400761604309,0.4053598940372467,0.06093509495258331,0.9390649795532227,5.290999889373779,5.029922962188721,4.522121906280518,5.414155006408691,98.9118423461914
2Wvs8qJJKrKGB6uZGMTDZB,0.23232005536556244,0.0007303907186724246,0.26793602108955383,0.05676175281405449,0.004762188997119665,0.036058709025382996,0.3568275570869446,0.0028199634980410337,0.041783545166254044,0.9425945281982422,0.05740555748343468,0.793357789516449,0.20664210617542267,0.7387397885322571,0.26126018166542053,0.7252659797668457,0.2747340798377991,0.37124085426330566,0.6287593245506287,0.11927847564220428,0.8807215690612793,5.405289173126221,5.216876983642578,4.732229232788086,4.778835773468018,91.99895477294922
3wspcUZH4fBGmBy5fHY4Y8,0.7895529270172119,0.0004518823989201337,0.1040780246257782,6.250540900509804e-05,3.577685129130259e-05,9.487486386206001e-05,0.0042315698228776455,8.536892710253596e-05,0.10140714049339294,0.9971592426300049,0.0028408709913492203,0.2840670645236969,0.7159332036972046,0.008003395050764084,0.991996705532074,0.7047209143638611,0.29527905583381653,0.9853609204292297,0.014639056287705898,0.2288936972618103,0.7711064219474792,6.6809515953063965,5.0841383934021,5.186750888824463,5.897676467895508,131.99234008789062
5VizV1ual1LIaf30Fx2yBD,0.4220968782901764,0.02149651199579239,0.36387524008750916,0.005571015644818544,0.004016190301626921,0.03237451612949371,0.013833939097821712,0.011541418731212616,0.125194251537323,0.7853835225105286,0.21461661159992218,0.4803215265274048,0.51967853307724,0.07230177521705627,0.9276982545852661,0.5378710031509399,0.46212899684906006,0.9522961974143982,0.04770379886031151,0.607763946056366,0.39223596453666687,5.964989185333252,5.140721797943115,4.80916166305542,5.457395553588867,152.03335571289062
2FkaJLh6XOW89prNsJvsdq,0.3264332413673401,0.005110844504088163,0.13692334294319153,0.006476634182035923,0.0024702625814825296,0.0282759889960289,0.019224010407924652,0.003563310019671917,0.4715223014354706,0.7792012095451355,0.22079876065254211,0.25404202938079834,0.745958149433136,0.03720981627702713,0.9627900719642639,0.14950387179851532,0.8504959940910339,0.9170878529548645,0.0829118937253952,0.31550776958465576,0.6844923496246338,6.092494964599609,4.661294937133789,4.392701625823975,5.777427673339844,162.37411499023438
2w0KKiXPoScpWtZwoDokqc,0.5293711423873901,0.004322984721511602,0.26807013154029846,0.0007478430634364486,0.0008217188296839595,0.00318522728048265,0.01807030662894249,0.0027805401477962732,0.17263007164001465,0.9588019251823425,0.0411980040371418,0.3014710545539856,0.6985289454460144,0.01255478709936142,0.9874453544616699,0.29752805829048157,0.7024719715118408,0.9631239175796509,0.036876194179058075,0.45367807149887085,0.5463219881057739,7.2064361572265625,4.355745315551758,4.445906639099121,6.098208427429199,94.9275131225586
4fDS9pq0XjGyv2GlQgxgbO,0.3533210754394531,0.00555847492069006,0.32642900943756104,0.00975817535072565,0.0033492890652269125,0.02218007482588291,0.01514731626957655,0.022170471027493477,0.24208618700504303,0.6766089200973511,0.3233911395072937,0.48833173513412476,0.5116682648658752,0.12711212038993835,0.8728879690170288,0.11856405436992645,0.8814358115196228,0.6827035546302795,0.31729641556739807,0.47210076451301575,0.5278992652893066,5.316177845001221,5.175009250640869,5.3723320960998535,5.434995174407959,107.46500396728516
1D8sCqR7SwxUTwUDqMyUAp,0.4761866629123688,0.002026171190664172,0.2660328149795532,0.0006348820752464235,0.0019796371925622225,0.004317089915275574,0.014180372469127178,0.0011261820327490568,0.2335164099931717,0.9582361578941345,0.04176391288638115,0.21283622086048126,0.7871639132499695,0.0005005521234124899,0.9994995594024658,0.6201965808868408,0.37980344891548157,0.9900526404380798,0.009947434067726135,0.6599562764167786,0.3400435745716095,6.889384746551514,4.348889350891113,4.5152997970581055,6.013705253601074,86.19881439208984
6vyhJ4tMT5MEdEEpc6jLIX,0.733094334602356,0.002073745708912611,0.11087819933891296,0.0005330005078576505,0.0018894453532993793,0.002962728263810277,0.006635699886828661,0.0007829791866242886,0.14114992320537567,0.895807147026062,0.10419298708438873,0.32544925808906555,0.6745506525039673,0.008798718452453613,0.9912012219429016,0.5318607687950134,0.46813926100730896,0.9727969169616699,0.027203034609556198,0.6342267394065857,0.365773469209671,6.419623851776123,4.470640182495117,4.6934051513671875,5.817438125610352,119.08036041259766
0kU19o73JmFA5HS2kuYFWe,0.3754913806915283,0.0005823110695928335,0.49890556931495667,0.0017098990501835942,0.0003892810200341046,0.0012370629701763391,0.008964309468865395,0.0003461965825408697,0.11237389594316483,0.9532418251037598,0.04675818607211113,0.30202433466911316,0.6979753971099854,0.021006416529417038,0.9789940118789673,0.4636164605617523,0.5363835096359253,0.9540438055992126,0.04595649614930153,0.5076689720153809,0.49233105778694153,7.313812732696533,3.90385365486145,4.56460428237915,6.033362865447998,88.94992065429688
43phhhh1hQF7koWX3uNvO3,0.5251657962799072,0.0011951056076213717,0.3214738070964813,0.0014875112101435661,0.0003393445804249495,0.0023822751827538013,0.012875877320766449,0.0006700886879116297,0.13441021740436554,0.9436954855918884,0.05630451813340187,0.23392653465270996,0.76607346534729,0.086898073554039,0.9131020307540894,0.2803536057472229,0.7196464538574219,0.9233715534210205,0.07662851363420486,0.5020230412483215,0.49797698855400085,7.414200782775879,4.152836322784424,4.617924213409424,6.06057071685791,144.6109161376953
6tHWvH47MCXoq4XZOeMad3,0.7300013899803162,0.0020388085395097733,0.11746248602867126,0.0005530944326892495,0.001931866048835218,0.0028669240418821573,0.007102774456143379,0.0007642501732334495,0.13727827370166779,0.8950549364089966,0.10494516789913177,0.3210144639015198,0.6789854168891907,0.00967632606625557,0.9903237223625183,0.5323266983032227,0.4676733613014221,0.9742728471755981,0.025727197527885437,0.6261480450630188,0.3738519549369812,6.455101013183594,4.4678754806518555,4.709985256195068,5.833242416381836,119.14098358154297
3IEvQ1CzszUJtTRLmmMJ2X,0.23551751673221588,0.020523859187960625,0.1348554790019989,0.04861728101968765,0.004878079518675804,0.23181186616420746,0.15002107620239258,0.13300806283950806,0.04076670855283737,0.8788661956787109,0.12113382667303085,0.3803403079509735,0.6196599006652832,0.4558280110359192,0.544171929359436,0.960550844669342,0.039449360221624374,0.8723617196083069,0.1276383250951767,0.3427061140537262,0.6572937965393066,5.775761127471924,5.874256610870361,5.475950241088867,5.750425815582275,112.0272445678711
1haJsMtoBhHfvuM7XWuT3W,0.28775230050086975,0.008845506235957146,0.09952297061681747,0.051664117723703384,0.0032294930424541235,0.375550240278244,0.09770718216896057,0.048341311514377594,0.027386924251914024,0.9226136803627014,0.0773862972855568,0.2872660160064697,0.7127341032028198,0.5443243384361267,0.4556756317615509,0.9748114943504333,0.02518863044679165,0.8870652914047241,0.11293479055166245,0.42993342876434326,0.5700664520263672,5.7205963134765625,5.910842418670654,5.666083335876465,5.56172513961792,144.16070556640625
24teIhDYO2RocTA2v5dY0r,0.2681213915348053,0.03308901563286781,0.04564223438501358,0.26694393157958984,0.005371307022869587,0.1516423523426056,0.12659254670143127,0.02542775683104992,0.0771695226430893,0.5001015067100525,0.49989840388298035,0.19140934944152832,0.8085905313491821,0.7975074648857117,0.20249249041080475,0.8512938618659973,0.14870622754096985,0.5702470541000366,0.42975303530693054,0.2600797116756439,0.7399201989173889,5.585879325866699,5.810214519500732,5.522679805755615,5.517627716064453,92.43537902832031
2a8yglXvNw07OWu4lO2ByG,0.18833445012569427,0.02532360889017582,0.024880534037947655,0.2404537945985794,0.01811286434531212,0.222285658121109,0.20012885332107544,0.016606293618679047,0.06387384980916977,0.4661974608898163,0.5338025689125061,0.16345767676830292,0.8365422487258911,0.8903790712356567,0.1096210926771164,0.8867143392562866,0.11328577250242233,0.5888919830322266,0.4111078381538391,0.19918881356716156,0.8008112907409668,5.5718865394592285,5.590470790863037,5.535233974456787,5.496330738067627,95.00347900390625
7mXuWTczZNxG5EDcjFEuJR,0.18238762021064758,0.013751784339547157,0.052199944853782654,0.08037877827882767,0.018220243975520134,0.18246738612651825,0.2586943805217743,0.18448702991008759,0.027412790805101395,0.8860928416252136,0.113907091319561,0.30505797266960144,0.6949419975280762,0.5742610096931458,0.425739049911499,0.796829879283905,0.20317022502422333,0.39508578181266785,0.6049143671989441,0.1677461564540863,0.8322538733482361,5.508478164672852,5.678056240081787,4.9666523933410645,5.204852104187012,139.96083068847656
4ZOkfHC38nxSeSqzGE5HFr,0.11860299110412598,0.017806245014071465,0.04713338240981102,0.09090928733348846,0.018371116369962692,0.46339455246925354,0.13500912487506866,0.06606576591730118,0.04270759969949722,0.8067273497581482,0.1932726949453354,0.25345882773399353,0.7465412020683289,0.6736748218536377,0.3263251781463623,0.8447192907333374,0.15528076887130737,0.679363489151001,0.32063648104667664,0.26171356439590454,0.7382863759994507,5.555422782897949,5.79059362411499,5.4200029373168945,5.565652847290039,97.46672821044922
6YOfGIE6iFxC7G8OlGGvzW,0.17616643011569977,0.04304199665784836,0.08169353008270264,0.13517704606056213,0.008164120838046074,0.33932575583457947,0.11676423996686935,0.034461747854948044,0.06520508229732513,0.666048526763916,0.3339513838291168,0.2454080879688263,0.754591703414917,0.6347517967224121,0.3652482330799103,0.9358698129653931,0.06412994116544724,0.8530367016792297,0.14696325361728668,0.3815225064754486,0.6184772849082947,5.9083943367004395,5.926783561706543,5.821913719177246,5.938650131225586,125.49678802490234
2CshODtf7iwe3pKlPmEWF5,0.14300429821014404,0.018414968624711037,0.03472594544291496,0.17855212092399597,0.014170046895742416,0.35048580169677734,0.20777055621147156,0.01159836258739233,0.041278090327978134,0.7225915193557739,0.2774083912372589,0.24653464555740356,0.7534652948379517,0.8692545294761658,0.1307457685470581,0.9121915102005005,0.08780831843614578,0.7289075255393982,0.2710922360420227,0.38322484493255615,0.616775393486023,5.679643630981445,5.901263236999512,5.723549842834473,5.620769500732422,97.48397064208984
33Nj9AdncSmHbCN3QeSZTL,0.35973432660102844,0.0062733981758356094,0.22667714953422546,0.024319441989064217,0.004977369215339422,0.048789896070957184,0.16722993552684784,0.11060566455125809,0.051392775028944016,0.9467368125915527,0.0532633475959301,0.41378268599510193,0.5862173438072205,0.264707088470459,0.7352927923202515,0.7998771071434021,0.20012278854846954,0.7828238606452942,0.21717600524425507,0.19655244052410126,0.8034476041793823,5.692976951599121,5.569291114807129,4.925354957580566,5.448509216308594,117.06126403808594
6RcAHyC5sAUIbPTkhOQwd8,0.1814376413822174,0.026363430544734,0.011296731419861317,0.19745470583438873,0.008346234448254108,0.31615617871284485,0.18336144089698792,0.02380974404513836,0.051773812621831894,0.5383711457252502,0.46162888407707214,0.22135260701179504,0.7786474227905273,0.9219638109207153,0.07803630828857422,0.8286381363868713,0.1713617593050003,0.5341092348098755,0.46589070558547974,0.3232002258300781,0.6767995953559875,5.374833106994629,5.541982650756836,5.498608589172363,5.3303728103637695,154.52529907226562
2LMK2xLfWLKbfjZgtBWByM,0.00459853932261467,0.0022512534633278847,0.900642991065979,0.00010554309119470417,0.0002764397067949176,0.021443858742713928,0.05079999193549156,0.015428299084305763,0.004453134257346392,0.9999997615814209,3.837538145035069e-07,0.9081646800041199,0.09183528274297714,6.682865659968229e-06,0.9999935626983643,0.14194846153259277,0.8580517172813416,0.9999477863311768,5.239074744167738e-05,0.6832455396652222,0.3167542815208435,5.872899055480957,5.782377243041992,6.084545135498047,5.853312969207764,121.00201416015625
4jyh0DRepnfq6yLKXEPQv2,0.04995662346482277,0.026148773729801178,0.7354882955551147,0.0055311755277216434,0.0019020570907741785,0.09678235650062561,0.04737308248877525,0.012873447500169277,0.023944085463881493,0.992557168006897,0.007442859932780266,0.7962841987609863,0.20371562242507935,0.0005706902011297643,0.9994295239448547,0.2610723078250885,0.7389273643493652,0.999524712562561,0.0004750622611027211,0.542149007320404,0.45785093307495117,6.006816387176514,5.8761749267578125,5.696642875671387,5.952704429626465,121.03903198242188
1hsABkQfAzkRTuXHv5zrPL,0.04315715655684471,0.0014761274214833975,0.6881784200668335,0.007135017309337854,0.004308746661990881,0.043758273124694824,0.046202968806028366,0.1573544144630432,0.008428892120718956,0.8248945474624634,0.17510558664798737,0.7176447510719299,0.28235524892807007,0.14471949636936188,0.8552806973457336,0.008393513970077038,0.9916063547134399,0.7593361139297485,0.24066390097141266,0.5987655520439148,0.40123450756073,4.326813697814941,4.100151062011719,4.548750400543213,3.972381114959717,118.00212097167969
0ko0sZ5hNieT3LRq2lOGl3,0.0062875631265342236,0.003676660591736436,0.4457503855228424,0.007359798066318035,0.006658568046987057,0.0629543662071228,0.45731067657470703,0.005260431673377752,0.004741495009511709,0.9377374053001404,0.06226265802979469,0.9172940254211426,0.08270582556724548,0.13270780444145203,0.8672921061515808,0.40581685304641724,0.5941832065582275,0.825221061706543,0.17477861046791077,0.24951204657554626,0.7504879832267761,5.776853561401367,6.1267313957214355,5.1854729652404785,4.886684417724609,120.00273895263672
70ofkwt6aIb4bPQ51OQMQO,0.014692616648972034,0.000637067889329046,0.8989093899726868,1.0954033314192202e-05,2.033756118180463e-06,0.0013982972595840693,0.004104338586330414,0.0704047903418541,0.009840592741966248,0.9999992251396179,9.65320168688777e-07,0.8392789363861084,0.16072094440460205,8.236793860305625e-07,0.9999996423721313,0.007591710891574621,0.9924082159996033,0.9999849796295166,1.5182676179392729e-05,0.7758480906486511,0.22415190935134888,5.979004859924316,5.341479301452637,5.5892653465271,5.420858383178711,121.9957504272461
1BJJbSX6muJVF2AK7uH1x4,0.01131386961787939,0.0063251592218875885,0.6231873631477356,0.0003941619652323425,0.004881390370428562,0.08639867603778839,0.23909354209899902,0.027041343972086906,0.0013643201673403382,1.0,9.781462750879655e-08,0.9284520149230957,0.07154794037342072,0.0018627848476171494,0.9981375932693481,0.25481730699539185,0.7451826930046082,0.998112142086029,0.001888017519377172,0.5236634016036987,0.47633665800094604,5.7688493728637695,5.712562561035156,5.553036689758301,5.379746913909912,119.99483489990234
5EtJ3keh0umOlQ0kHXvNIS,0.020147351548075676,0.0022922810167074203,0.7738222479820251,0.0008212007232941687,0.0038600077386945486,0.017651911824941635,0.06101831793785095,0.0919584408402443,0.028428224846720695,0.9941462874412537,0.005853762850165367,0.8785061240196228,0.12149407714605331,0.006408331450074911,0.9935919642448425,0.08217527717351913,0.9178245663642883,0.9540891647338867,0.04591098800301552,0.5277791619300842,0.47222092747688293,5.785072326660156,5.520035266876221,5.264828681945801,5.0932393074035645,120.01497650146484
2GwsSbo6IbNDVvcm9rtmal,0.0551094114780426,0.0024464218877255917,0.5316203832626343,0.0001427740789949894,0.0009004023740999401,0.036823924630880356,0.32608070969581604,0.04272455722093582,0.00415143184363842,0.9998051524162292,0.00019509714911691844,0.9074233770370483,0.09257671982049942,0.0007183350389823318,0.9992818236351013,0.41116204857826233,0.5888376832008362,0.994361162185669,0.005638937000185251,0.4829637408256531,0.5170362591743469,6.04589319229126,5.8974833488464355,5.207160949707031,5.222736835479736,120.06844329833984
4x6jx7AeSyE7PlQTdCjIJs,0.05015575513243675,0.00484786182641983,0.6184022426605225,0.0002063142746919766,0.0011230501113459468,0.013458921574056149,0.21402767300605774,0.09534428268671036,0.0024339298252016306,0.9999950528144836,4.861747584072873e-06,0.8778877854347229,0.12211233377456665,0.0007523358217440546,0.9992476105690002,0.38855886459350586,0.6114413738250732,0.9985136389732361,0.001486343564465642,0.37198325991630554,0.6280167698860168,5.804391384124756,5.870302200317383,5.421960830688477,5.258824825286865,123.01937103271484
200DiJQhDi69nkGXOrrJgn,0.02541464939713478,0.0032174617517739534,0.8625192642211914,0.0001431905257049948,1.133726709667826e-05,0.01664234884083271,0.009822148829698563,0.07248757779598236,0.009742085821926594,0.999999463558197,6.805599923609407e-07,0.7347360849380493,0.26526394486427307,8.269492354884278e-06,0.9999918937683105,0.0346052423119545,0.9653945565223694,0.9999412894248962,5.898711606278084e-05,0.852189838886261,0.1478102058172226,5.465488910675049,5.234662055969238,5.612433910369873,5.193850517272949,119.99522399902344
5SlU0Yhi51jobhEiGE4xDv,0.28896892070770264,0.003214233787730336,0.06584758311510086,0.14645230770111084,0.0017289204988628626,0.019830167293548584,0.09770048409700394,0.3548077940940857,0.0214494951069355,0.8074557781219482,0.19254416227340698,0.515246570110321,0.48475345969200134,0.313276469707489,0.6867237091064453,0.3207855820655823,0.679214358329773,0.40808796882629395,0.5919120907783508,0.14707882702350616,0.8529212474822998,4.868264198303223,5.053891658782959,4.829483985900879,4.913301944732666,87.02194213867188
1hWDc5jD5br9pXSOtubFlf,0.10197344422340393,0.006083223503082991,0.054290615022182465,0.10661918669939041,0.024381790310144424,0.1893165558576584,0.3193938136100769,0.18328633904457092,0.014655010774731636,0.761028528213501,0.23897166550159454,0.5688369870185852,0.43116295337677,0.49336615204811096,0.5066338181495667,0.08137431740760803,0.9186255931854248,0.04117746278643608,0.9588227272033691,0.0979493036866188,0.9020504355430603,4.382234573364258,4.751275062561035,4.41506290435791,3.675166368484497,89.90342712402344
3x39bVlJlxorxZGzBpc2yA,0.23769228160381317,0.0038987237494438887,0.13619063794612885,0.1454988270998001,0.011414770036935806,0.13693739473819733,0.2538048028945923,0.0453326590359211,0.029229875653982162,0.857042133808136,0.14295785129070282,0.6766273379325867,0.32337284088134766,0.5758364796638489,0.4241633415222168,0.6985378265380859,0.3014620542526245,0.4544657766819,0.5455342531204224,0.3989030718803406,0.6010966300964355,5.38898229598999,5.230671405792236,5.184345722198486,4.947268009185791,152.91612243652344
4fXmBERnR3SDk053aqQqwa,0.09765256941318512,0.0061089470982551575,0.28323087096214294,0.010622182860970497,0.008491314016282558,0.023336512967944145,0.1149931252002716,0.44195589423179626,0.01360846497118473,0.9617406725883484,0.03825950250029564,0.6705227494239807,0.3294772803783417,0.04471433162689209,0.955285906791687,0.1789644956588745,0.8210354447364807,0.8712651133537292,0.1287352293729782,0.20400038361549377,0.7959994077682495,6.183692932128906,5.252584457397461,5.032416343688965,6.149439334869385,70.0788803100586
2bdVgAQgosGUJoViVDNeOV,0.22072142362594604,0.003083638148382306,0.10038208961486816,0.14022453129291534,0.002327497350051999,0.1431993991136551,0.07771708816289902,0.2943042516708374,0.018039964139461517,0.5507598519325256,0.4492402672767639,0.4202432632446289,0.5797567367553711,0.5173732042312622,0.482626736164093,0.06451067328453064,0.9354894161224365,0.2531839907169342,0.7468160390853882,0.34530895948410034,0.6546909809112549,4.5249834060668945,4.307863235473633,4.347650527954102,3.8549253940582275,129.93731689453125
49PPH7Kji3bCyKKNx78SxS,0.03276576101779938,0.0018222297076135874,0.4902174472808838,0.01127138826996088,0.008975951932370663,0.017693307250738144,0.35020381212234497,0.07884928584098816,0.008200932294130325,0.9979535937309265,0.002046606270596385,0.8685864210128784,0.13141372799873352,0.03964290767908096,0.9603570699691772,0.5892732739448547,0.4107268154621124,0.8689793944358826,0.13102059066295624,0.19777539372444153,0.8022243976593018,5.86194372177124,5.853231906890869,5.115060329437256,5.108495712280273,102.00829315185547
2aL4lMGhWdPpyPL6COPou7,0.29464754462242126,0.0029609291814267635,0.05509670823812485,0.36400169134140015,0.0044808099046349525,0.1284138262271881,0.11084496229887009,0.0036934318486601114,0.03586028516292572,0.4397086203098297,0.5602914094924927,0.5765979886054993,0.4234018921852112,0.9253759980201721,0.07462397962808609,0.0608525387942791,0.9391474723815918,0.027453437447547913,0.9725465178489685,0.17919883131980896,0.8208012580871582,4.100986957550049,4.027904510498047,4.000390529632568,3.7997195720672607,105.86100006103516
72sfmdpuO5r8cBDgs7MqZZ,0.2626650631427765,0.007321221753954887,0.12079466879367828,0.26475396752357483,0.0049459137953817844,0.18907542526721954,0.11664554476737976,0.005248428788036108,0.02854970097541809,0.4905168116092682,0.5094832181930542,0.5569635629653931,0.44303640723228455,0.9072001576423645,0.09279977530241013,0.08534829318523407,0.9146518111228943,0.09192197769880295,0.9080778956413269,0.34010276198387146,0.6598972082138062,3.8903355598449707,3.8588128089904785,4.1704487800598145,3.4465322494506836,162.45416259765625
1Fhb9iJPufNMZSwupsXiRe,0.2753775119781494,0.002016218611970544,0.16051392257213593,0.023569798097014427,0.0030931993387639523,0.020383963361382484,0.35660508275032043,0.12030202895402908,0.03813815861940384,0.9714629650115967,0.028537163510918617,0.5892512202262878,0.41074874997138977,0.22172057628631592,0.7782794833183289,0.5552212595939636,0.444778710603714,0.6305482387542725,0.3694517910480499,0.09994759410619736,0.9000523090362549,5.590541839599609,5.761291027069092,5.047051906585693,5.505783557891846,135.94683837890625
7ivYWXqrPLs66YwakDuSim,0.19838160276412964,0.01607322506606579,0.09802206605672836,0.029356304556131363,0.0081143444404006,0.05156025290489197,0.2071153223514557,0.37356382608413696,0.01781301014125347,0.9186158776283264,0.08138398826122284,0.7311616539955139,0.2688383460044861,0.18892812728881836,0.8110717535018921,0.23208197951316833,0.7679179906845093,0.35599082708358765,0.6440092325210571,0.05523533374071121,0.9447647333145142,4.969432830810547,4.687340259552002,4.5468549728393555,4.378600597381592,120.0895767211914
7BB5gcz4C28nsRblTF79oS,8.21659923531115e-05,2.3132170099415816e-05,0.9904481768608093,1.4268702841491177e-07,5.637168214889243e-06,0.0005382979288697243,0.0016431730473414063,3.0059525670367293e-05,0.007229348178952932,0.9996245503425598,0.00037535635055974126,0.3254254460334778,0.6745744943618774,4.228706984577002e-08,1.0,0.00491331098601222,0.9950866103172302,1.0,6.520398443399245e-08,0.3175189197063446,0.682481050491333,7.50127649307251,4.517531871795654,1.9187514781951904,5.935159206390381,144.00360107421875
6C3vS3o69ZX3JvX0onzFkT,0.015535557642579079,0.006896425504237413,0.9153662919998169,1.691614670562558e-05,0.0008175874827429652,0.021518530324101448,0.006932176183909178,0.00036714787711389363,0.03254937008023262,0.9028978943824768,0.09710196405649185,0.5139038562774658,0.4860961437225342,0.00013945618411526084,0.9998606443405151,0.07804787158966064,0.9219521284103394,0.9976526498794556,0.002347460715100169,0.4282282292842865,0.5717716217041016,7.167085647583008,4.979324817657471,3.2792301177978516,5.78359842300415,143.84117126464844
7oAM2GxHCTKTLU3gXvkuuj,0.00019638387311715633,1.781462378858123e-05,0.9974862933158875,9.25978724808374e-07,4.464904122869484e-05,8.095386874629185e-05,0.0005815731710754335,0.0004890454583801329,0.0011025191051885486,0.9994797110557556,0.0005201830645091832,0.200487419962883,0.799512505531311,1.03080610713846e-08,1.0,0.0077438270673155785,0.9922562837600708,1.0,1.657831063539561e-07,0.489926278591156,0.5100738406181335,7.793364524841309,3.9280343055725098,1.9598937034606934,6.00316858291626,150.07017517089844
1drUtdKDvS4RJ6yD5Ayipe,0.01929132454097271,0.004043343476951122,0.827022135257721,4.3402127630542964e-05,9.695207154436503e-06,0.011359548196196556,0.026736045256257057,0.012371456250548363,0.09912321716547012,1.0,1.0399713801234611e-07,0.7584604620933533,0.2415396273136139,3.017678125161183e-07,0.9999997615814209,0.0033148021902889013,0.9966853857040405,0.9999999403953552,1.0124683313961214e-07,0.28677085041999817,0.7132291197776794,7.299804210662842,5.633523464202881,4.277634143829346,6.247852802276611,131.04295349121094
6TkeafUCCwwZWiTsEIFZFf,7.4657755249063484e-06,3.1237290386343375e-05,0.9472756385803223,1.0075031298129034e-07,6.394691354216775e-06,0.00011843322863569483,0.009401006624102592,4.934271055390127e-05,0.04311007633805275,0.9999633431434631,3.676216510939412e-05,0.4679293930530548,0.5320706367492676,7.103212462666875e-10,1.0,0.0001734469406073913,0.9998267292976379,0.9999999403953552,5.610027642433124e-08,0.040868788957595825,0.9591313004493713,8.050322532653809,4.382411479949951,1.1686092615127563,6.493372917175293,140.9850311279297
385poZDk3lEmonwvCr5XUl,0.0006353529170155525,0.0011549947084859014,0.8112766742706299,6.921526073710993e-05,6.683332321699709e-05,0.010657285340130329,0.05356283485889435,0.0004102198872715235,0.12216652929782867,0.9999872446060181,1.2886904187325854e-05,0.6518756747245789,0.34812402725219727,6.138979546932433e-09,1.0,0.0003485183697193861,0.9996517300605774,0.9999999403953552,6.287834963814021e-08,0.1866815835237503,0.8133184313774109,7.777256488800049,4.495558738708496,3.0845248699188232,6.0935468673706055,137.02769470214844
6X7kFQAv7hTVh8hbmkL5ki,8.515514491591603e-05,2.162608871003613e-05,0.9942536354064941,1.1507788855169565e-07,6.61199646856403e-06,3.508689042064361e-05,0.0025575386825948954,8.781985343375709e-06,0.00303128594532609,0.999657154083252,0.00034327598405070603,0.4330689311027527,0.5669311881065369,6.852545197943982e-08,1.0,0.014552317559719086,0.9854476451873779,1.0,7.435561144575331e-08,0.1790970116853714,0.8209030628204346,8.079560279846191,4.091192722320557,1.2649550437927246,5.691715717315674,150.04736328125
5ZOSgH7PHnPlJijoh1bjPh,0.05007798597216606,0.000796378415543586,0.8918818235397339,0.00012240307114552706,0.0003725364222191274,0.017228353768587112,0.004769465420395136,0.026844559237360954,0.007906535640358925,0.9974607229232788,0.0025393355172127485,0.5441210865974426,0.4558789134025574,0.0009502844768576324,0.9990498423576355,0.13511346280574799,0.8648866415023804,0.994627058506012,0.0053729950450360775,0.7866439819335938,0.21335609257221222,7.363061904907227,4.765632629394531,3.51065993309021,5.732480525970459,155.79331970214844
2lYxJyemy6xyccCLknXMcY,0.0019256878877058625,4.718290801974945e-05,0.9897487163543701,4.454763313788135e-07,6.939788363524713e-06,0.00254109688103199,0.0021060463041067123,1.7096444935305044e-05,0.0036066966131329536,0.9998509883880615,0.00014877982903271914,0.5692254304885864,0.4307745099067688,9.132384661825199e-07,0.9999991059303284,0.10134224593639374,0.8986578583717346,0.9999999403953552,1.99547102397446e-07,0.7537892460823059,0.2462107390165329,6.696948051452637,4.4750189781188965,3.3292276859283447,5.4008026123046875,145.09591674804688
5dV8v9sGqh0qt4eGdoJzKg,8.311434066854417e-05,3.6009384984936332e-06,0.9976947903633118,1.1847345149362809e-07,2.7981932362308726e-06,2.3510978280683048e-05,0.000616034958511591,3.990592449554242e-05,0.001536035561002791,0.9992272257804871,0.000772732135374099,0.13541191816329956,0.8645881414413452,3.506298584809997e-09,1.0,0.0008390751318074763,0.999160885810852,1.0,1.4624157529397053e-07,0.6417922377586365,0.35820773243904114,8.471034049987793,3.7908194065093994,2.0230872631073,5.305846691131592,140.00575256347656
4XrpaCHWJUeOmhX9TjWyEq,0.11768189817667007,0.006066933739930391,0.6622452139854431,0.0010005546500906348,0.005907909013330936,0.03630126640200615,0.07913803309202194,0.0654337927699089,0.026224473491311073,0.8462337255477905,0.15376637876033783,0.8199742436408997,0.1800258904695511,0.0015567896189168096,0.9984431266784668,0.48598718643188477,0.5140128135681152,0.9714975953102112,0.028502508997917175,0.6896244287490845,0.31037572026252747,5.5837860107421875,5.533481121063232,5.141725063323975,5.497757911682129,142.02255249023438
2nlivHG7sBn9C22SBhzuQp,0.14609944820404053,0.008831414394080639,0.09625481069087982,0.0015369040193036199,0.00145272898953408,0.010150609537959099,0.043025121092796326,0.6784788966178894,0.014170212671160698,0.9949941039085388,0.005006069783121347,0.35221272706985474,0.6477871537208557,0.006281700450927019,0.9937180876731873,0.8307453989982605,0.16925476491451263,0.989995002746582,0.010004683397710323,0.01577857695519924,0.9842214584350586,6.012456893920898,5.515988826751709,4.528207778930664,6.744579792022705,94.00645446777344
53XLfXbVPTY7lO36pOBvIu,0.03415350243449211,0.0033529361244291067,0.09765973687171936,0.0007653909851796925,0.00032431414001621306,0.0072008357383310795,0.02915693074464798,0.8209842443466187,0.006402070168405771,0.9927772283554077,0.007222904823720455,0.33121058344841003,0.6687893867492676,0.02784738689661026,0.972152590751648,0.6497734189033508,0.35022667050361633,0.9206742644309998,0.07932572066783905,0.018619222566485405,0.9813806414604187,6.057248592376709,5.832301139831543,5.402717113494873,5.965072154998779,104.90514373779297
3RFpr9aR7pBAFJ1XQnuThq,0.04508265107870102,0.003052676562219858,0.23771066963672638,0.0036027743481099606,0.0029163623694330454,0.024089494720101357,0.020995140075683594,0.6202924847602844,0.04225786030292511,0.9358305931091309,0.06416979432106018,0.39059701561927795,0.6094029545783997,0.016485974192619324,0.9835138320922852,0.5101355910301208,0.48986414074897766,0.9566663503646851,0.043333638459444046,0.07178156822919846,0.9282183647155762,5.541627407073975,5.542661190032959,4.459097385406494,6.179417133331299,147.83384704589844
0uowUdDOAcdicQTNWR6zWa,0.18028908967971802,0.014407316222786903,0.1966354250907898,0.00037238284130580723,0.0060323430225253105,0.02077166549861431,0.08508681505918503,0.490398108959198,0.006006808485835791,0.9997687339782715,0.00023125247389543802,0.5867412686347961,0.41325870156288147,0.0009755218052305281,0.999024510383606,0.7033405303955078,0.296659380197525,0.971582293510437,0.028417672961950302,0.08184778690338135,0.9181522130966187,6.266491413116455,5.951027870178223,5.029175281524658,6.541625499725342,117.82823944091797
559wXxr2rb04rn7t3M3HPx,0.0443345308303833,0.004430037457495928,0.6463611721992493,0.003872441593557596,0.002513985149562359,0.022238681092858315,0.047306373715400696,0.20285947620868683,0.026083460077643394,0.9511311650276184,0.04886901006102562,0.5038736462593079,0.4961263835430145,0.003369436599314213,0.9966306686401367,0.48842743039131165,0.5115724802017212,0.9485241174697876,0.05147567018866539,0.1362486630678177,0.8637514114379883,6.269353866577148,5.443763732910156,3.993975877761841,6.053239345550537,172.26536560058594
1r6oq0Rzg47EvcfOL3rD3d,0.058865372091531754,0.011149727739393711,0.35687777400016785,0.022360913455486298,0.01576397754251957,0.02614285983145237,0.0529710128903389,0.15028680860996246,0.30558162927627563,0.8283478021621704,0.17165204882621765,0.2970466613769531,0.7029533386230469,0.009301644749939442,0.9906982779502869,0.4680950343608856,0.5319049954414368,0.8324923515319824,0.1675075888633728,0.10569995641708374,0.8942998647689819,5.048142433166504,5.84149694442749,5.004223823547363,4.921366214752197,166.43031311035156
3chFJhCpMNv0dXnHVafLGZ,0.12319958955049515,0.015462382696568966,0.13752825558185577,0.00028156061307527125,0.012276221998035908,0.011513195000588894,0.040913175791502,0.6397964358329773,0.0190291628241539,0.9785255193710327,0.021474650129675865,0.4040910005569458,0.5959089398384094,0.0003735642530955374,0.9996264576911926,0.6539549827575684,0.3460451066493988,0.9936208128929138,0.006379278842359781,0.00515590189024806,0.9948441386222839,6.421224117279053,5.565992832183838,3.9793965816497803,6.780351161956787,141.7622528076172
7C3O1iMUgxj59WQxJjvU61,0.1126706674695015,0.012163215316832066,0.1612706035375595,0.013155525550246239,0.004091403912752867,0.02352152206003666,0.05886459723114967,0.5528320670127869,0.0614304393529892,0.8353856801986694,0.1646144837141037,0.34583646059036255,0.6541635990142822,0.12490744143724442,0.875092625617981,0.7100451588630676,0.2899549603462219,0.8984745144844055,0.1015254482626915,0.08491124212741852,0.9150887727737427,5.894389629364014,5.378096103668213,4.29445743560791,6.274697303771973,101.83643341064453
7e2ExzCUgjOntmlZCTDSWk,0.2781843841075897,0.013586358167231083,0.2511303126811981,0.11420035362243652,0.004736040253192186,0.17547179758548737,0.039517126977443695,0.007677379995584488,0.11549631506204605,0.32719406485557556,0.6728059649467468,0.5297327637672424,0.47026729583740234,0.41529107093811035,0.5847089290618896,0.14129886031150818,0.8587010502815247,0.3264448642730713,0.6735551357269287,0.6361984014511108,0.3638017177581787,4.268526554107666,4.2087836265563965,4.506397724151611,3.8963332176208496,166.04830932617188
7CZdd0S4WTktuiiARS8pY4,0.1824694126844406,0.002179041737690568,0.3437919318675995,0.00882768351584673,0.001770982169546187,0.40130168199539185,0.04575048014521599,0.002541933674365282,0.011366909369826317,0.9558282494544983,0.04417174682021141,0.8029268980026245,0.19707317650318146,0.25600340962409973,0.7439966201782227,0.6461219191551208,0.35387811064720154,0.7232456803321838,0.2767542898654938,0.731992781162262,0.2680070102214813,5.276656627655029,5.208117961883545,5.510286808013916,4.7322187423706055,124.73692321777344
3VwLD5o1r0YBLkjUfgSEYg,0.19306063652038574,0.007705884985625744,0.22730979323387146,0.01748259924352169,0.0189172625541687,0.34022223949432373,0.13799749314785004,0.007304968312382698,0.04999913275241852,0.9971270561218262,0.0028731096535921097,0.7112475037574768,0.2887524664402008,0.04124186187982559,0.9587581157684326,0.7149547338485718,0.28504544496536255,0.924281656742096,0.07571863383054733,0.5205046534538269,0.4794952869415283,5.313072204589844,5.541936874389648,5.650146961212158,5.221735954284668,123.95433044433594
6bDRVbdZEyBnmOX0Yjh5rf,0.015198536217212677,0.021822143346071243,0.40398943424224854,0.010622278787195683,0.005306430626660585,0.39606595039367676,0.08152466267347336,0.0297975093126297,0.03567308187484741,0.9994363188743591,0.0005637133726850152,0.5119598507881165,0.48804008960723877,0.003949559759348631,0.9960504174232483,0.5512089729309082,0.448790967464447,0.9953538179397583,0.004646385088562965,0.31102505326271057,0.6889750361442566,5.729302883148193,5.452542304992676,5.916691780090332,5.698520660400391,135.91677856445312
3kwql90R2gmkK12R8uGHCs,0.10091846436262131,0.010497299022972584,0.7665277719497681,0.0023989316541701555,0.002391709014773369,0.0433560349047184,0.02056477963924408,0.0010533294407650828,0.05229173228144646,0.9268431663513184,0.07315690070390701,0.7119423151016235,0.28805771470069885,0.001006593694910407,0.9989935755729675,0.7314863801002502,0.26851361989974976,0.9742673635482788,0.025732651352882385,0.5568656325340271,0.4431343376636505,5.376022815704346,5.1875319480896,5.356619358062744,5.2143778800964355,121.8367691040039
48Q7pVDuBivnR5rdf6RGYT,0.0697893276810646,0.0016147656133398414,0.8581699132919312,0.004413308575749397,0.0006221745861694217,0.028094714507460594,0.008800993673503399,0.0026617678813636303,0.0258331261575222,0.785460352897644,0.2145395129919052,0.7832498550415039,0.2167501002550125,0.02900487370789051,0.9709950685501099,0.19822023808956146,0.801779568195343,0.8378720283508301,0.1621280461549759,0.5858795046806335,0.41412055492401123,5.612790107727051,5.059986591339111,5.149802207946777,4.805129528045654,123.36902618408203
1FL9DHDSED6lxNMDJUJQvB,0.10299406200647354,0.019153503701090813,0.060433562844991684,0.07349400222301483,0.018595945090055466,0.5240407586097717,0.13490019738674164,0.006239789538085461,0.06014811247587204,0.9840773940086365,0.015922537073493004,0.7134897112846375,0.2865101397037506,0.15611621737480164,0.8438838124275208,0.8996855616569519,0.10031462460756302,0.8551399111747742,0.1448599398136139,0.35300639271736145,0.6469935774803162,5.4265570640563965,5.027892112731934,5.710423469543457,4.9498090744018555,123.54492950439453
5eqZWYQ5tbIehx00NeKXz7,0.047141626477241516,0.012700394727289677,0.8595908284187317,0.0006699732621200383,0.003276354167610407,0.00867959950119257,0.004104113671928644,0.023767240345478058,0.04006979987025261,0.9002891778945923,0.09971090406179428,0.6703901290893555,0.329609751701355,0.005935742985457182,0.9940642714500427,0.24953299760818481,0.7504671216011047,0.9444289207458496,0.05557158961892128,0.045954372733831406,0.9540455937385559,6.884292125701904,6.1361236572265625,5.0088324546813965,5.440431118011475,115.07023620605469
5uNlgK7FEg6r9BGy12P9Sx,0.0463973805308342,0.0006789735634811223,0.9304683208465576,0.00011146343604195863,6.589750410057604e-05,0.010823625139892101,0.0044761160388588905,0.003866436192765832,0.003111716127023101,0.9916567206382751,0.008343487977981567,0.6644013524055481,0.33559855818748474,6.27454646746628e-05,0.9999375343322754,0.14993910491466522,0.8500609993934631,0.9903852343559265,0.009614787064492702,0.6033146977424622,0.39668527245521545,5.563040733337402,5.2680792808532715,5.308613300323486,5.699708938598633,134.81813049316406
4YApK608yoCUqat1XHgSbi,0.010571133345365524,0.000811931153293699,0.8705657720565796,4.244347655912861e-05,6.498787115560845e-05,0.024373777210712433,0.03348112851381302,0.0456068255007267,0.014482122845947742,0.9995297193527222,0.00047036207979544997,0.7061569690704346,0.29384279251098633,4.928552152705379e-05,0.9999508857727051,0.16114655137062073,0.838853657245636,0.9984192848205566,0.0015807808376848698,0.7357073426246643,0.2642925977706909,6.264847278594971,5.481982231140137,5.045319080352783,6.528155326843262,98.63088989257812
6naKyd51g30PvtnXaQSfWf,0.010299930348992348,0.0006502420292235911,0.9519650340080261,0.0011939940741285682,0.00028343012672849,0.005710741970688105,0.008937853388488293,0.010876087471842766,0.010082404129207134,0.9612762331962585,0.038723863661289215,0.7968398332595825,0.2031601369380951,0.005320033058524132,0.9946801066398621,0.12806764245033264,0.8719323873519897,0.9742867946624756,0.02571333944797516,0.7739894986152649,0.22601069509983063,6.092827796936035,4.866556167602539,4.861691951751709,5.668688774108887,184.57077026367188
5TWqf6fPJIBHCmRuicyzVB,0.028055375441908836,0.0009476274717599154,0.8539634346961975,0.001426747883670032,0.0006663218373432755,0.0070389313623309135,0.016007063910365105,0.05837003141641617,0.0335245244204998,0.9695755243301392,0.030424553900957108,0.6627525687217712,0.33724749088287354,0.0026457607746124268,0.9973543882369995,0.1342722326517105,0.8657279014587402,0.9700460433959961,0.029954062774777412,0.4351886212825775,0.5648112297058105,6.988070964813232,4.50927734375,4.321798324584961,6.305894374847412,172.26522827148438
5dbwJI1bCnZjz2LZAxXIV1,0.028522999957203865,0.0027459408156573772,0.6353500485420227,0.0028505842201411724,0.0034696448128670454,0.004033444914966822,0.017472712323069572,0.30118510127067566,0.0043692560866475105,0.9893388152122498,0.010661154985427856,0.7723991870880127,0.2276008576154709,0.0011700615286827087,0.9988300800323486,0.11653415113687515,0.8834658265113831,0.9857258796691895,0.014274087734520435,0.20381216704845428,0.7961878180503845,5.932585716247559,4.363494873046875,4.617003440856934,5.957108974456787,146.0753936767578
0qU8J2PohW6FoL0qg9p3Uh,0.007028058636933565,0.001186740817502141,0.8739053010940552,0.0010381948668509722,0.0013317406410351396,0.007397879380732775,0.033622462302446365,0.05753042921423912,0.016959229484200478,0.9705715179443359,0.029428726062178612,0.8292132019996643,0.1707865595817566,0.0017088649328798056,0.9982913136482239,0.12467129528522491,0.8753286600112915,0.9801909327507019,0.019809206947684288,0.5885779857635498,0.4114221930503845,6.117258071899414,5.1012067794799805,4.752341270446777,5.942067623138428,136.98489379882812
5f8B1wdJbXv1DUz6KR4drD,0.0047377641312778,0.0018990577664226294,0.8867655992507935,1.2065367627656087e-05,0.0005660831229761243,0.0041128043085336685,0.03416704759001732,0.06378539651632309,0.003954001236706972,0.9999421834945679,5.7868768635671586e-05,0.8025069832801819,0.1974932998418808,1.0762886404336314e-06,0.9999992847442627,0.13147540390491486,0.8685246706008911,0.9993632435798645,0.0006367965252138674,0.508019745349884,0.4919802248477936,6.516976833343506,4.75799560546875,4.989984512329102,6.228940963745117,166.44308471679688
3crNbiAuvrbxCuW7QG3PRi,0.03176737204194069,0.0012505786726251245,0.8480451107025146,0.00038063107058405876,0.0021694391034543514,0.008698316290974617,0.06501078605651855,0.02681082673370838,0.015867283567786217,0.9990997314453125,0.0009002485894598067,0.7613423466682434,0.23865771293640137,0.0001732908422127366,0.9998270273208618,0.4655516445636749,0.5344483256340027,0.9988346099853516,0.0011654893169179559,0.3191908001899719,0.6808091402053833,6.578217506408691,5.193245887756348,4.974327087402344,6.438687801361084,172.26548767089844
3oZaBB2M0oPJN6MiTYDYPo,0.011845246888697147,0.000651161652058363,0.937293291091919,5.7547354117559735e-06,0.00010657407983671874,0.0027868254110217094,0.008243836462497711,0.03543822094798088,0.0036289263516664505,0.9808909296989441,0.019109157845377922,0.8298357129096985,0.17016443610191345,2.5404950065421872e-05,0.9999745488166809,0.11352907121181488,0.8864709138870239,0.99982750415802,0.000172692904016003,0.6310104131698608,0.36898958683013916,7.172555923461914,4.342861652374268,4.244790077209473,6.513481616973877,150.06039428710938
3xweC8YgNjaRRjUxV75C4T,0.02295004017651081,0.017002226784825325,0.6670315265655518,0.0016743105370551348,0.002798299305140972,0.0638049989938736,0.19148167967796326,0.0100725581869483,0.02318434789776802,0.9580702185630798,0.04192974418401718,0.8486238718032837,0.15137632191181183,0.006486079189926386,0.9935140609741211,0.32881632447242737,0.6711838245391846,0.9959860444068909,0.004014114383608103,0.3625815212726593,0.6374186873435974,6.314445495605469,5.257040023803711,5.427001953125,6.445675373077393,145.98550415039062
47NRsfMF9inUoBiyKSbIIg,0.006662145256996155,0.0010769519722089171,0.961303174495697,0.00036648724926635623,6.740404933225363e-05,0.011713315732777119,0.008496821857988834,0.0086111631244421,0.0017023204127326608,0.9885936975479126,0.011406314559280872,0.7935646772384644,0.20643557608127594,0.004417360760271549,0.9955827593803406,0.03268381953239441,0.9673162698745728,0.9847452640533447,0.015254870988428593,0.610048770904541,0.3899511992931366,5.959750175476074,4.807582378387451,4.885524272918701,5.977954864501953,138.05709838867188
5HYPtMvVMkodNkwlTCVkPV,0.05225546285510063,0.009453273378312588,0.013782690279185772,0.28271958231925964,0.0028887144289910793,0.23895108699798584,0.35332125425338745,0.0003622271469794214,0.04626572132110596,0.2064865082502365,0.7935134172439575,0.844946026802063,0.15505392849445343,0.9931672215461731,0.00683280173689127,0.09529103338718414,0.904708981513977,0.012406239286065102,0.9875937700271606,0.005712665151804686,0.9942874312400818,4.087549686431885,4.252233028411865,4.36675500869751,3.8793389797210693,81.51372528076172
1nyq415CD3956bDtNVgmRt,0.014141838997602463,0.06422707438468933,0.014863605611026287,0.15538622438907623,0.005441764369606972,0.6132009625434875,0.08351613581180573,0.002420771634206176,0.046801697462797165,0.2652897834777832,0.734710156917572,0.9310097694396973,0.06899002194404602,0.9155195355415344,0.08448050171136856,0.38842469453811646,0.6115753054618835,0.03404721990227699,0.9659526944160461,0.0009676881600171328,0.9990322589874268,4.6337456703186035,4.704653739929199,4.544504165649414,3.7784929275512695,122.19670104980469
6vv1SUiuHyNJjiCWlo7WBg,0.16574706137180328,0.009932772256433964,0.1476718932390213,0.17421367764472961,0.06704800575971603,0.22042465209960938,0.1524273008108139,0.009502825327217579,0.053031884133815765,0.6405145525932312,0.35948535799980164,0.5833207964897156,0.4166792631149292,0.7231214046478271,0.2768787145614624,0.6165868639945984,0.3834132254123688,0.30095362663269043,0.6990464925765991,0.2201499491930008,0.7798501253128052,5.056728839874268,4.717128276824951,4.367328643798828,4.630938529968262,152.9896240234375
5O74RgOYXPmoH9OaawmcgJ,0.08370940387248993,0.0042491634376347065,0.13156092166900635,0.1187233179807663,0.07706168293952942,0.3342101573944092,0.2283598929643631,0.006568355951458216,0.015557041391730309,0.6640321016311646,0.33596786856651306,0.8454190492630005,0.15458081662654877,0.7632638812065125,0.23673605918884277,0.31846553087234497,0.6815343499183655,0.13151678442955017,0.8684834241867065,0.17757640779018402,0.8224238157272339,4.720006942749023,4.668766498565674,4.3259148597717285,3.9779157638549805,143.97193908691406
1Yfj3JJIthJK1w7lRXBOhG,0.06328970938920975,0.005627764388918877,0.02607407420873642,0.21844156086444855,0.0033738096244633198,0.4887952506542206,0.1757664680480957,0.003979831002652645,0.014651610516011715,0.1413286328315735,0.8586713075637817,0.8560780882835388,0.14392194151878357,0.947150468826294,0.05284943804144859,0.024171827360987663,0.975828230381012,0.017970724031329155,0.9820292592048645,0.14666005969047546,0.8533398509025574,3.8221051692962646,3.5644426345825195,3.828549861907959,3.1098380088806152,108.0943832397461
5e5uOSCVMcGPJAGQ9Jw1z4,0.1007157638669014,0.00858106929808855,0.10671235620975494,0.1528371423482895,0.057843178510665894,0.32196640968322754,0.22627516090869904,0.002024054294452071,0.023044807836413383,0.6322967410087585,0.36770325899124146,0.7348624467849731,0.265137642621994,0.8216336965560913,0.17836646735668182,0.5451844930648804,0.4548155665397644,0.2436530590057373,0.7563470005989075,0.20630191266536713,0.7936986684799194,5.1656389236450195,4.9913530349731445,4.4517412185668945,4.312882423400879,110.9623794555664
5H7EMoiGpJf6atP8APiNHK,0.27259916067123413,0.007767352741211653,0.13397331535816193,0.0753195509314537,0.006579981185495853,0.28872719407081604,0.17093807458877563,0.0018413817742839456,0.04225396737456322,0.16733834147453308,0.8326616287231445,0.8645925521850586,0.1354077160358429,0.8470898866653442,0.15291009843349457,0.12279720604419708,0.8772029280662537,0.07428813725709915,0.9257116913795471,0.2732778489589691,0.7267221808433533,3.998255968093872,3.6969659328460693,4.0768585205078125,3.6580560207366943,136.3253173828125
03eJSsUdZScDEpkFqcnrjk,0.06379964202642441,0.009066091850399971,0.008632703684270382,0.18652386963367462,0.00422716373577714,0.5868662595748901,0.12182515114545822,0.004150121007114649,0.014909032732248306,0.08492424339056015,0.9150756597518921,0.7807144522666931,0.21928541362285614,0.9729622006416321,0.027037568390369415,0.007698803208768368,0.9923012852668762,0.0032486198469996452,0.9967513680458069,0.27584657073020935,0.7241535186767578,3.6271681785583496,3.3525819778442383,3.730950355529785,2.9042396545410156,117.56336975097656
7dOoAPZoB5REwyEPyMUtU6,0.12694063782691956,0.00935047585517168,0.07975374162197113,0.11601413041353226,0.029452065005898476,0.3906966745853424,0.22204405069351196,0.006902618799358606,0.01884562149643898,0.5106381177902222,0.489361971616745,0.8607038259506226,0.13929621875286102,0.8757324814796448,0.1242675632238388,0.2762250304222107,0.7237752676010132,0.06308304518461227,0.9369168281555176,0.09039720892906189,0.9096030592918396,4.5207109451293945,4.2170538902282715,3.945026159286499,3.5080201625823975,112.1691665649414
4zfg8VP7X4sqgniFdCRHRj,0.10932648181915283,0.00465461565181613,0.1952628642320633,0.07254128903150558,0.0113908676430583,0.28758975863456726,0.3010740578174591,0.003364191623404622,0.014795881696045399,0.5147792100906372,0.48522087931632996,0.8726701140403748,0.127330020070076,0.7886039018630981,0.2113959789276123,0.29727134108543396,0.7027288675308228,0.1356714367866516,0.8643284440040588,0.17261645197868347,0.8273835778236389,4.429492473602295,4.311338424682617,4.138319969177246,3.5706872940063477,163.26104736328125
5ZLUm9eab8y3tqQ1OhQSHI,0.01721693016588688,0.009077876806259155,0.32384568452835083,0.009169893339276314,0.03047008067369461,0.020056400448083878,0.5034942626953125,0.019324537366628647,0.06734444200992584,0.9621999859809875,0.03780011087656021,0.8134918212890625,0.186508446931839,0.03433356434106827,0.9656663537025452,0.3115277886390686,0.6884720325469971,0.9265199303627014,0.07348030060529709,0.07749468833208084,0.9225051999092102,5.803311824798584,5.817691802978516,5.3675994873046875,6.2065582275390625,125.990966796875
2rbDhOo9Fh61Bbu23T2qCk,0.0969652608036995,0.018605122342705727,0.009553748182952404,0.2585314214229584,0.0817771703004837,0.1271798014640808,0.2815718948841095,0.0037072827108204365,0.12210824340581894,0.5471625924110413,0.45283737778663635,0.683744490146637,0.3162555396556854,0.8053166270256042,0.19468306005001068,0.32250672578811646,0.6774935126304626,0.055439893156290054,0.9445602297782898,0.006500065326690674,0.9935004115104675,4.484732627868652,4.790909290313721,4.467164516448975,4.657102584838867,129.7768096923828
0SiywuOBRcynK0uKGWdCnn,0.0692218467593193,0.006933870259672403,0.2831448018550873,0.002798209199681878,0.034327417612075806,0.008121127262711525,0.4822830855846405,0.02085763029754162,0.0923120304942131,0.9997820258140564,0.00021833597566001117,0.8239343762397766,0.17606563866138458,0.002688704989850521,0.9973114132881165,0.731150209903717,0.26885005831718445,0.9718282222747803,0.028171833604574203,0.018725823611021042,0.9812740683555603,7.116789817810059,5.94525671005249,5.3184895515441895,6.588029384613037,118.51734924316406
2plbrEY59IikOBgBGLjaoe,0.11239409446716309,0.00568078039214015,0.057276614010334015,0.08949493616819382,0.06504616141319275,0.07099688798189163,0.4258131682872772,0.015362069010734558,0.157935231924057,0.7560696005821228,0.24393042922019958,0.7388697862625122,0.26113033294677734,0.43216991424560547,0.5678300857543945,0.7140694260597229,0.2859303653240204,0.2829410135746002,0.7170589566230774,0.08809485286474228,0.9119051694869995,5.253783702850342,5.386157035827637,5.220381736755371,5.1258864402771,105.2872543334961
19KlZwqlT3fguP2BeHF1Q1,0.05310535058379173,0.007528572343289852,0.5602383613586426,0.004321993328630924,0.018527483567595482,0.00827599037438631,0.3083590865135193,0.024014795199036598,0.015628399327397346,0.9312139749526978,0.06878610700368881,0.9344931244850159,0.06550684571266174,0.05544445291161537,0.9445558190345764,0.5917708277702332,0.4082292318344116,0.8811219930648804,0.11887817084789276,0.16263806819915771,0.8373619914054871,6.922518253326416,5.242821216583252,4.558600425720215,6.181662082672119,100.96011352539062
0QkWikH5Z3U0f79T9iuF6c,0.022849444299936295,0.014651527628302574,0.4850758910179138,0.0025703085120767355,0.013920421712100506,0.006758569739758968,0.3842781186103821,0.008707458153367043,0.06118810176849365,0.9888675212860107,0.011132788844406605,0.8523275256156921,0.1476723998785019,0.013583874329924583,0.9864161014556885,0.7480037808418274,0.251996248960495,0.9321596622467041,0.06784047931432724,0.059466514736413956,0.9405335783958435,6.971363067626953,5.869716167449951,5.3476104736328125,6.615847587585449,131.06011962890625
2x7MyWybabEz6Y6wvHuwGE,0.02155163325369358,0.009004062972962856,0.1902359575033188,0.0006965236971154809,0.024647045880556107,0.018927859142422676,0.6786283850669861,0.03275678679347038,0.02355198934674263,0.994697093963623,0.0053030457347631454,0.9496145844459534,0.050385139882564545,0.002920467173680663,0.9970795512199402,0.9043188095092773,0.09568139910697937,0.9583609700202942,0.04163898155093193,0.021596159785985947,0.9784038662910461,6.533121109008789,6.354660511016846,5.532680988311768,6.093290328979492,119.01506042480469
7Hqig8kp32q2Ire3ECQvWM,0.08338376134634018,0.0074682957492768764,0.30445054173469543,0.002606617519631982,0.027859898284077644,0.00445238733664155,0.4895927906036377,0.07460597902536392,0.005579695105552673,0.9961937665939331,0.003806500928476453,0.9344172477722168,0.06558294594287872,0.03367340564727783,0.9663267135620117,0.8702020645141602,0.1297980099916458,0.8948386907577515,0.1051611676812172,0.06461387872695923,0.9353863596916199,6.5886030197143555,5.489359378814697,4.751693248748779,5.052824974060059,114.96742248535156
5R8dQOPq8haW94K7mgERlO,0.21403537690639496,0.0749305784702301,0.15072990953922272,0.0011802205117419362,0.017794376239180565,0.022358806803822517,0.33523204922676086,0.172809898853302,0.010928906500339508,0.9927816987037659,0.007218378130346537,0.9306527376174927,0.06934738159179688,0.006749396678060293,0.9932505488395691,0.8993178009986877,0.10068235546350479,0.9884153008460999,0.011584783904254436,0.12760083377361298,0.8723989725112915,6.946493148803711,5.858463287353516,5.62248420715332,6.431655406951904,118.79124450683594
2VxeLyX666F8uXCJ0dZF8B,0.09707172214984894,0.02751818485558033,0.01102954801172018,0.45813408493995667,0.04978927969932556,0.05886274576187134,0.1699894368648529,0.0029929345473647118,0.1246119886636734,0.21767623722553253,0.782323956489563,0.4264976680278778,0.5735023021697998,0.8333626389503479,0.16663716733455658,0.23482225835323334,0.7651774883270264,0.04566667973995209,0.954333484172821,0.13007752597332,0.8699225187301636,4.4190144538879395,4.336479663848877,4.439939498901367,4.288096904754639,95.56139373779297
5712EypGa7HP0wusr6zRFj,0.01730680651962757,0.19682073593139648,0.18744978308677673,0.00012747372966259718,0.016816426068544388,0.02328326366841793,0.5036207437515259,0.03939049318432808,0.015184283256530762,0.9998668432235718,0.00013318513811100274,0.8314538598060608,0.16854608058929443,0.00010984775144606829,0.9998903274536133,0.2851378917694092,0.714862048625946,0.9943811297416687,0.0056191906332969666,0.026454340666532516,0.9735456109046936,6.279420852661133,6.070936679840088,5.127853870391846,6.463174819946289,129.00140380859375
22hOKPKTAegLoLJKM33K4a,0.012878315523266792,0.09731638431549072,0.46641072630882263,0.005336795002222061,0.00888306088745594,0.053816962987184525,0.30748841166496277,0.01886531338095665,0.029003947973251343,0.9653933048248291,0.03460676595568657,0.9233717322349548,0.07662834227085114,0.025209249928593636,0.9747908115386963,0.16689997911453247,0.8331000804901123,0.9128252267837524,0.08717510849237442,0.11284708231687546,0.8871529698371887,6.044853210449219,6.1548848152160645,5.321318626403809,5.814099311828613,128.94956970214844
5se4SpUxbStmWGZngKWqLU,0.04275881126523018,0.15420228242874146,0.3876045048236847,0.0008059185347519815,0.0005993494996801019,0.010497509501874447,0.22535701096057892,0.10505669564008713,0.07311791181564331,0.995983362197876,0.004016687162220478,0.5844740271568298,0.41552579402923584,0.0015312328469008207,0.9984688758850098,0.03831491246819496,0.9616848230361938,0.9913712739944458,0.008628797717392445,0.10549468547105789,0.8945054411888123,6.632657051086426,5.620281219482422,4.55083703994751,6.031585216522217,129.02391052246094
2qnLd7v8htk8uHQaoUecLs,0.021146826446056366,0.05822473019361496,0.6502596139907837,4.279126369510777e-05,0.0001386590301990509,0.03114292398095131,0.13432541489601135,0.011890288442373276,0.09282875806093216,0.9999505281448364,4.95678250445053e-05,0.7444831132888794,0.25551697611808777,4.617714148480445e-05,0.9999539852142334,0.018230518326163292,0.9817695021629333,0.9999731779098511,2.686128209461458e-05,0.10126122087240219,0.8987388014793396,6.297395706176758,5.939335346221924,5.040884017944336,6.120288372039795,130.00379943847656
5R83UKYem3OpSmWCvE3Yax,0.0003836991381831467,0.00030495994724333286,0.9880194664001465,1.4588231351808645e-06,3.661742539406987e-06,0.0006160091143101454,0.00818426813930273,0.00012846619938500226,0.0023579716216772795,1.0,5.8920758050362565e-08,0.7666720747947693,0.2333279401063919,1.1881108541444974e-08,1.0,0.032344017177820206,0.9676560759544373,1.0,1.2525252834905132e-08,0.8082625269889832,0.191737562417984,6.631529808044434,4.789818286895752,4.357917308807373,6.1950554847717285,135.30833435058594
6DFHSmlrZLDZnXV5kTTMF6,0.03923317790031433,0.005474545527249575,0.9074913859367371,1.26275858747249e-06,1.618521309865173e-05,0.001543126767501235,0.0351678691804409,0.008093602955341339,0.0029789262916892767,0.9998778104782104,0.00012221070937812328,0.8245059847831726,0.1754940301179886,6.984969758150328e-08,1.0,0.10766793042421341,0.892332136631012,0.9999992847442627,7.842253921808151e-07,0.5393980741500854,0.46060195565223694,7.2186102867126465,4.817930698394775,4.423242568969727,6.273893356323242,132.92828369140625
4kh3BO905A2aAY17lug2eV,0.0013918945332989097,0.0012726075947284698,0.9429943561553955,3.0144749416649574e-06,1.5012537005532067e-05,0.0023488423321396112,0.03929997608065605,0.0018838085234165192,0.010790389031171799,0.9999781250953674,2.178575778088998e-05,0.8519018292427063,0.14809802174568176,4.770403847942362e-06,0.9999954700469971,0.01923741027712822,0.9807626605033875,0.9999416470527649,5.8390494814375415e-05,0.34466251730918884,0.6553375720977783,5.995370388031006,4.801175594329834,4.4596123695373535,5.902845859527588,135.03494262695312
4XYMXM0swmIehCu79rEgAV,0.019773224368691444,0.07060569524765015,0.6523659229278564,0.00025941309286281466,0.00033924495801329613,0.03327075019478798,0.12058616429567337,0.004765987861901522,0.09803365170955658,0.9945475459098816,0.00545248668640852,0.7278400659561157,0.272159606218338,0.0006083735497668386,0.9993916749954224,0.10991967469453812,0.8900803923606873,0.9927308559417725,0.007269245106726885,0.2969122529029846,0.7030878067016602,6.024867057800293,5.831573963165283,5.308237075805664,6.004697799682617,128.92002868652344
3ZzafniLjEBqRM7GeyRcvz,0.011837098747491837,0.008660458959639072,0.526208221912384,0.00041715468978509307,0.0006184623925946653,0.023892518132925034,0.35738807916641235,0.04691069573163986,0.02406722865998745,0.9997603893280029,0.00023968178720679134,0.8489274382591248,0.15107260644435883,0.0008999465499073267,0.9991000294685364,0.2716708779335022,0.728329062461853,0.9834122657775879,0.01658792421221733,0.1494864523410797,0.850513756275177,6.879797458648682,5.934814453125,4.736861705780029,6.302745342254639,133.95217895507812
4CPuDVC8jhhK6lA2DIt8Cf,0.031027477234601974,0.004071465227752924,0.39142346382141113,0.0019765887409448624,0.022646993398666382,0.021962543949484825,0.43681761622428894,0.07371390610933304,0.01635998860001564,0.9780928492546082,0.021907253190875053,0.8495157957077026,0.15048429369926453,0.01576400175690651,0.9842360019683838,0.5482120513916016,0.4517878592014313,0.9001938700675964,0.09980635344982147,0.07491209357976913,0.9250879883766174,6.0032477378845215,6.043056011199951,5.075184345245361,5.705898761749268,116.42877197265625
7uQZVznj0uQOGC9KhV2Mg6,0.04341495409607887,0.002572041703388095,0.16915562748908997,0.00043971743434667587,0.020297305658459663,0.005932237021625042,0.22256506979465485,0.5232901573181152,0.012332705780863762,0.995371401309967,0.004628665745258331,0.8049822449684143,0.1950177401304245,0.0002004868583753705,0.9997997283935547,0.5980833768844604,0.4019168019294739,0.9580118656158447,0.041988201439380646,0.013381189666688442,0.9866188168525696,6.248001575469971,5.821619510650635,5.087591171264648,6.23291015625,150.13304138183594
7hU3IHwjX150XLoTVmjD0q,0.021609211340546608,0.017997587099671364,0.15580131113529205,0.0021597291342914104,0.009456236846745014,0.03350283205509186,0.054519060999155045,0.6819975972175598,0.022956427186727524,0.9427398443222046,0.05726030841469765,0.7674155235290527,0.23258474469184875,0.012253766879439354,0.98774653673172,0.3442719280719757,0.6557279825210571,0.8145016431808472,0.18549849092960358,0.06982254236936569,0.9301775693893433,5.8135151863098145,5.416036128997803,4.789791107177734,5.606368541717529,139.93687438964844
3yDRcs0Y4pPzkvMbUfeF9H,0.04875866323709488,0.0060857064090669155,0.17067548632621765,0.002867445582523942,0.022319911047816277,0.025175783783197403,0.6168596148490906,0.09867100417613983,0.008586393669247627,0.9576629400253296,0.04233715683221817,0.9460322260856628,0.05396769195795059,0.0813569501042366,0.9186432361602783,0.5643060803413391,0.4356939196586609,0.8613211512565613,0.13867875933647156,0.017902333289384842,0.9820981025695801,6.261321067810059,6.031235694885254,4.5200514793396,5.3128790855407715,110.01652526855469
7ov3TDp5D00Rnu5R1viX4w,0.020939217880368233,0.004281117580831051,0.384842187166214,0.005548607558012009,0.006291561760008335,0.02675468847155571,0.34948018193244934,0.1944669932126999,0.007395480759441853,0.9595741629600525,0.04042595252394676,0.8995630145072937,0.1004369854927063,0.037325236946344376,0.9626746773719788,0.5411534309387207,0.4588465988636017,0.8876153826713562,0.11238458752632141,0.044227100908756256,0.9557726383209229,6.370774269104004,5.38555908203125,4.35607385635376,5.499706268310547,106.89295959472656
6vvPecFTmWxDfEJ6cYT1wa,0.044266220182180405,0.002319692401215434,0.28529801964759827,0.002027225447818637,0.002049010945484042,0.019131425768136978,0.061140868812799454,0.5683168172836304,0.015450906939804554,0.9834944605827332,0.016505559906363487,0.7364750504493713,0.26352497935295105,0.0021252932492643595,0.9978746771812439,0.28871428966522217,0.7112854719161987,0.9610801935195923,0.038919780403375626,0.09031038731336594,0.9096896648406982,6.209598541259766,5.168259143829346,4.571600437164307,6.157503604888916,139.9747772216797
6IPNp9PfaEqrzotY47TIWy,0.013061895035207272,0.0025543239898979664,0.1428968906402588,0.00024880110868252814,0.019634995609521866,0.0251263789832592,0.07920939475297928,0.711481511592865,0.0057857767678797245,0.9754706621170044,0.02452937327325344,0.770752489566803,0.22924713790416718,0.0006649215356446803,0.9993352890014648,0.3468133807182312,0.6531864404678345,0.9242101907730103,0.075789675116539,0.15186429023742676,0.848135769367218,5.560915946960449,5.612610340118408,4.721738338470459,5.152158260345459,99.94927978515625
5HrIcZOo1DysX53qDRlRnt,0.04503661394119263,0.008575265295803547,0.12300051003694534,0.0031825529877096415,0.030475705862045288,0.014005822129547596,0.17055296897888184,0.5774840116500854,0.027686508372426033,0.9910393953323364,0.008960725739598274,0.8020908832550049,0.19790931046009064,0.022528955712914467,0.9774712920188904,0.5759825706481934,0.4240173399448395,0.7728071808815002,0.2271929234266281,0.07999581098556519,0.9200041890144348,5.803431034088135,5.443337440490723,5.081420421600342,5.5609612464904785,109.9334945678711
2kKnGTvaxmi6OiOObpf6r3,0.13659684360027313,0.017774337902665138,0.14397558569908142,0.004058018326759338,0.012228514067828655,0.101582832634449,0.4008904695510864,0.17672768235206604,0.006165859755128622,0.9959563612937927,0.004043716471642256,0.830649197101593,0.16935089230537415,0.06511585414409637,0.9348844289779663,0.8629056811332703,0.13709433376789093,0.9325978755950928,0.06740216910839081,0.09977094829082489,0.9002289175987244,6.215662479400635,5.936463832855225,5.0709919929504395,5.639029026031494,125.06903839111328
5ZdqVCiXrvMGpY8cux5g8t,0.03919818624854088,0.007328774314373732,0.1666051596403122,0.0006012453231960535,0.009821755811572075,0.10771731287240982,0.03475574031472206,0.6329073309898376,0.0010645522270351648,0.9484178423881531,0.05158224329352379,0.8562760949134827,0.14372381567955017,0.026709629222750664,0.9732904434204102,0.582456648349762,0.41754329204559326,0.5065771341323853,0.49342289566993713,0.2131388783454895,0.786861002445221,5.741328716278076,5.67150354385376,4.759500503540039,5.003651142120361,91.90448760986328
3xHiCTehVvsc7w26DuEdYw,0.08704393357038498,0.007571008056402206,0.522893488407135,0.00032782304333522916,0.0019810537341982126,0.011811485514044762,0.0707797110080719,0.2948128581047058,0.002778629306703806,0.9937182068824768,0.006281951908022165,0.8090517520904541,0.1909482181072235,0.0004211550403852016,0.9995791912078857,0.5119411945343018,0.48805877566337585,0.9939225912094116,0.0060771768912673,0.3138856589794159,0.6861144304275513,6.054627418518066,5.0412373542785645,5.159348964691162,5.651177406311035,96.01886749267578
3etbPFMXnAuShtcImz4UXW,0.31881994009017944,0.015933874994516373,0.3229753375053406,0.0016428626840934157,0.04586060717701912,0.009722891263663769,0.17068681120872498,0.08916720747947693,0.02519034594297409,0.9974508285522461,0.0025493146385997534,0.9077745079994202,0.0922253206372261,0.02678384631872177,0.9732161164283752,0.8551562428474426,0.14484360814094543,0.9222279787063599,0.07777215540409088,0.20854800939559937,0.7914519906044006,6.959518909454346,5.525278091430664,5.1631059646606445,5.8070597648620605,172.26564025878906
7qqDAVEq3y8yKmEMVMJ6Wf,0.10165217518806458,0.0033884861040860415,0.3951050937175751,0.01457415521144867,0.024098282679915428,0.10339508205652237,0.33990129828453064,0.005946821067482233,0.011938563548028469,0.9701454639434814,0.029854530468583107,0.8164364099502563,0.18356381356716156,0.30091404914855957,0.6990858912467957,0.7915006279945374,0.20849932730197906,0.7446710467338562,0.2553289532661438,0.15860538184642792,0.8413947224617004,6.520168304443359,5.25938606262207,4.866029262542725,5.245350360870361,114.9718017578125
6jbYpRPTEFl1HFKHk1IC0m,0.22733934223651886,0.00860057957470417,0.20305225253105164,0.06177129969000816,0.014128781855106354,0.13051828742027283,0.16293427348136902,0.16372762620449066,0.027927618473768234,0.7171661257743835,0.2828337550163269,0.7183490991592407,0.2816508114337921,0.49512165784835815,0.5048784613609314,0.3932819962501526,0.6067181825637817,0.2950291931629181,0.7049708366394043,0.24199648201465607,0.7580035924911499,4.913018226623535,4.514811992645264,4.424335956573486,4.182137489318848,96.65253448486328
35ISBknsCeZQtq66xABI9g,0.27855002880096436,0.00668923556804657,0.24211153388023376,0.01787230186164379,0.030580123886466026,0.043477099388837814,0.29595860838890076,0.026592567563056946,0.05816854164004326,0.9901770949363708,0.009822801686823368,0.6085149645805359,0.3914850056171417,0.13789045810699463,0.8621095418930054,0.6923248767852783,0.3076751232147217,0.6361556649208069,0.3638444244861603,0.10896182805299759,0.8910379409790039,5.927065372467041,5.663364887237549,5.198097229003906,5.391961574554443,111.0324478149414
3lk3Wca9bCzyCNa4KeH6rL,0.1453365832567215,0.007073699496686459,0.2991151511669159,0.002827196614816785,0.006110234651714563,0.07315141707658768,0.2793112099170685,0.17972548305988312,0.007349071092903614,0.9588645100593567,0.041135698556900024,0.8934351801872253,0.10656514763832092,0.079046331346035,0.9209535717964172,0.8055775761604309,0.19442248344421387,0.8580850958824158,0.14191500842571259,0.34477725625038147,0.6552227735519409,5.9582061767578125,5.622544765472412,5.248604774475098,5.203025817871094,100.01290893554688
7oWGcQfpSXUL8c61p6ycrh,0.34007593989372253,0.018332183361053467,0.3394105136394501,0.006111785303801298,0.015013903379440308,0.0703878253698349,0.12640608847141266,0.056194283068180084,0.02806755155324936,0.9362401962280273,0.06376016139984131,0.8261573314666748,0.1738424450159073,0.1578734964132309,0.8421267867088318,0.8774527311325073,0.12254742532968521,0.8085970878601074,0.19140282273292542,0.3939073085784912,0.606092631816864,6.47254753112793,5.072132110595703,4.999319076538086,5.549905300140381,151.68673706054688
5rnXS43Hx4oFYuZ3S4ARCb,0.10399934649467468,0.037196505814790726,0.04228759557008743,0.12440384179353714,0.10591837763786316,0.14808709919452667,0.3491779863834381,0.05157778412103653,0.03735135495662689,0.8327609300613403,0.16723917424678802,0.4798424541950226,0.5201575756072998,0.4431512951850891,0.5568488240242004,0.863380491733551,0.1366192251443863,0.5938939452171326,0.406106173992157,0.09950218349695206,0.9004977941513062,6.107621669769287,6.6098313331604,5.629300594329834,5.848058700561523,98.98934936523438
5d8kMvumcDki8LA6klUZft,0.22453981637954712,0.027065739035606384,0.08520226180553436,0.05529395118355751,0.044359106570482254,0.270721435546875,0.16426602005958557,0.06630390137434006,0.06224782392382622,0.9182829856872559,0.08171695470809937,0.26793593168258667,0.7320637702941895,0.3180740177631378,0.6819261908531189,0.92197585105896,0.07802420854568481,0.6893795132637024,0.3106203079223633,0.2608505189418793,0.7391495704650879,5.862072467803955,6.125412940979004,5.8293986320495605,5.916628360748291,100.11202239990234
5RF6Z68ugujGPK69CGxXhj,0.056148797273635864,0.015395978465676308,0.06993969529867172,0.026699282228946686,0.006480775773525238,0.7406203150749207,0.03900185227394104,0.014867903664708138,0.030845167115330696,0.8995571136474609,0.1004427894949913,0.46574878692626953,0.53425133228302,0.38460564613342285,0.6153942346572876,0.6424119472503662,0.3575879633426666,0.7608757615089417,0.2391243726015091,0.6864044666290283,0.31359535455703735,5.462550163269043,5.128756046295166,5.649708271026611,4.834334850311279,91.16570281982422
1CatjYUg2Is7Yp4WUJUUC7,0.17359288036823273,0.03312130272388458,0.3003900349140167,0.01311851479113102,0.027981702238321304,0.32026511430740356,0.057452425360679626,0.030018700286746025,0.04405933991074562,0.8664728403091431,0.13352711498737335,0.33709630370140076,0.6629038453102112,0.15399716794490814,0.8460026383399963,0.8911550641059875,0.10884500294923782,0.9842773675918579,0.015722624957561493,0.5421552062034607,0.45784464478492737,5.750097751617432,5.816137790679932,5.751898765563965,5.6323699951171875,98.53634643554688
717pBRvw8KhbxEM7iI4Uqw,0.03943510353565216,0.026827512308955193,0.26423826813697815,0.005083087831735611,0.0503748394548893,0.5033058524131775,0.04203329235315323,0.049760282039642334,0.018941817805171013,0.9640436172485352,0.035956382751464844,0.44625645875930786,0.5537435412406921,0.10892213135957718,0.8910776972770691,0.801444947719574,0.19855503737926483,0.9210193753242493,0.07898081094026566,0.42395123839378357,0.5760487914085388,5.507078647613525,5.301937103271484,5.450102806091309,5.005241870880127,97.3537368774414
0rNGHPTBNL4D0koH7bYiVI,0.053839556872844696,0.0181154552847147,0.21947906911373138,0.03057340905070305,0.09799336642026901,0.2932358980178833,0.20849691331386566,0.06357941031455994,0.01468683872371912,0.9500070214271545,0.04999293014407158,0.42603084444999695,0.5739690661430359,0.14734111726284027,0.8526589274406433,0.807518720626831,0.1924811452627182,0.8358383178710938,0.16416163742542267,0.2396661341190338,0.7603338956832886,5.947186470031738,6.351449966430664,5.698801040649414,5.720824241638184,99.55874633789062
0RT8sKWqX2QcdvjGizhT46,0.08382254838943481,0.009476899169385433,0.05061060190200806,0.041331641376018524,0.01147016417235136,0.6474427580833435,0.07977509498596191,0.019944151863455772,0.05612606182694435,0.8836554884910583,0.11634447425603867,0.4300200045108795,0.5699799060821533,0.31199389696121216,0.6880061626434326,0.7902856469154358,0.20971426367759705,0.8855820298194885,0.11441808938980103,0.5365530848503113,0.46344682574272156,5.810678958892822,5.661852836608887,6.137417793273926,5.3160400390625,111.196533203125
2Zcv2Vk65xi37T7AT2qcDJ,0.09898983687162399,0.004286730196326971,0.5375951528549194,0.0024222703650593758,0.004686655476689339,0.3099329471588135,0.022082043811678886,0.006153346970677376,0.013850860297679901,0.9717963337898254,0.02820373699069023,0.7255690097808838,0.27443087100982666,0.025677833706140518,0.9743221402168274,0.8836013674736023,0.11639870703220367,0.9808458089828491,0.019154289737343788,0.7626523375511169,0.23734748363494873,5.974276542663574,5.751554489135742,5.9738078117370605,5.452490329742432,101.0726089477539
2YtAA75fP4EyZcX0jkw7sM,0.14819034934043884,0.0057565863244235516,0.0728205144405365,0.042754288762807846,0.019427992403507233,0.3316178619861603,0.32257041335105896,0.018770700320601463,0.03809138759970665,0.9748867154121399,0.025113165378570557,0.46825408935546875,0.531745970249176,0.2369023859500885,0.7630977034568787,0.9497572779655457,0.050242695957422256,0.9285143613815308,0.07148540765047073,0.23841270804405212,0.761587381362915,6.1313862800598145,6.4486308097839355,6.431117534637451,6.083651065826416,118.7761001586914
3OQk21nMrEPnc5KXePcv6E,0.0077403211034834385,0.002009118441492319,0.719179093837738,0.0025210734456777573,0.00719502754509449,0.0844377651810646,0.1613040268421173,0.01039454061537981,0.005218977574259043,0.9326069951057434,0.06739309430122375,0.8353011012077332,0.16469894349575043,0.09777405112981796,0.9022257924079895,0.17916381359100342,0.8208361864089966,0.659073531627655,0.3409266769886017,0.5402756929397583,0.4597243368625641,5.068114757537842,4.978540897369385,4.470892429351807,4.215742588043213,96.4295425415039
5Pip0HRc2xDEC3DdH1rPPU,0.02112209051847458,0.0013103114906698465,0.5005045533180237,0.0023885800037533045,0.00824351329356432,0.2986757755279541,0.13969406485557556,0.017222175374627113,0.010839039459824562,0.9030705094337463,0.09692984819412231,0.8760762214660645,0.12392378598451614,0.0659482404589653,0.9340516924858093,0.3780113160610199,0.6219886541366577,0.71821528673172,0.2817845940589905,0.6745087504386902,0.32549113035202026,5.371337890625,5.2536139488220215,4.936356067657471,4.632447242736816,102.00513458251953
4PcFeu3Lr6dU05uHXVSPOs,0.002752922708168626,0.011248358525335789,0.469585657119751,0.0046828570775687695,0.02569175697863102,0.24743440747261047,0.20917734503746033,0.024005427956581116,0.005421373527497053,0.9697002172470093,0.03029993176460266,0.8294686675071716,0.17053136229515076,0.12989653646945953,0.8701034188270569,0.30046215653419495,0.699537992477417,0.6718470454216003,0.3281528651714325,0.48408612608909607,0.5159138441085815,5.170036315917969,5.18326997756958,4.8623046875,4.351174354553223,147.9990692138672
6VNooTY5w9A9wg1YUsEbKB,0.02085273526608944,0.0058800349943339825,0.40172961354255676,0.002130945911630988,0.03044150210916996,0.14288397133350372,0.3768812417984009,0.01696731522679329,0.002232733415439725,0.9762136340141296,0.02378644421696663,0.8898500204086304,0.1101500615477562,0.12298985570669174,0.8770102262496948,0.5657355785369873,0.43426454067230225,0.6436779499053955,0.3563219904899597,0.3848215341567993,0.6151783466339111,5.436910152435303,5.066534519195557,4.627889633178711,4.494649887084961,114.93159484863281
2oJ8Il24SIiDCJv39RYzPp,0.0069831558503210545,0.007137401960790157,0.5871782302856445,0.0008035209029912949,0.01843118667602539,0.1827259063720703,0.1699555516242981,0.02339858189225197,0.0033863659482449293,0.9406223297119141,0.05937763676047325,0.9095283150672913,0.09047190845012665,0.059108514338731766,0.940891444683075,0.5063590407371521,0.4936409294605255,0.7191866636276245,0.28081315755844116,0.3826904594898224,0.6173095107078552,5.494727611541748,5.304235935211182,5.037982940673828,4.744166374206543,125.9990463256836
2uTshZdUyppgBI2INJ3f15,0.002697761170566082,0.002529821591451764,0.740638256072998,0.0020392206497490406,0.009102005511522293,0.06920912116765976,0.17059436440467834,0.0016007813392207026,0.001588602433912456,0.9826109409332275,0.017389241605997086,0.9368609189987183,0.06313934177160263,0.003596179187297821,0.9964039325714111,0.49542292952537537,0.5045770406723022,0.9430869817733765,0.056912969797849655,0.3551620543003082,0.6448377966880798,5.946452617645264,5.944308757781982,5.314332962036133,5.416985034942627,123.93319702148438
4c1GHCAXEFa08WHckJ6txh,0.09733974188566208,0.002986315404996276,0.35111454129219055,0.0349106639623642,0.007795026525855064,0.17018204927444458,0.29375603795051575,0.007445677183568478,0.03446991369128227,0.6690710783004761,0.3309289813041687,0.87827068567276,0.12172897905111313,0.4031146466732025,0.5968855023384094,0.3355572819709778,0.664442777633667,0.40925878286361694,0.5907413363456726,0.4059616029262543,0.5940384268760681,4.9632368087768555,4.943690776824951,4.6640729904174805,4.317391872406006,92.84851837158203
0pAiyIHt9DyHOjWgF41kp6,0.024537313729524612,0.016151541844010353,0.11738201230764389,0.037967499345541,0.07151629030704498,0.2621700167655945,0.41456305980682373,0.05086788907647133,0.004844315815716982,0.9712499976158142,0.028750022873282433,0.7327420711517334,0.2672576904296875,0.5963706374168396,0.40362945199012756,0.344291627407074,0.655708372592926,0.176721453666687,0.8232784867286682,0.1552993804216385,0.8447005152702332,4.777487277984619,4.6229939460754395,4.31936502456665,3.7279670238494873,110.77498626708984
1dyJpJgwj2BqdwBU8Jo804,0.061096835881471634,0.007861321792006493,0.34654754400253296,0.005416532512754202,0.018721003085374832,0.1428327113389969,0.30346840620040894,0.0970812514424324,0.016974374651908875,0.8525389432907104,0.14746101200580597,0.8190035223960876,0.18099643290042877,0.18106821179389954,0.8189318180084229,0.1556074619293213,0.8443925380706787,0.42945706844329834,0.5705429315567017,0.29179540276527405,0.7082046866416931,4.91572380065918,4.683993339538574,4.369124889373779,4.0900115966796875,117.04254913330078
58FsmlVRQxpjFmXF8vSKMT,0.00796849187463522,0.0012066732160747051,0.8863108158111572,0.00025791084044612944,0.003027429571375251,0.08142274618148804,0.008594467304646969,0.008773315697908401,0.0024380891118198633,0.887832760810852,0.11216740310192108,0.7920644879341125,0.20793567597866058,0.00821862556040287,0.9917812347412109,0.18319909274578094,0.8168008923530579,0.8301003575325012,0.16989944875240326,0.8498348593711853,0.15016506612300873,4.994010925292969,4.849478244781494,4.987504482269287,4.382632255554199,145.020263671875
1R1ihosU2CSEaSw8e5ZF6E,0.08622686564922333,0.017104195430874825,0.28352126479148865,0.0020923076663166285,0.0015734020853415132,0.010399016551673412,0.5259469747543335,0.0367492251098156,0.03638681769371033,0.9999493956565857,5.084087752038613e-05,0.8542798757553101,0.1457199603319168,0.025920752435922623,0.9740795493125916,0.9076492190361023,0.09235066920518875,0.972520112991333,0.027479909360408783,0.14277689158916473,0.8572229743003845,6.847144603729248,6.008824825286865,5.594620227813721,6.110296726226807,136.9329833984375
6lKRMylSZMtA7EqPl0pcdI,0.29470768570899963,0.00843021646142006,0.15742923319339752,0.04272337257862091,0.011808828450739384,0.06608697772026062,0.3703020513057709,0.004538565408438444,0.043973058462142944,0.9235003590583801,0.07650002092123032,0.8665951490402222,0.13340461254119873,0.28869327902793884,0.7113067507743835,0.9116378426551819,0.08836214244365692,0.8331209421157837,0.1668791025876999,0.11285191774368286,0.8871480822563171,6.443608283996582,5.971675872802734,5.765652656555176,5.927915573120117,123.78309631347656
6IbnUaczZBT34DhaD6S18F,0.07765793055295944,0.0062648155726492405,0.500024139881134,0.002941807033494115,0.014981596730649471,0.009684108197689056,0.3046761155128479,0.004752743057906628,0.0790167972445488,0.9994283318519592,0.0005719651817344129,0.8633265495300293,0.13667364418506622,0.00897854845970869,0.9910213947296143,0.9418509006500244,0.058149129152297974,0.9896025061607361,0.010397632606327534,0.13346633315086365,0.866533637046814,6.885903358459473,5.902498245239258,5.514501094818115,6.198098182678223,156.55702209472656
4Zcz6saEkOII3PlXd9gN3o,0.20986703038215637,0.007315423339605331,0.09648758172988892,0.04853857308626175,0.015350996516644955,0.05102202296257019,0.5189148187637329,0.01656184159219265,0.035941801965236664,0.8613085150718689,0.13869154453277588,0.8227735161781311,0.17722636461257935,0.3143858313560486,0.6856143474578857,0.9317426085472107,0.06825743615627289,0.7930302619934082,0.20696964859962463,0.023797543719410896,0.9762023687362671,6.588334083557129,6.053116321563721,5.537275791168213,5.709751129150391,122.03170013427734
2sEk5R8ErGIFxbZ7rX6S2S,0.06470762193202972,0.005188996437937021,0.08710493892431259,0.0017761171329766512,0.004564660135656595,0.03101726807653904,0.7709870934486389,0.012468774802982807,0.022184506058692932,0.9995980262756348,0.00040208385325968266,0.8262423872947693,0.173757404088974,0.03186783939599991,0.9681320190429688,0.7649810910224915,0.2350189983844757,0.9315642714500427,0.06843581795692444,0.04674386978149414,0.9532560706138611,6.517384052276611,6.423188209533691,5.76662015914917,6.336787223815918,140.01644897460938
4sNwdacKyi2S26WrRtNama,0.07051989436149597,0.01032976619899273,0.2517736256122589,0.0010854291031137109,0.010847315192222595,0.007912957109510899,0.5830011963844299,0.03174566105008125,0.03278420493006706,0.9995601177215576,0.0004397762240841985,0.7880755066871643,0.21192443370819092,0.00016993375902529806,0.9998301863670349,0.8475661873817444,0.15243369340896606,0.9918070435523987,0.008193201385438442,0.010100346058607101,0.9898996353149414,7.303867340087891,6.0151567459106445,5.221770286560059,6.997849464416504,126.97348022460938
4sOX1nhpKwFWPvoMMExi3q,0.08937538415193558,0.041396137326955795,0.040455061942338943,0.03845693916082382,0.013977939262986183,0.03140076994895935,0.7129788994789124,0.0037697276566177607,0.028189362958073616,0.9760929942131042,0.02390694059431553,0.7610574960708618,0.23894266784191132,0.23645325005054474,0.763546884059906,0.8362342715263367,0.16376584768295288,0.7469236850738525,0.2530762553215027,0.0026948389131575823,0.9973052740097046,6.320535659790039,6.198719501495361,5.295741081237793,6.0307159423828125,128.3951416015625
5UmLoBLWWRnqGhPfVWRgGd,0.2754589319229126,0.0052145691588521,0.0501522533595562,0.04417368397116661,0.01611202396452427,0.06711413711309433,0.5070934891700745,0.0116133913397789,0.02306758239865303,0.8855876326560974,0.11441260576248169,0.8539202809333801,0.14607937633991241,0.2990279495716095,0.7009719610214233,0.8640736937522888,0.1359259933233261,0.8177415728569031,0.1822584569454193,0.0795377865433693,0.9204622507095337,6.150811672210693,6.48340368270874,5.69274377822876,5.66272497177124,129.93270874023438
5B8N5rPOmTVVGpuBMK2Vby,0.05080221965909004,0.00547204352915287,0.3258998394012451,0.025249460712075233,0.009702983312308788,0.05312289670109749,0.4844876825809479,0.030626537278294563,0.014636275358498096,0.9420707821846008,0.057929206639528275,0.8881401419639587,0.11186002194881439,0.37800610065460205,0.6219935417175293,0.6113818883895874,0.388618141412735,0.6613865494728088,0.3386135995388031,0.08436445146799088,0.9156355857849121,5.596197605133057,5.376953601837158,4.780262470245361,4.66684103012085,120.16360473632812
6o8ELmIvIxADEZnRWmDjjM,0.07462158799171448,0.0038065314292907715,0.15211133658885956,0.02433798648416996,0.015234042890369892,0.04091611132025719,0.6496236324310303,0.03249482810497284,0.00685392040759325,0.9894163012504578,0.010583839379251003,0.8777288794517517,0.12227120995521545,0.22000643610954285,0.7799935340881348,0.7602550387382507,0.23974467813968658,0.5775555968284607,0.42244428396224976,0.03281961753964424,0.9671802520751953,5.817652225494385,6.233221054077148,5.347756385803223,5.037961006164551,112.02025604248047
1omZLqRQ0nyXJwwYw94GPb,0.05140988901257515,0.21225321292877197,0.22511713206768036,0.006742071360349655,0.002980567514896393,0.07264821976423264,0.29762378334999084,0.013006731867790222,0.11821842193603516,0.9764542579650879,0.02354581467807293,0.7584537267684937,0.24154610931873322,0.08869778364896774,0.9113022685050964,0.24762125313282013,0.7523787617683411,0.8936307430267334,0.10636933892965317,0.1547250598669052,0.8452751636505127,6.007322788238525,5.997387886047363,5.380165100097656,5.48150634765625,128.33197021484375
55V7uCWhmnqsVcs8B9TH5V,0.007897177711129189,0.014708281494677067,0.9023073315620422,7.868626198614947e-06,0.00011723275383701548,0.01182461529970169,0.04644951969385147,0.0010785472113639116,0.015609216876327991,0.9978392720222473,0.0021608334500342607,0.7897395491600037,0.21026045083999634,0.00011129243648611009,0.9998887777328491,0.1309123933315277,0.8690873980522156,0.999973714351654,2.6445557523402385e-05,0.6974800229072571,0.3025200068950653,6.2745819091796875,5.386098861694336,5.379256248474121,6.168493747711182,127.85446166992188
2ieWEolVlmDArvTcW4hjJ3,0.024265404790639877,0.027006687596440315,0.6177457571029663,0.002520176349207759,0.0006013603997416794,0.05667053908109665,0.1735580861568451,0.0012028252240270376,0.09642930328845978,0.9347347021102905,0.06526530534029007,0.7644816040992737,0.23551814258098602,0.012700909748673439,0.9872992634773254,0.08494522422552109,0.9150546193122864,0.9483768343925476,0.05162329226732254,0.09432484209537506,0.9056752920150757,5.8324761390686035,6.159426689147949,5.828967571258545,5.8671064376831055,125.9509048461914
1tRD1LXAAy2VPKwdVoHIMI,0.03210948035120964,0.08124946802854538,0.6926390528678894,0.003993771504610777,0.009567702189087868,0.020561030134558678,0.11886583268642426,0.014844443649053574,0.02616911754012108,0.951368510723114,0.04863150790333748,0.8819188475608826,0.11808117479085922,0.07289636880159378,0.9271037578582764,0.154563307762146,0.8454367518424988,0.9051143527030945,0.09488576650619507,0.3223775029182434,0.6776222586631775,5.824537754058838,5.3340253829956055,5.717687606811523,6.068103313446045,123.9698486328125
6nuqo0u5Ex03YMRL0SdyLs,0.014488711953163147,0.04165678843855858,0.7781789898872375,0.0025146296247839928,0.004662223160266876,0.012089278548955917,0.12843385338783264,0.003786260262131691,0.014189128763973713,0.9993252754211426,0.0006747055449523032,0.8145790696144104,0.18542104959487915,0.019040411338210106,0.9809597134590149,0.2642655670642853,0.7357344627380371,0.9837100505828857,0.016290029510855675,0.35186848044395447,0.6481315493583679,6.1145477294921875,5.909830570220947,5.857760906219482,6.34639310836792,124.90570068359375
523wSycZHBw4R3qjCZl9qM,0.05014240741729736,0.01125805638730526,0.814957320690155,0.00264088180847466,0.00029288919176906347,0.017678389325737953,0.07653173804283142,0.008730961941182613,0.01776733435690403,0.9645918607711792,0.03540815785527229,0.7563199400901794,0.24368004500865936,0.020489173009991646,0.9795107841491699,0.21942439675331116,0.7805754542350769,0.9667314887046814,0.033268582075834274,0.7366917133331299,0.2633082866668701,5.695181369781494,5.0018630027771,5.174781322479248,5.6793084144592285,126.02009582519531
53pGJNOTQbGhDSgETn8h1K,0.017381558194756508,0.16005869209766388,0.6811448335647583,7.45166908018291e-05,0.004002956673502922,0.06193194165825844,0.030791914090514183,0.02993497997522354,0.014678561128675938,0.9853063821792603,0.01469364482909441,0.8434203863143921,0.15657944977283478,0.0006349522154778242,0.9993650913238525,0.07509033381938934,0.9249094128608704,0.9964020848274231,0.0035979836247861385,0.5533052682876587,0.44669458270072937,6.459408760070801,5.823765754699707,6.17487907409668,6.341153144836426,123.96524810791016
2ex7NzlDpZ7uIqVd6sQIX4,0.005346489138901234,0.034519173204898834,0.7611640095710754,6.219093484105542e-05,0.0001878816692624241,0.02042875997722149,0.15558266639709473,0.0028164584655314684,0.019892366603016853,1.0,2.49401033158847e-08,0.8689829111099243,0.13101713359355927,1.738468000667126e-07,0.9999999403953552,0.0012267371639609337,0.9987733364105225,0.9999983310699463,2.1498665319086285e-06,0.1114836111664772,0.888516366481781,6.083771705627441,6.575222492218018,6.0405378341674805,5.724699020385742,123.97747802734375
1unXvavR2QS22taOlliPeI,0.035016901791095734,0.07704383879899979,0.5573867559432983,0.0005605959449894726,0.0016270220512524247,0.1154090091586113,0.15963883697986603,0.006868049036711454,0.046448949724435806,0.9846982359886169,0.01530173234641552,0.767969012260437,0.23203100264072418,2.7514899556990713e-05,0.9999726414680481,0.04833781346678734,0.9516621828079224,0.996448278427124,0.0035518414806574583,0.3408738672733307,0.6591260433197021,5.977607727050781,5.930370330810547,6.024125576019287,5.762955665588379,123.5594711303711
1rBhIXBniWaeGINWQORMTH,0.0960068330168724,0.07316219061613083,0.5554537773132324,0.03217788413167,0.014131222851574421,0.03315671533346176,0.15775838494300842,0.015235806815326214,0.022917207330465317,0.8505458831787109,0.1494542509317398,0.851032018661499,0.14896781742572784,0.30017536878585815,0.6998243927955627,0.36857539415359497,0.6314246654510498,0.7197390198707581,0.2802610993385315,0.23373845219612122,0.7662614583969116,5.829387664794922,5.522599697113037,5.4149932861328125,5.95747184753418,123.91657257080078
62bjfb5YMLvZU44vfjJVxp,0.03500138595700264,0.03133055940270424,0.49012044072151184,0.00029425323009490967,0.0016883648931980133,0.03281048685312271,0.11019926518201828,0.16782420873641968,0.1307309865951538,0.9780845046043396,0.02191556990146637,0.603348433971405,0.3966515362262726,2.4989831217681058e-05,0.9999754428863525,0.030501779168844223,0.9694985747337341,0.997458279132843,0.002541945083066821,0.026067059487104416,0.9739328622817993,6.23303747177124,6.226078510284424,5.084377765655518,6.696475028991699,125.93338012695312
5W2VrcCwfGzgonMGqPilpL,0.11521918326616287,0.06064576655626297,0.38601410388946533,0.0003247669665142894,0.0071547930128872395,0.036870669573545456,0.27526065707206726,0.03416778892278671,0.08434237539768219,0.9998900294303894,0.00011011819879058748,0.5516749620437622,0.4483250379562378,0.00030749867437407374,0.9996926784515381,0.0543782003223896,0.9456217885017395,0.995387852191925,0.004612278193235397,0.1400342434644699,0.8599658608436584,6.148454666137695,6.236161708831787,5.38763427734375,6.464980125427246,128.01812744140625
0w7JPlp7eEQI2EKW3ayXrv,0.018522212281823158,0.20989246666431427,0.4098535478115082,0.0006092747789807618,0.0028753799851983786,0.04776882007718086,0.20713044703006744,0.03519044071435928,0.0681573674082756,0.9999979138374329,2.21884397433314e-06,0.7119148373603821,0.2880849242210388,2.622618012537714e-06,0.9999975562095642,0.08361182361841202,0.9163879156112671,0.9999391436576843,6.11174400546588e-05,0.0298775564879179,0.9701225757598877,6.171015739440918,5.905663967132568,5.681509017944336,6.583075523376465,124.93318939208984
7jURkEKDVEm9sHueqUX0ko,0.025833899155259132,0.03808605298399925,0.6974799633026123,0.00020910815510433167,0.001377064036205411,0.02941020019352436,0.15308508276939392,0.02988353557884693,0.024635136127471924,0.9999524354934692,4.7740388254169375e-05,0.7298763990402222,0.27012354135513306,0.00012012747902190313,0.9998801350593567,0.06702754646539688,0.9329723119735718,0.9997382760047913,0.0002619814476929605,0.35051459074020386,0.6494853496551514,6.377803802490234,5.269870758056641,4.997844696044922,6.459011554718018,125.94446563720703
3WBeUXMYcRePMS2DwaNwUD,0.03752387687563896,0.11775478720664978,0.23544782400131226,0.0020550594199448824,0.002700770040974021,0.09930971264839172,0.35517799854278564,0.037064798176288605,0.11296519637107849,0.9999669194221497,3.3241645724046975e-05,0.6786169409751892,0.3213830590248108,6.975963628974569e-07,0.9999994039535522,0.019096452742815018,0.9809038639068604,0.9999074339866638,9.280264930566773e-05,0.09766540676355362,0.9023345112800598,6.201749324798584,6.437259674072266,4.580057621002197,6.507100582122803,128.00332641601562
1YWLrDcr0yl0GfeDvuGX1z,0.05965877324342728,0.04990128427743912,0.750063419342041,5.418120417743921e-05,0.0003105885989498347,0.03800990432500839,0.06606809049844742,0.01009482890367508,0.025839079171419144,0.9830814003944397,0.016918707638978958,0.6258282661437988,0.374171644449234,0.0009908390929922462,0.9990092515945435,0.06676740199327469,0.9332324862480164,0.9919323325157166,0.008067626506090164,0.6023083925247192,0.3976915776729584,6.222660064697266,5.143115043640137,5.053400039672852,6.5966668128967285,124.96318817138672
3lsiqFV6SKhBgzQCpuM1JR,0.009131615981459618,0.04975757747888565,0.15251143276691437,0.0010772988898679614,0.00896415300667286,0.0840168446302414,0.5957107543945312,0.01821855455636978,0.08061185479164124,0.9999641180038452,3.586963430279866e-05,0.8207526803016663,0.17924705147743225,0.003106038784608245,0.9968940019607544,0.12525607645511627,0.8747439384460449,0.9382268190383911,0.061773303896188736,0.01817469857633114,0.9818254709243774,6.022027492523193,6.690539360046387,5.341231822967529,6.205561637878418,128.00674438476562
5vASuVQkngtFoCOczem52V,0.1569182127714157,0.03243986889719963,0.47166410088539124,0.010813208296895027,0.0022179086226969957,0.05537790805101395,0.1913347691297531,0.031207885593175888,0.0480261892080307,0.8909180760383606,0.10908196866512299,0.6219425797462463,0.3780575394630432,0.1055522933602333,0.8944476246833801,0.3216431140899658,0.678356945514679,0.8603625297546387,0.13963750004768372,0.2505491375923157,0.7494509816169739,5.961600303649902,5.445293426513672,5.124804496765137,5.969881534576416,129.65904235839844
7dq34q4YyMOOoCeGNieHv9,0.05141469091176987,0.0918130874633789,0.565607488155365,0.0037254742346704006,0.01841883733868599,0.080783411860466,0.10302221029996872,0.050400275737047195,0.034814536571502686,0.9733631014823914,0.02663678117096424,0.7803173065185547,0.21968264877796173,0.012949462980031967,0.9870507121086121,0.13299120962619781,0.8670086860656738,0.955839216709137,0.0441608726978302,0.3851613700389862,0.614838719367981,6.0086445808410645,5.759151458740234,5.47083044052124,5.951758861541748,124.14738464355469
5fiKIc9nFfSt1FsBHrSvWZ,0.03055235743522644,0.004659733735024929,0.5854478478431702,0.0006952500552870333,0.002512063132598996,0.03000592812895775,0.05302252992987633,0.28476449847221375,0.00833974964916706,0.9820562601089478,0.017943764105439186,0.6934143304824829,0.3065856695175171,0.009292085655033588,0.99070805311203,0.13583259284496307,0.864167332649231,0.9590938091278076,0.04090644419193268,0.20158018171787262,0.7984200119972229,6.115993499755859,5.193870544433594,4.6568427085876465,5.992763519287109,129.9708251953125
0mvbSAjTbLc6ExAaDh5vlM,0.3048819601535797,0.03918340057134628,0.07699795067310333,0.11792203783988953,0.03515058755874634,0.08160188794136047,0.19054636359214783,0.07546330243349075,0.07825249433517456,0.6486722826957703,0.3513278365135193,0.2826254069805145,0.7173747420310974,0.49230700731277466,0.5076930522918701,0.33131086826324463,0.6686890125274658,0.09659948945045471,0.9034003615379333,0.11916806548833847,0.880832314491272,4.573978424072266,4.6122941970825195,4.416253566741943,4.277200698852539,85.00257110595703
0P6Q6GTosgQk3iSexNGHJS,0.5402730107307434,0.0058192103169858456,0.0174219012260437,0.17905505001544952,0.002921162871643901,0.024635886773467064,0.16161952912807465,0.010362047702074051,0.05789217725396156,0.689794659614563,0.3102053701877594,0.3719991147518158,0.6280009746551514,0.9546787142753601,0.04532131552696228,0.6070473194122314,0.392952561378479,0.19129635393619537,0.8087034821510315,0.19448140263557434,0.8055184483528137,4.886343002319336,4.659681797027588,4.513692855834961,4.595646858215332,132.03204345703125
0gjf55z02NUzGV3SzDokTn,0.5690745711326599,0.004723638761788607,0.2744215726852417,0.007982606999576092,0.000928469467908144,0.012246902100741863,0.08288325369358063,0.007007181644439697,0.04073185473680496,0.9739843010902405,0.026015814393758774,0.45455318689346313,0.5454465746879578,0.18506702780723572,0.8149330615997314,0.7782334089279175,0.22176671028137207,0.929817795753479,0.07018221914768219,0.2620689570903778,0.7379312515258789,5.825303077697754,5.617214679718018,5.447580337524414,5.914480209350586,150.11627197265625
7BE4sJl4U5kPpphtYCq086,0.2411879152059555,0.04486510157585144,0.3098055124282837,0.0030048389453440905,0.02321782521903515,0.004710278939455748,0.17889179289340973,0.15157459676265717,0.04274212196469307,0.9968392252922058,0.003160635242238641,0.6329696178436279,0.367030531167984,0.0034550123382359743,0.9965446591377258,0.9079179763793945,0.09208209067583084,0.9740515351295471,0.025948328897356987,0.14367151260375977,0.856328547000885,7.3953166007995605,5.2274370193481445,4.628114223480225,6.388049125671387,147.0679168701172
6Q91XsqLpcBOK71BsCNl3U,0.6493220329284668,0.0147697813808918,0.05511275306344032,0.04527080059051514,0.008968096226453781,0.058038029819726944,0.11938279122114182,0.019927209243178368,0.029208596795797348,0.8939592838287354,0.10604065656661987,0.3525644838809967,0.6474354267120361,0.7062955498695374,0.2937045693397522,0.7012565732002258,0.29874342679977417,0.3333317041397095,0.6666682958602905,0.2148289531469345,0.785171389579773,4.89721155166626,4.664868354797363,4.685446739196777,4.660068511962891,144.59866333007812
3ammZjwN6FtKFcnsoZn7de,0.36674368381500244,0.025743253529071808,0.1728370040655136,0.014681301079690456,0.021596798673272133,0.03163103759288788,0.2926023304462433,0.03677280992269516,0.03739159554243088,0.9111746549606323,0.08882533013820648,0.4877060055732727,0.5122939944267273,0.25965142250061035,0.740348756313324,0.4604835510253906,0.5395163893699646,0.3802064061164856,0.6197935938835144,0.07617336511611938,0.9238266944885254,5.124899387359619,4.9862470626831055,4.60817289352417,4.93156099319458,115.81341552734375
4LxQxGzZj0niHD8bbZCEYn,0.17542971670627594,0.014033738523721695,0.09919631481170654,0.07172328978776932,0.026047540828585625,0.09481578320264816,0.25540509819984436,0.16748535633087158,0.0958632156252861,0.8031526207923889,0.19684751331806183,0.5204260349273682,0.4795739948749542,0.26273491978645325,0.7372650504112244,0.7729760408401489,0.22702419757843018,0.5318124890327454,0.4681876003742218,0.1771460622549057,0.8228538632392883,5.179843425750732,5.18900728225708,4.972193241119385,5.232977867126465,81.99099731445312
5Skz1KxEEg75vy1SYmSiK1,0.42361849546432495,0.01461598090827465,0.0731339156627655,0.081492118537426,0.020293008536100388,0.06312526762485504,0.2881603538990021,0.01474213320761919,0.02081867679953575,0.8228737115859985,0.17712628841400146,0.5632407665252686,0.43675923347473145,0.7968730330467224,0.2031271904706955,0.7549387216567993,0.24506141245365143,0.264607697725296,0.735392153263092,0.07982976734638214,0.9201703071594238,4.976782321929932,5.068008899688721,4.6545257568359375,4.432139873504639,89.98746490478516
6gEl8SZNT90jyNCXVhZ3BO,0.6609379649162292,0.002783950651064515,0.05968679487705231,0.05855196714401245,0.007093087770044804,0.02451133355498314,0.11103761941194534,0.004646087996661663,0.07075133919715881,0.7758005857467651,0.22419947385787964,0.40389126539230347,0.596108615398407,0.6146466135978699,0.38535356521606445,0.6577467322349548,0.34225332736968994,0.3260842561721802,0.6739157438278198,0.06862221658229828,0.9313774108886719,5.235628128051758,4.910584449768066,4.763952732086182,4.976726055145264,132.0107421875
58VHR19NNpBFrrL2PP06Wv,0.6518782377243042,0.010187323205173016,0.04977709800004959,0.11189024895429611,0.005562799517065287,0.06403370946645737,0.027966970577836037,0.0023998324759304523,0.07630392163991928,0.18596620857715607,0.8140336871147156,0.3826158344745636,0.6173843145370483,0.8906136751174927,0.10938643664121628,0.3063219487667084,0.6936782002449036,0.15107493102550507,0.8489250540733337,0.30863386392593384,0.6913661956787109,4.375417709350586,4.091475009918213,4.338932991027832,4.362549304962158,107.28234100341797
5zFglKYiknIxks8geR8rcL,0.10063349455595016,0.006686299107968807,0.034092772752046585,0.007002528756856918,0.02980129048228264,0.020623739808797836,0.2680947184562683,0.5112812519073486,0.02178397960960865,0.9487065672874451,0.05129339173436165,0.6711578369140625,0.3288421034812927,0.04123449698090553,0.95876544713974,0.5956264734268188,0.40437352657318115,0.719534158706665,0.28046557307243347,0.01804955117404461,0.9819504618644714,5.5117011070251465,5.633876323699951,4.961283206939697,5.632274150848389,98.91145324707031
5b3XJ1pjrHO5JtY2PcTjnI,0.03621218353509903,0.001658332534134388,0.26813608407974243,0.0005917303496971726,0.0007924828096292913,0.02038652077317238,0.007251799572259188,0.6510849595069885,0.01388589572161436,0.8550928235054016,0.14490719139575958,0.4710598289966583,0.5289402008056641,0.02214314602315426,0.9778568744659424,0.32855963706970215,0.6714403629302979,0.8761854767799377,0.12381475418806076,0.18303953111171722,0.8169605135917664,4.973353862762451,4.884262561798096,4.027419090270996,5.028889179229736,81.09064483642578
4vEE3lzBLXBN3RxyGtZNir,0.048346132040023804,0.0018821434350684285,0.03518672287464142,0.0006877254927530885,0.0002730811247602105,0.010820209048688412,0.002064549596980214,0.8958404660224915,0.004898838233202696,0.9911350011825562,0.00886501558125019,0.6911345720291138,0.3088653087615967,0.0018343604169785976,0.9981659054756165,0.5401129126548767,0.4598871171474457,0.9866347312927246,0.013365300372242928,0.05313130468130112,0.9468689560890198,5.234160423278809,5.166563034057617,4.255608081817627,5.869757175445557,161.5736846923828
18dlAFKaajLjRgBNZZ4ThU,0.03428070992231369,0.010886759497225285,0.12755931913852692,0.00017746115918271244,0.015791157260537148,0.007964919321238995,0.532565712928772,0.2638116478919983,0.006962465588003397,0.9998103976249695,0.00018963872571475804,0.931257963180542,0.06874208897352219,0.00013065732491668314,0.9998694658279419,0.7730764746665955,0.22692331671714783,0.9811809659004211,0.01881903037428856,0.005959962960332632,0.9940399527549744,6.410548210144043,5.68660306930542,4.777942657470703,5.914225101470947,123.97976684570312
2uUFVnVFERNxUdcmvEs7LB,0.021395213901996613,0.0018679606728255749,0.057885054498910904,0.0036099134013056755,0.0027735389303416014,0.05067581310868263,0.005196007899940014,0.8370841145515442,0.019512388855218887,0.9089365005493164,0.09106352180242538,0.7173631191253662,0.2826369106769562,0.014348459430038929,0.9856516718864441,0.6161515712738037,0.38384830951690674,0.9027469754219055,0.0972529873251915,0.10906296223402023,0.8909371495246887,4.7312164306640625,5.224303722381592,4.363129615783691,4.984920978546143,155.13841247558594
5zQUndaoBtXJ10SsApqtvw,0.05512600019574165,0.005002875346690416,0.12076177448034286,0.004281715955585241,0.06262418627738953,0.017105979844927788,0.4231225252151489,0.2879953682422638,0.023979445919394493,0.9564244747161865,0.043575529009103775,0.9302578568458557,0.06974200159311295,0.0050406549125909805,0.9949598908424377,0.7774637937545776,0.22253631055355072,0.8756954669952393,0.12430433183908463,0.039329756051301956,0.9606702327728271,6.813021183013916,5.757332801818848,4.486039638519287,5.973506450653076,109.92686462402344
3JXF3LsUjyDIHjuwhXxdjo,0.0115209324285388,0.004949186462908983,0.038797322660684586,0.002198166912421584,0.03747766092419624,0.029308266937732697,0.12967132031917572,0.7296281456947327,0.01644917018711567,0.9490827322006226,0.050917383283376694,0.8113963603973389,0.188603475689888,0.0005823088577017188,0.9994178414344788,0.4717778265476227,0.5282222032546997,0.8780568838119507,0.12194319814443588,0.03508426994085312,0.9649156928062439,5.903013706207275,5.605782508850098,4.480074882507324,5.775247097015381,123.87442016601562
7FdmHr87G79PDRGy9SPBkZ,0.004681622143834829,0.0005955734523013234,0.014608530327677727,1.347843590338016e-05,0.00035789201501756907,0.0008468303713016212,0.0008906226721592247,0.9771170020103455,0.0008882622933015227,0.9934239387512207,0.006576113868504763,0.7779171466827393,0.22208283841609955,1.6356514606741257e-05,0.9999837875366211,0.36947062611579895,0.630529522895813,0.9763261675834656,0.02367349900305271,0.006541830021888018,0.9934584498405457,5.736327171325684,5.714696884155273,4.017892837524414,6.17797327041626,129.9882049560547
4Oun2ylbjFKMPTiaSbbCih,0.0020837336778640747,0.00012101975153200328,0.0016775754047557712,3.0283138130471343e-06,0.00012064145266776904,0.00018260737124364823,0.0003467275237198919,0.9953423142433167,0.00012265863188076764,0.999930202960968,6.996622687438503e-05,0.5570922493934631,0.4429078698158264,8.765921666054055e-05,0.999912679195404,0.3439387381076813,0.6560609340667725,0.8242692947387695,0.1757306605577469,0.000359800411388278,0.9996403455734253,4.808189392089844,5.273714065551758,4.538417339324951,5.772636890411377,132.9614715576172
3omy6pShgsEZITVrtiGyqF,0.006228604353964329,0.0027088194619864225,0.7602603435516357,0.003139050677418709,0.0010297599947080016,0.18132244050502777,0.03314833715558052,0.0021335305646061897,0.010028957389295101,0.9710904955863953,0.028909606859087944,0.7212132811546326,0.27878662943840027,0.06669993698596954,0.9333003759384155,0.11850910633802414,0.8814906477928162,0.9335439205169678,0.0664561316370964,0.7749555110931396,0.22504454851150513,4.598719596862793,4.329360008239746,4.759554862976074,4.201408863067627,121.02645874023438
7sQWjfzieAdLVx5Wv7Nlmm,0.05334613844752312,0.008022320456802845,0.36706843972206116,0.043174874037504196,0.006443859077990055,0.2292112112045288,0.23046459257602692,0.04251023381948471,0.019758110865950584,0.8930121660232544,0.10698821395635605,0.8698563575744629,0.13014349341392517,0.20641840994358063,0.7935816645622253,0.6451109051704407,0.3548889458179474,0.7878952622413635,0.2121049463748932,0.3805003762245178,0.6194995045661926,5.896356582641602,5.766234874725342,5.352563381195068,5.476910591125488,107.66128540039062
5Ix1TtnsaCMcDjn3WAKYQE,0.22593560814857483,0.008735188283026218,0.21902866661548615,0.02778537943959236,0.016658274456858635,0.2556057572364807,0.1996990144252777,0.007026852108538151,0.03952546417713165,0.9998161792755127,0.0001839850883698091,0.6254081130027771,0.3745920956134796,0.034155648201704025,0.9658445119857788,0.269239217042923,0.7307606935501099,0.9126984477043152,0.08730173856019974,0.053507328033447266,0.9464924931526184,5.821013450622559,6.079446792602539,5.894944667816162,5.899270534515381,123.98808288574219
6R09aKvEmPHqgrCe9Uw3JA,0.00967955868691206,0.00387598667293787,0.8513345718383789,0.0004133857728447765,0.0004211385385133326,0.10150960832834244,0.007320492994040251,0.018397679552435875,0.007047715131193399,0.9981706142425537,0.0018296655034646392,0.7705756425857544,0.22942432761192322,0.0005884370184503496,0.999411940574646,0.22393517196178436,0.7760648727416992,0.999445378780365,0.0005548829212784767,0.5774556398391724,0.4225442409515381,5.813146591186523,5.53023099899292,5.795073509216309,5.698990821838379,117.73094177246094
5ZQwOxOzaTVYZNs15YtvMu,0.02050921320915222,0.042213428765535355,0.5984151363372803,0.0015176713932305574,0.0013588073197752237,0.2574223577976227,0.040206991136074066,0.017829425632953644,0.02052692137658596,0.8902300596237183,0.10976997017860413,0.8656779527664185,0.1343216896057129,0.01479826308786869,0.9852016568183899,0.1905113309621811,0.8094887137413025,0.9472402334213257,0.052760060876607895,0.710746169090271,0.2892538905143738,5.483194828033447,5.50593376159668,5.533226490020752,5.361956596374512,122.9469223022461
0lIgvrqyOkOgqyXNFu6GyE,0.019805677235126495,0.0014889449812471867,0.8113539218902588,0.0006678481586277485,0.003477949881926179,0.11941009014844894,0.010502893477678299,0.0040383790619671345,0.029254168272018433,0.8390902280807495,0.1609099805355072,0.7221986055374146,0.2778012752532959,0.006724836770445108,0.9932755827903748,0.019075555726885796,0.9809246063232422,0.9717689156532288,0.028231360018253326,0.7711324691772461,0.22886767983436584,4.95319128036499,4.5763092041015625,4.9141130447387695,4.902503967285156,121.97870635986328
6AXDGcFeNcBvwsk4NRIASB,0.02627691812813282,0.007909189909696579,0.5152549147605896,0.002988849300891161,0.007534929551184177,0.2855094075202942,0.03287636861205101,0.10419250279664993,0.0174569021910429,0.8618048429489136,0.13819532096385956,0.6878699660301208,0.31213000416755676,0.0378044992685318,0.9621953964233398,0.3767872154712677,0.6232128739356995,0.9688268899917603,0.03117290697991848,0.7031022906303406,0.2968977093696594,5.265597820281982,5.306827545166016,5.202088832855225,5.337165832519531,119.04713439941406
0nxiBat4Bpj3CPATVhHzTt,0.01929563470184803,0.0020023139659315348,0.8881435394287109,0.0007409537793137133,0.00041966006392613053,0.07100570201873779,0.011642533354461193,0.0018802303820848465,0.004869371186941862,0.9976106286048889,0.0023896468337625265,0.8742783069610596,0.12572160363197327,0.009744802489876747,0.9902553558349609,0.12273617833852768,0.8772640228271484,0.9938074350357056,0.006192821078002453,0.7683292627334595,0.23167066276073456,5.518097400665283,5.516798973083496,5.606259346008301,5.5927205085754395,123.00032806396484
0an9zVn661Xhu94USWLmIj,0.029983609914779663,0.002775541041046381,0.8467124700546265,0.0025042137131094933,0.0018537058494985104,0.0769108384847641,0.009848348796367645,0.01778375171124935,0.01162764523178339,0.9095402359962463,0.09046005457639694,0.6705926060676575,0.32940733432769775,0.023975573480129242,0.9760248064994812,0.051908884197473526,0.9480913281440735,0.8773075342178345,0.1226925253868103,0.8908830881118774,0.10911697894334793,4.938337802886963,4.872761249542236,5.168565273284912,4.528518199920654,118.11808013916016
1MdbDBwEEecnlLiyWChJFh,0.0937422439455986,0.024550069123506546,0.1953575611114502,0.023930255323648453,0.006976635195314884,0.5699373483657837,0.035707373172044754,0.022155839949846268,0.0276425089687109,0.7244861721992493,0.27551358938217163,0.5282807350158691,0.47171929478645325,0.22993527352809906,0.7700647711753845,0.5397753119468689,0.4602247476577759,0.7261890172958374,0.273811012506485,0.8084251284599304,0.191574826836586,5.375576019287109,5.0731000900268555,5.084369659423828,5.231527328491211,150.6151885986328
6vSq5q5DCs1IvwKIq53hj2,0.23017719388008118,0.011738458648324013,0.26082485914230347,0.004527092445641756,0.02251804806292057,0.10341847687959671,0.2526813745498657,0.10152436047792435,0.012590094469487667,0.9904717803001404,0.009528503753244877,0.8723258376121521,0.1276741772890091,0.005798863247036934,0.9942013621330261,0.8354393243789673,0.16456060111522675,0.9595378637313843,0.04046222195029259,0.40390318632125854,0.5960967540740967,6.34827184677124,6.560757637023926,5.855711936950684,5.611206531524658,117.87307739257812
2cOCunrzyHVpTrTwSIKRbt,0.16345509886741638,0.0120040038600564,0.4326026439666748,0.020289598032832146,0.021200677379965782,0.08116602897644043,0.21892547607421875,0.02100718952715397,0.029349282383918762,0.986251175403595,0.013748979195952415,0.5657848715782166,0.4342150390148163,0.11859932541847229,0.8814007043838501,0.7514874935150146,0.2485126405954361,0.8385137915611267,0.1614861786365509,0.39573219418525696,0.6042678356170654,5.820309638977051,5.881241798400879,5.572352409362793,5.757027626037598,135.4554901123047
6pjHmiYX0lAHAdlGQ3L3J9,0.17102783918380737,0.006983273196965456,0.2353438436985016,0.005778658203780651,0.042685847729444504,0.016634617000818253,0.36934709548950195,0.11903931945562363,0.0331595353782177,0.9995505213737488,0.000449558807304129,0.6145697832107544,0.3854302167892456,0.014663711190223694,0.985336422920227,0.8003394603729248,0.1996610164642334,0.8242148160934448,0.17578518390655518,0.07475551962852478,0.9252443909645081,6.316536903381348,6.058934211730957,5.447001934051514,5.928172588348389,100.00825500488281
1vlXU4TwppxOYXd50pQWzJ,0.04120275750756264,0.028304709121584892,0.3548603951931,0.00017396386829204857,0.0013139417860656977,0.029966263100504875,0.38683417439460754,0.15025004744529724,0.0070937625132501125,0.9999997019767761,4.835254117097065e-07,0.9075506329536438,0.09244921803474426,3.858426498482004e-05,0.9999615550041199,0.42986181378364563,0.5701380968093872,0.9990866780281067,0.0009132595150731504,0.3632805347442627,0.6367195248603821,6.883795261383057,5.777435779571533,5.689319610595703,6.3158040046691895,109.98558044433594
6MDijuuArPJv1vbp7K1x3f,0.11062342673540115,0.00369815225712955,0.22563037276268005,0.004133113659918308,0.00736666563898325,0.02572614885866642,0.19438786804676056,0.40677687525749207,0.021657437086105347,0.9956026673316956,0.004397347569465637,0.7643333077430725,0.23566678166389465,0.05883019044995308,0.9411697387695312,0.6640087962150574,0.3359909653663635,0.9285004734992981,0.07149956375360489,0.12593117356300354,0.8740688562393188,6.03126859664917,5.498260974884033,4.928793907165527,5.394566059112549,93.98616027832031
5G1RhMTSAzFSmTkeUbKlBF,0.14883463084697723,0.015780242159962654,0.12935101985931396,0.025463489815592766,0.10827179998159409,0.029049355536699295,0.4394281804561615,0.09170932322740555,0.012111959047615528,0.963492214679718,0.03650791570544243,0.8691208958625793,0.13087907433509827,0.10303463041782379,0.8969651460647583,0.9147672653198242,0.08523271232843399,0.7199759483337402,0.2800237536430359,0.09930674731731415,0.9006930589675903,6.301870822906494,5.435949802398682,5.07353401184082,5.4329047203063965,99.0654525756836
2egGsu9X7zdNJxU9Kftq6l,0.37268373370170593,0.055177655071020126,0.14864352345466614,0.0037047644145786762,0.008851902559399605,0.06530948728322983,0.2943086326122284,0.009562668390572071,0.041757527738809586,0.9446182250976562,0.05538209527730942,0.6451537609100342,0.35484620928764343,0.032922033220529556,0.9670780897140503,0.9031568765640259,0.09684304893016815,0.9536826610565186,0.04631756991147995,0.33679693937301636,0.6632030606269836,6.3636016845703125,5.970241546630859,5.82579231262207,6.136528015136719,128.03211975097656
5KswDKhryIhpETMs48CxbY,0.5052003264427185,0.00900780875235796,0.3756810426712036,0.0007653837092220783,0.0024108176585286856,0.012021158821880817,0.04056470841169357,0.005095315165817738,0.04925350472331047,0.9886059165000916,0.01139398105442524,0.38311684131622314,0.6168831586837769,0.0015361253172159195,0.9984639286994934,0.5732326507568359,0.4267672896385193,0.9949639439582825,0.005035968031734228,0.7686586976051331,0.23134154081344604,6.715296745300293,5.054119110107422,5.4086527824401855,6.0357890129089355,124.52518463134766
15JHH5FBawCL7DmCcUxlUp,0.6477867960929871,0.0361066609621048,0.16629047691822052,0.003142853267490864,0.005262092221528292,0.0753893107175827,0.04528271406888962,0.009837870486080647,0.010901296511292458,0.9989761114120483,0.0010239207185804844,0.6879545450210571,0.31204551458358765,0.051102351397275925,0.9488974809646606,0.978461503982544,0.021538523957133293,0.9944840669631958,0.005516053643077612,0.4691695272922516,0.5308305025100708,6.720142841339111,6.3442230224609375,6.223978042602539,6.006563663482666,114.01879119873047
5noSkaAhiPUZZpKqgFWiLi,0.034385912120342255,0.00776628777384758,0.6790561676025391,0.0010036425665020943,6.295637285802513e-05,0.17294049263000488,0.03232305496931076,0.05176256597042084,0.020698871463537216,0.923623263835907,0.07637698203325272,0.7659351229667664,0.23406502604484558,0.06321845948696136,0.9367817640304565,0.08593057841062546,0.914069414138794,0.9712961912155151,0.028703931719064713,0.7799739241600037,0.22002610564231873,5.805832386016846,5.475917339324951,5.9573588371276855,5.4374895095825195,123.97333526611328
2bUEsxI6LFcvOI25Q9oSk5,0.02229085937142372,0.0025013224221765995,0.8934839963912964,0.001991876168176532,0.0017262200126424432,0.03508272394537926,0.021273285150527954,0.007654039189219475,0.0139957619830966,0.8657231330871582,0.1342770904302597,0.8265344500541687,0.17346547544002533,0.015095114707946777,0.9849053621292114,0.033175867050886154,0.9668238162994385,0.9232911467552185,0.0767088234424591,0.5028541088104248,0.49714580178260803,5.136471748352051,4.803089141845703,5.211726188659668,4.934811592102051,121.9079818725586
3so70hAlmiYsFhAcbLjIfc,0.012003208510577679,0.0032671676017344,0.9425025582313538,1.627518213354051e-05,3.783009378821589e-05,0.0032621414866298437,0.02760392613708973,0.004909740760922432,0.006397027522325516,0.9999993443489075,6.531303711199143e-07,0.8495934009552002,0.15040670335292816,3.831420940514363e-07,0.9999998211860657,0.06223677098751068,0.937762975692749,0.9999983310699463,1.8494640698918374e-06,0.5886317491531372,0.41136837005615234,6.249817848205566,5.384242534637451,5.773568153381348,6.203274726867676,121.01112365722656
4B7Hi7TY2Bl76SI3tojI5e,0.014536149799823761,0.0029315471183508635,0.96195387840271,2.834235601767432e-05,1.0953301170957275e-05,0.00455698324367404,0.002628221409395337,0.007524830289185047,0.005828889552503824,0.9999821782112122,1.787610017345287e-05,0.8176155686378479,0.1823846399784088,2.452448825351894e-05,0.9999755024909973,0.012207706458866596,0.9877923727035522,0.9999418258666992,5.818443241878413e-05,0.6668909192085266,0.333109050989151,6.009785175323486,5.231589317321777,5.912389278411865,6.131136417388916,123.95545959472656
42dFL1w9kTKqzPriRwv0dd,0.01145597081631422,0.003947414457798004,0.8062533736228943,9.610638517187908e-05,0.00021169600950088352,0.020418835803866386,0.08390749245882034,0.0640130266547203,0.00969596765935421,0.9999997615814209,3.284307865669689e-07,0.8731858730316162,0.126814067363739,1.4813409507041797e-05,0.9999855160713196,0.09033975750207901,0.909660279750824,0.9999488592147827,5.1417460781522095e-05,0.570600152015686,0.4293997287750244,6.015061855316162,4.91405725479126,5.372843265533447,5.6511688232421875,119.98797607421875
0tsy6nz8kxejwfHa2MIj42,0.015363129787147045,0.023204324766993523,0.5509457588195801,8.07627075118944e-05,0.006674636155366898,0.017784448340535164,0.294704407453537,0.08757014572620392,0.0036722866352647543,0.9992245435714722,0.0007754245889373124,0.9200082421302795,0.07999174296855927,0.0005047373124398291,0.9994953870773315,0.24437756836414337,0.7556222081184387,0.9973922967910767,0.0026078152004629374,0.0907626524567604,0.9092373251914978,5.897116184234619,6.024338245391846,5.139713764190674,5.7609076499938965,120.99296569824219
6IgYMKfaqv8VIYYIbsmlpo,0.06041210517287254,0.04173284024000168,0.24148239195346832,0.0007638857350684702,0.001258849399164319,0.05288945138454437,0.14064235985279083,0.39205220341682434,0.06876585632562637,0.9998527765274048,0.00014729335089214146,0.8508362174034119,0.14916378259658813,0.0002328557602595538,0.9997673630714417,0.2295512557029724,0.7704486846923828,0.994019091129303,0.005980952177196741,0.09010697901248932,0.9098932147026062,5.845253944396973,6.029385566711426,5.928573131561279,5.847860813140869,126.9667739868164
3AtruWFmRKKwLi9o8k9Fzw,0.052975285798311234,0.004925106652081013,0.8119829893112183,8.762274228502065e-05,0.00011193125828867778,0.011493154801428318,0.042872149497270584,0.06015246361494064,0.015399275347590446,0.9272021651268005,0.07279795408248901,0.7865697741508484,0.21342997252941132,0.0022589871659874916,0.9977415204048157,0.2891564667224884,0.7108436226844788,0.9517502188682556,0.04824994504451752,0.6414148807525635,0.3585851192474365,5.876395225524902,5.339695453643799,5.541784286499023,5.771421432495117,122.99224090576172
1tZMhhllqKYTMku8O2FTgS,0.027915462851524353,0.018201075494289398,0.7067366242408752,0.007735333405435085,0.006801133509725332,0.031178567558526993,0.1659395545721054,0.016540048643946648,0.018952108919620514,0.9149346351623535,0.0850653350353241,0.8774352669715881,0.12256476283073425,0.09167184680700302,0.9083281755447388,0.3231790065765381,0.6768209338188171,0.8371440768241882,0.16285592317581177,0.5329219102859497,0.4670781195163727,5.617450714111328,6.066288948059082,5.7708024978637695,5.6920881271362305,123.47064208984375
6DUFkRTwrQbHdl2l7Xxkz1,0.010483321733772755,0.002338096033781767,0.8063462972640991,2.904992288677022e-05,2.8366070182528347e-05,0.004282079637050629,0.045878466218709946,0.1257636994123459,0.004850628785789013,0.9999998807907104,1.651971786031936e-07,0.8503048419952393,0.14969509840011597,3.811430133282556e-06,0.9999964833259583,0.01820029877126217,0.9817997813224792,0.9996695518493652,0.00033061220892705023,0.45947426557540894,0.5405257940292358,5.843334674835205,5.133093357086182,5.28831672668457,5.578321933746338,120.00556945800781
1MaI6NwdrqnE3mRzOYTpoo,0.04754200577735901,0.0010810777312144637,0.3492092192173004,0.00013132441381458193,0.0013532144948840141,0.001250497647561133,0.008693552576005459,0.5549746155738831,0.03576438128948212,0.9812034964561462,0.01879686675965786,0.5326068997383118,0.4673931300640106,0.0009163148351944983,0.9990837574005127,0.19919733703136444,0.8008027076721191,0.9825320243835449,0.0174678023904562,0.0455474928021431,0.9544526934623718,5.078985691070557,4.9841766357421875,4.37115478515625,4.969614028930664,110.88261413574219
4ymByZAPRqTlyJASAoJ921,0.02583952620625496,0.0005541269783861935,0.6018369197845459,5.208462243899703e-05,0.0008612059755250812,0.0014743105275556445,0.010403280146420002,0.3532647490501404,0.005713793449103832,0.9849854111671448,0.015014536678791046,0.4218921363353729,0.5781077742576599,0.0006936663994565606,0.9993064999580383,0.21326829493045807,0.7867317795753479,0.9919314384460449,0.008068596944212914,0.2265237271785736,0.7734764218330383,6.157037258148193,4.202323913574219,3.383474111557007,6.117496490478516,66.11116027832031
2sITbbWIOeg2Lwp4WN2jqr,0.01236066035926342,0.0027024492155760527,0.04233894124627113,0.0013166662538424134,0.1601574569940567,0.013715079985558987,0.24496270716190338,0.5186553597450256,0.0037905981298536062,0.9860015511512756,0.013998443260788918,0.8545498847961426,0.14545013010501862,0.01660417579114437,0.9833958745002747,0.38019439578056335,0.6198055744171143,0.8318779468536377,0.16812197864055634,0.0006391651695594192,0.9993607997894287,6.244227409362793,5.7229437828063965,4.196266174316406,5.313058376312256,103.9822998046875
6zsk6uF3MxfIeHPlubKBvR,0.04381004720926285,0.003890139749273658,0.06862509250640869,0.0007823743508197367,0.0024161958135664463,0.05714958533644676,0.04800751060247421,0.7710581421852112,0.004260509740561247,0.9975723028182983,0.002427796134725213,0.8323968648910522,0.16760322451591492,0.014226121827960014,0.9857738614082336,0.6108035445213318,0.3891962468624115,0.7975704073905945,0.2024296671152115,0.07399384677410126,0.9260061979293823,5.510906219482422,5.869011402130127,4.627908706665039,5.288415431976318,117.9290771484375
75DjPjiIp2fvJDjtt41Jfs,0.0009066939819604158,0.00030355722992680967,0.0021364784333854914,4.671802855682472e-07,0.0005755156162194908,0.00038095275522209704,0.0006388386245816946,0.9950103759765625,4.7235149395419285e-05,0.9998531937599182,0.00014699666644446552,0.5245146751403809,0.47548532485961914,0.006592415273189545,0.9934074282646179,0.5668537020683289,0.43314626812934875,0.9034717082977295,0.09652828425168991,0.0018105163471773267,0.9981897473335266,5.057124614715576,5.259331226348877,5.230700969696045,5.9332756996154785,121.96923828125
0UaMYEvWZi0ZqiDOoHU3YI,0.03169621154665947,0.0011258764425292611,0.17844755947589874,0.0008602778543718159,0.0039971149526536465,0.014487573876976967,0.004886439070105553,0.7581429481506348,0.0063557070679962635,0.9757178425788879,0.024282263591885567,0.4569425582885742,0.5430574417114258,0.014111899770796299,0.9858883023262024,0.1253022998571396,0.8746978640556335,0.9441512227058411,0.055848944932222366,0.018726114183664322,0.9812739491462708,6.270235061645508,5.653519153594971,4.407707214355469,6.56286096572876,125.52658081054688
4wteGC0HtLeZWjDcczc4Pw,0.1658727377653122,0.03434242680668831,0.09239131212234497,0.0004320590232964605,0.0018666146788746119,0.010855725966393948,0.01674598827958107,0.6528332829475403,0.024659844115376472,0.9953633546829224,0.004636681638658047,0.6559247374534607,0.3440752327442169,4.967906352248974e-05,0.9999502897262573,0.2809545695781708,0.7190454602241516,0.9884393811225891,0.011560549028217793,0.032053958624601364,0.9679459929466248,6.141325950622559,5.69429349899292,4.696169376373291,6.176441192626953,123.83177947998047
6nBQFAIVFmAx2oZ8p6lUg6,0.044785019010305405,0.002668064786121249,0.07009473443031311,0.0007054808083921671,0.0050229779444634914,0.017862794920802116,0.016274457797408104,0.8361881971359253,0.006397967226803303,0.9813131093978882,0.018686991184949875,0.7907907366752625,0.2092093974351883,0.00020306151418481022,0.999796986579895,0.5496193766593933,0.45038071274757385,0.9821484088897705,0.01785142719745636,0.10666486620903015,0.8933351039886475,5.3752827644348145,5.478821277618408,4.538442134857178,5.795643329620361,107.0921630859375
2WRzpLD8qDRrxMXc63E5WJ,0.006911346223205328,0.002710736822336912,0.22570757567882538,0.0012210005661472678,0.010693334974348545,0.01893756538629532,0.105714812874794,0.6181917190551758,0.009911879897117615,0.9685561060905457,0.03144411742687225,0.7172771692276001,0.2827228605747223,0.002780049806460738,0.997219979763031,0.16721242666244507,0.8327875733375549,0.6974478960037231,0.3025522828102112,0.047585852444171906,0.9524139761924744,5.49345588684082,5.223735809326172,4.683154582977295,4.595226764678955,161.59829711914062
3jagJCUbdqhDSPuxP8cAqF,0.0014509431784972548,0.0031357393600046635,0.04719291254878044,0.0004820518079213798,0.0036692041903734207,0.0064209564588963985,0.004668467212468386,0.9299970865249634,0.002982604317367077,0.9968693852424622,0.003130639437586069,0.7040525674819946,0.29594746232032776,0.0012795432703569531,0.9987205266952515,0.2550806403160095,0.7449191212654114,0.880824625492096,0.11917521059513092,0.01691015250980854,0.983089804649353,5.094775676727295,5.148733139038086,4.983109474182129,4.773066997528076,101.97161102294922
1QBtiLpbw76bqO2h9fOdJQ,0.1060900092124939,0.006223822478204966,0.17839129269123077,0.002883603097870946,0.0019864386413246393,0.03803228214383125,0.03857136890292168,0.603766143321991,0.024055132642388344,0.9324625730514526,0.06753747165203094,0.6641575694084167,0.33584240078926086,0.006427713204175234,0.9935724139213562,0.5779872536659241,0.4220128059387207,0.9350351691246033,0.06496482342481613,0.1433202177286148,0.8566798567771912,5.944645404815674,5.396303653717041,4.624163627624512,6.047215938568115,94.92964935302734
6SrQB5xK0XuQ0JPQTaZyOm,0.10277321189641953,0.022817153483629227,0.24775806069374084,0.0019520107889547944,0.08709114044904709,0.06658902019262314,0.21068724989891052,0.24504928290843964,0.015282880514860153,0.9980279803276062,0.0019720972049981356,0.6342300176620483,0.36577004194259644,0.0025106342509388924,0.9974896907806396,0.7272425293922424,0.2727575898170471,0.9885900020599365,0.011409965343773365,0.013852300122380257,0.9861477017402649,6.4365715980529785,5.943416118621826,4.948974609375,6.567674160003662,121.99018859863281
1l2VxS55EddZDBQInJU31C,0.08908703923225403,0.004855089355260134,0.19792050123214722,0.004604537971317768,0.004567003808915615,0.03557470068335533,0.17139801383018494,0.4514094889163971,0.040583573281764984,0.9640024304389954,0.0359976589679718,0.4716113209724426,0.5283886194229126,0.008312907069921494,0.9916871786117554,0.6543651819229126,0.3456348478794098,0.9396917819976807,0.060308247804641724,0.04266626015305519,0.9573336839675903,6.157889366149902,5.812009811401367,4.974985122680664,6.289093494415283,112.97187042236328
6azjD02gDO2ZarIZMs3eRk,0.15999050438404083,0.014561476185917854,0.10121411830186844,0.006579890381544828,0.030339771881699562,0.09936300665140152,0.20128001272678375,0.3620219826698303,0.024649223312735558,0.9693920612335205,0.03060797229409218,0.4655533730983734,0.5344465970993042,0.04025544971227646,0.9597445130348206,0.7299790978431702,0.2700209319591522,0.9572184681892395,0.04278154298663139,0.049953993409872055,0.9500464200973511,6.106958389282227,5.624711036682129,5.026989459991455,6.280559062957764,122.5409927368164
21pObgkjeIl4QYHLdg8yeo,0.02014806680381298,0.027311526238918304,0.21684357523918152,0.005278191529214382,0.017688771709799767,0.09907360374927521,0.054611727595329285,0.5305500030517578,0.028494495898485184,0.8963249921798706,0.10367494821548462,0.33000117540359497,0.6699987053871155,0.009036223404109478,0.9909640550613403,0.4348430037498474,0.5651571154594421,0.9426367878913879,0.057363372296094894,0.2443520426750183,0.7556483149528503,5.656991481781006,5.2949604988098145,4.850889682769775,5.661613464355469,110.04039764404297
29t4fRFE9qWqr9oTfVbxRE,0.03043467365205288,0.0059600104577839375,0.02418787032365799,0.0075325011275708675,0.008493790403008461,0.03928026556968689,0.015969185158610344,0.8217061161994934,0.04643561318516731,0.9332359433174133,0.06676438450813293,0.4865259528160095,0.5134741067886353,0.018569955602288246,0.9814300537109375,0.7805509567260742,0.21944908797740936,0.9301515817642212,0.06984856724739075,0.06859421730041504,0.9314058423042297,6.421307563781738,5.668515205383301,4.604266166687012,6.33768892288208,99.97720336914062
3n2WhCms25jdQo5msJTvBf,0.06411927193403244,0.012033743783831596,0.1219911277294159,0.0016545804683119059,0.014971775934100151,0.038562919944524765,0.1295691281557083,0.6035361289978027,0.013561204075813293,0.9642911553382874,0.03570881113409996,0.5907367467880249,0.4092632830142975,0.007786399684846401,0.9922139048576355,0.3911570906639099,0.6088429093360901,0.9539427161216736,0.04605736956000328,0.05022371560335159,0.9497765302658081,6.039101600646973,5.713717937469482,5.072280406951904,6.015294075012207,134.8849334716797
4Tlu7CxuCjJ2HYnWV475cR,0.07805323600769043,0.006686507258564234,0.21457147598266602,0.0016452197451144457,0.006268680561333895,0.08795294165611267,0.05531569942831993,0.5244970917701721,0.02500893361866474,0.987960159778595,0.012039773166179657,0.36134734749794006,0.6386524438858032,0.013843284919857979,0.9861567616462708,0.6398137807846069,0.36018624901771545,0.9772881269454956,0.022712063044309616,0.05756957083940506,0.9424305558204651,6.370137691497803,5.439899921417236,4.539334774017334,6.555251598358154,119.95068359375
0vhJkJHYeztllhU6z2eFUE,0.07016384601593018,0.06131032481789589,0.05466141551733017,0.014559624716639519,0.06650716066360474,0.03338243439793587,0.14020182192325592,0.5062874555587769,0.05292588472366333,0.8597888946533203,0.14021126925945282,0.23174838721752167,0.7682517170906067,0.12482619285583496,0.8751737475395203,0.7262737154960632,0.2737264335155487,0.892472505569458,0.10752767324447632,0.026270126923918724,0.9737294912338257,6.072647571563721,5.590510845184326,4.964804172515869,6.272242069244385,110.00447845458984
7wKUqlOL9OES7gwPdgUcQl,0.02543536387383938,0.015724794939160347,0.5727603435516357,0.011174953542649746,0.0052398135885596275,0.09526750445365906,0.0285941269248724,0.23613160848617554,0.0096712876111269,0.9111102819442749,0.08888963609933853,0.5436336994171143,0.4563663601875305,0.07187759876251221,0.9281226396560669,0.3860657215118408,0.6139342784881592,0.9069355130195618,0.09306462854146957,0.24680271744728088,0.7531970739364624,5.702398300170898,5.042048931121826,4.7445068359375,5.638143062591553,106.08505249023438
4fT63gOZxWxZsUYyFpc7s4,0.01101340726017952,0.0194283165037632,0.31614500284194946,0.0023828584235161543,0.014156152494251728,0.04479542002081871,0.5318504571914673,0.04078526794910431,0.01944311149418354,0.9624494314193726,0.037550460547208786,0.9186753630638123,0.08132455497980118,0.10347279161214828,0.8965273499488831,0.14521583914756775,0.8547843098640442,0.8213573694229126,0.1786426454782486,0.05105697363615036,0.948943018913269,5.7230987548828125,5.8054585456848145,5.072834014892578,5.761144638061523,119.8402099609375
5AHRTLfdjFIgismfiKv3NV,0.011413946747779846,0.018948331475257874,0.18674610555171967,4.8317055188817903e-05,0.002171868458390236,0.03816292807459831,0.7278481125831604,0.002373263007029891,0.012287045828998089,1.0,6.451232881232727e-10,0.8701065182685852,0.12989342212677002,2.517624864140089e-07,0.9999998807907104,0.16156065464019775,0.8384393453598022,0.9999439120292664,5.636285641230643e-05,0.026658302173018456,0.9733415842056274,5.9595818519592285,6.387836456298828,5.741800308227539,6.205099582672119,128.98985290527344
2RU67aiaESQ7t9D1xUJqBu,0.010751460678875446,0.05327276140451431,0.31967392563819885,0.0007111983140930533,0.010199458338320255,0.14361432194709778,0.2529395520687103,0.2029435932636261,0.0058937375433743,0.9907190799713135,0.009280967526137829,0.9217808246612549,0.0782192051410675,0.04563051089644432,0.9543697237968445,0.17688393592834473,0.8231163620948792,0.9159904718399048,0.08400953561067581,0.23808932304382324,0.7619109153747559,5.488898277282715,5.656303405761719,5.456023693084717,5.127280235290527,122.6028060913086
38yRij5fxQGBPi7lYQnI4T,0.012056799605488777,0.005331879947334528,0.5567246675491333,1.1018258192052599e-05,0.0059897382743656635,0.006500096991658211,0.37187641859054565,0.03986835852265358,0.0016411341493949294,1.0,9.97073534847459e-10,0.9047053456306458,0.09529456496238708,1.702672562942098e-07,1.0,0.23907512426376343,0.7609246969223022,0.9999217987060547,7.838804594939575e-05,0.10531141608953476,0.894688606262207,6.481649398803711,6.275192737579346,5.259625434875488,6.468552112579346,119.99536895751953
5d6C3XycqRLFAGLtyO3Rfx,0.015502473339438438,0.0031522437930107117,0.31452512741088867,0.0014396344777196646,0.01582198590040207,0.0199844129383564,0.242467999458313,0.3799274265766144,0.007178665138781071,0.9497183561325073,0.05028161033987999,0.8213728666305542,0.17862683534622192,0.01273657102137804,0.9872636795043945,0.08484437316656113,0.9151558876037598,0.8650521039962769,0.13494792580604553,0.12565359473228455,0.8743463754653931,5.491522312164307,5.6224846839904785,5.051459789276123,5.319464206695557,115.96685791015625
5cDKuxzTU5U2fsSJCberyF,0.03445420414209366,0.007847241126000881,0.17335279285907745,0.0131069365888834,0.009370740503072739,0.014109638519585133,0.15337860584259033,0.5409430861473083,0.053436774760484695,0.7826093435287476,0.21739065647125244,0.7014188170433044,0.2985813021659851,0.0730583444237709,0.9269418120384216,0.0990179255604744,0.9009823799133301,0.6874659657478333,0.3125340938568115,0.1328478455543518,0.8671521544456482,5.304459571838379,5.061511039733887,5.155981063842773,5.020710468292236,120.98125457763672
0OoOSxxmLGHKS5RWlzFIWz,0.04926751181483269,0.06221657991409302,0.27289918065071106,0.000844778202008456,0.01650179922580719,0.049687452614307404,0.38669633865356445,0.14406093955039978,0.017825257033109665,0.9999998211860657,2.9410887236736016e-07,0.8197251558303833,0.1802748739719391,7.939128408906981e-06,0.9999921321868896,0.07274458557367325,0.9272553324699402,0.9994683265686035,0.000532100850250572,0.015401896089315414,0.9845980405807495,6.276680946350098,6.3030853271484375,5.68280553817749,6.711650371551514,124.99038696289062
4Tw1NLQlGZHCeRunDvCwzL,0.008685584180057049,0.0030469349585473537,0.7636786699295044,0.00022141174122225493,0.00826885737478733,0.013851748779416084,0.16573971509933472,0.024355225265026093,0.012151808477938175,0.9771677851676941,0.02283225581049919,0.8836347460746765,0.11636531352996826,2.5984394596889615e-05,0.999974250793457,0.06029259040951729,0.9397076368331909,0.9706590175628662,0.029341183602809906,0.06891918927431107,0.9310807585716248,6.218707084655762,5.881397724151611,5.611942768096924,5.856073379516602,112.44950866699219
4k4BYoSjcz8vU78CvnB14K,0.07627793401479721,0.0021226226817816496,0.3959161043167114,0.0013412077678367496,0.0023681011516600847,0.07810055464506149,0.3603837192058563,0.05993560329079628,0.023554136976599693,0.9583126306533813,0.041687484830617905,0.6351602673530579,0.3648398816585541,0.010936026461422443,0.9890640377998352,0.5500224828720093,0.44997745752334595,0.9491541385650635,0.050846170634031296,0.24846188724040985,0.7515379190444946,6.097933292388916,6.037165641784668,5.568740367889404,5.743229389190674,106.93458557128906
1vvcEHQdaUTvWt0EIUYcFK,0.015949979424476624,0.0027470733039081097,0.06616434454917908,0.010290957055985928,0.082339346408844,0.060297612100839615,0.24483837187290192,0.5018920302391052,0.015480241738259792,0.9708333015441895,0.02916676178574562,0.666643500328064,0.3333566188812256,0.09602249413728714,0.9039773941040039,0.3331218361854553,0.666878342628479,0.5924555063247681,0.4075443744659424,0.0754099041223526,0.9245903491973877,5.18529748916626,5.122694969177246,4.2643961906433105,4.91996955871582,84.89984893798828
2yjeXq5ahx6UUg2rHaUe6X,0.03454931452870369,0.006163176614791155,0.06706134974956512,0.026906777173280716,0.03684799000620842,0.07908103615045547,0.46638524532318115,0.2534143328666687,0.029590822756290436,0.9321846961975098,0.06781522929668427,0.7551875114440918,0.2448124885559082,0.15223978459835052,0.8477600812911987,0.3185783922672272,0.6814215183258057,0.4421103596687317,0.5578895211219788,0.06599116325378418,0.9340090751647949,5.440169811248779,5.404926300048828,4.746224880218506,4.744041919708252,84.9729232788086
2tH9DTuje2kxAKIT85vLnY,0.0451546274125576,0.012057458981871605,0.051418669521808624,0.0030621367041021585,0.07169210910797119,0.012011822313070297,0.5179610848426819,0.2742908000946045,0.012351233512163162,0.9939121007919312,0.00608800956979394,0.8165964484214783,0.18340374529361725,0.06182035431265831,0.9381793141365051,0.7511551380157471,0.248844712972641,0.5644575953483582,0.4355423152446747,0.024088121950626373,0.9759117364883423,5.749500751495361,5.807021617889404,5.068056583404541,5.131498336791992,139.9425811767578
3ncmoWTwJgx63LwMTyBCXf,0.006565352901816368,0.001794920302927494,0.0034870014060288668,8.200839511118829e-05,0.3888101279735565,0.029893068596720695,0.3197021782398224,0.2490081787109375,0.0006571660051122308,0.9999998807907104,1.6971102922980208e-07,0.7382802367210388,0.26171979308128357,0.004408895969390869,0.9955911040306091,0.12634673714637756,0.8736532926559448,0.0565597303211689,0.9434404969215393,0.0002666813670657575,0.9997336864471436,4.874714374542236,5.199767589569092,5.059525012969971,4.045377254486084,139.98243713378906
5TbYIeYkGgGtYL7sms7m9N,0.031489573419094086,0.004149633925408125,0.03985675796866417,0.0036050963681191206,0.08777767419815063,0.04283372685313225,0.21115466952323914,0.5707401037216187,0.008392841555178165,0.9733065962791443,0.026693377643823624,0.7342810034751892,0.26571887731552124,0.04223855584859848,0.9577616453170776,0.27913540601730347,0.720864474773407,0.5616851449012756,0.4383149743080139,0.04010014981031418,0.9598999619483948,5.412667751312256,5.192705154418945,5.032309532165527,4.908781051635742,93.85809326171875
6m94NnMDxM5KM5Ut5vgfhR,0.00928630493581295,0.004917362704873085,0.09171753376722336,0.021333735436201096,0.058647505939006805,0.1391519010066986,0.5351310968399048,0.12802338600158691,0.011791099794209003,0.8593089580535889,0.1406911164522171,0.764071524143219,0.2359285056591034,0.16932380199432373,0.8306764364242554,0.11596975475549698,0.8840304017066956,0.2866499125957489,0.7133500576019287,0.06778975576162338,0.932210385799408,4.921184539794922,5.365992069244385,4.653910160064697,4.149242401123047,119.9871597290039
2KRKTdbS0U1KTIKvZQJ9sj,0.008660940453410149,0.005701999180018902,0.009585252963006496,0.007209581322968006,0.37964850664138794,0.11924859136343002,0.327073335647583,0.1279335767030716,0.014938206411898136,0.8763590455055237,0.12364109605550766,0.6948016881942749,0.3051985502243042,0.11250299215316772,0.8874968886375427,0.028349190950393677,0.9716508984565735,0.030542830005288124,0.9694571495056152,0.07658577710390091,0.9234143495559692,4.8172197341918945,5.181856155395508,4.3463850021362305,4.109124660491943,120.96265411376953
7J7dAsQVT4ya3V0U0jOzt2,0.003313985886052251,0.006246738135814667,0.0093534542247653,0.0015241769142448902,0.24340346455574036,0.07626175135374069,0.27773186564445496,0.37899839878082275,0.003166316542774439,0.9946589469909668,0.005341328680515289,0.8032258152961731,0.19677415490150452,0.01658247970044613,0.9834174513816833,0.2759527862071991,0.7240472435951233,0.022060245275497437,0.977939784526825,0.019404109567403793,0.980596125125885,4.896104335784912,5.283339977264404,5.007845401763916,4.499435901641846,64.9942398071289
2TbwCYJSZrDpEz1cTIwTjx,0.002809981582686305,0.0006872665253467858,0.061576806008815765,9.073527508007828e-06,0.05051058530807495,0.0014101436827331781,0.3540334403514862,0.5282999277114868,0.0006628706469200552,0.950931966304779,0.049068011343479156,0.9377334713935852,0.062266480177640915,0.0010708553018048406,0.9989293813705444,0.270840048789978,0.7291600704193115,0.5003724098205566,0.4996275305747986,0.03623852878808975,0.963761568069458,5.103982925415039,5.24293327331543,5.0692548751831055,4.537900447845459,119.98899841308594
2zjGJ0dChMR0KxBZS15aqo,0.0030209869146347046,0.0013000962790101767,0.0005925082950852811,0.07222835719585419,0.00014796465984545648,0.02209628000855446,0.004910651128739119,0.8939488530158997,0.001754325581714511,0.894967257976532,0.10503274947404861,0.37727195024490356,0.6227279305458069,0.14355161786079407,0.8564485311508179,0.4706176817417145,0.5293822884559631,0.8214905858039856,0.17850938439369202,0.09680919349193573,0.9031908512115479,5.08272647857666,5.30363655090332,4.296370506286621,5.142820835113525,99.93333435058594
3QzAOrNlsabgbMwlZt7TAY,0.03199292719364166,0.014294493943452835,0.05736185610294342,0.004812657833099365,0.035800084471702576,0.02585919201374054,0.06752098351716995,0.7326674461364746,0.02969014085829258,0.9020856618881226,0.09791430830955505,0.29914209246635437,0.7008578777313232,0.18883931636810303,0.811160683631897,0.5781606435775757,0.42183947563171387,0.4508771002292633,0.5491229295730591,0.043697815388441086,0.9563020467758179,4.997775554656982,5.336423873901367,4.925632476806641,5.362217903137207,96.9876937866211
0lekHt9d2xmXxFASI5ivEv,0.0368664413690567,0.006003860384225845,0.011698892340064049,0.02777598612010479,0.025040168315172195,0.10870730876922607,0.04411264881491661,0.7351201772689819,0.00467459112405777,0.9159061908721924,0.08409392088651657,0.5727797150611877,0.4272202253341675,0.17840473353862762,0.8215954303741455,0.29473307728767395,0.7052668333053589,0.3042351305484772,0.6957648396492004,0.07187967747449875,0.9281204342842102,4.851367950439453,5.223196983337402,4.872856616973877,4.610269546508789,97.09000396728516
7jN5Abri3a1crehbnlWa1F,0.0367029532790184,0.0010497997282072902,0.05545265972614288,0.0029793246649205685,0.00038658917765133083,0.002557341242209077,0.006439754273742437,0.8782552480697632,0.01617652177810669,0.9556074738502502,0.04439246654510498,0.23211689293384552,0.7678830027580261,0.03897268697619438,0.9610273241996765,0.2717883288860321,0.7282118797302246,0.7077828645706177,0.2922169864177704,0.025122307240962982,0.9748778343200684,4.634067058563232,5.051176071166992,3.8850786685943604,5.719731330871582,89.86439514160156
4CdAc7V4hUe1cuJAjnPpSQ,0.022520383819937706,0.010140780359506607,0.07226328551769257,0.013025907799601555,0.02655627205967903,0.0919194146990776,0.02917414903640747,0.7167598009109497,0.017640048637986183,0.8956820964813232,0.10431791096925735,0.7186705470085144,0.281329482793808,0.06289514899253845,0.9371048212051392,0.29465335607528687,0.7053467035293579,0.7833070158958435,0.2166929841041565,0.1515304148197174,0.8484696745872498,5.540060043334961,5.315455913543701,4.4955363273620605,5.420535087585449,99.95101928710938
6GQ82BpN60dzztUWzYojc7,0.04070555791258812,0.024562355130910873,0.01256035640835762,0.013680482283234596,0.013684041798114777,0.07859939336776733,0.04777500033378601,0.7585835456848145,0.00984937697649002,0.795288622379303,0.20471113920211792,0.08643405139446259,0.9135659337043762,0.7116562128067017,0.2883438169956207,0.6884942054748535,0.3115059435367584,0.47105157375335693,0.5289484262466431,0.06454427540302277,0.9354557991027832,4.468130588531494,4.4980878829956055,4.011105537414551,4.917578220367432,99.92495727539062
4shkQPDGzL90bX3OUTIwSA,0.03200145810842514,0.0002738689654506743,0.10597822070121765,1.6217487427638844e-05,7.337418355746195e-05,0.0008730785921216011,0.002796371467411518,0.8552240133285522,0.0027636063750833273,0.9996387958526611,0.0003613491717260331,0.48929736018180847,0.5107026696205139,3.7801881262566894e-05,0.999962568283081,0.03322245180606842,0.9667777419090271,0.961284875869751,0.03871520236134529,0.08504440635442734,0.9149554967880249,4.8089680671691895,4.8251447677612305,4.0303215980529785,5.500296115875244,104.98778533935547
3j84U36KvLeXNDPv4t5pI8,0.007923657074570656,0.00994917843490839,0.01070766057819128,0.0004483811790123582,0.004301188513636589,0.007177180610597134,0.0013065575622022152,0.9557011723518372,0.002485019387677312,0.9612511992454529,0.03874894976615906,0.18132330477237701,0.8186769485473633,0.036224108189344406,0.9637757539749146,0.7945415377616882,0.20545826852321625,0.9497397541999817,0.0502605140209198,0.01810626871883869,0.9818935990333557,4.811087608337402,5.4821014404296875,4.252820014953613,6.058943271636963,101.0097427368164
7xJqJxiM5f0BZQLWCbOuWz,0.16127604246139526,0.04357898607850075,0.02353449910879135,0.01925424300134182,0.03748049959540367,0.09067238867282867,0.08220911771059036,0.5032967329025269,0.0386974960565567,0.9153510332107544,0.08464919030666351,0.4827920198440552,0.5172079205513,0.3587939739227295,0.6412060856819153,0.6426607370376587,0.357339084148407,0.5259184241294861,0.47408154606819153,0.06299977004528046,0.9370003342628479,4.801517963409424,5.235184192657471,4.689637184143066,4.958413600921631,97.97211456298828
4zrwPfq5ENLzjq41Txs2HR,0.013814509846270084,0.0014611564110964537,0.022459018975496292,0.00198871991597116,0.0025292057543992996,0.008998757228255272,0.00402407068759203,0.9420105218887329,0.002713932190090418,0.9728288054466248,0.027171358466148376,0.5561577081680298,0.44384223222732544,0.004991170018911362,0.9950088262557983,0.19406495988368988,0.8059350848197937,0.7810307145118713,0.21896928548812866,0.026779407635331154,0.9732205271720886,5.673394680023193,5.536876678466797,4.5082855224609375,5.921745300292969,100.95340728759766
0rdWkO7ncrh1lrJGDmLq9L,0.05872177705168724,0.006071929819881916,0.5390345454216003,0.0015899507561698556,0.002071219030767679,0.025177570059895515,0.19309967756271362,0.1467648297548294,0.02746850810945034,0.9997217059135437,0.00027850104379467666,0.7785566449165344,0.22144319117069244,0.0038555210921913385,0.9961445927619934,0.6345114707946777,0.36548855900764465,0.9807329177856445,0.019266998395323753,0.1359296590089798,0.864070475101471,5.954601764678955,6.438961982727051,5.529368877410889,5.815237522125244,105.04139709472656
7z5R6cbZpB4njz080aA6u2,0.1636592149734497,0.010083955712616444,0.3722972571849823,0.006048122886568308,0.013231574557721615,0.09823619574308395,0.2126462310552597,0.11441820114850998,0.009379313327372074,0.9993846416473389,0.0006154361763037741,0.5563185214996338,0.44368141889572144,0.03932587802410126,0.960673987865448,0.7043868899345398,0.295613169670105,0.727709174156189,0.2722908854484558,0.09685682505369186,0.9031428694725037,5.6864824295043945,6.119816303253174,5.503863334655762,5.315625190734863,107.98770904541016
2IFaUS63AIAr9P46W1lEwt,0.027599679306149483,0.02333858609199524,0.2490919828414917,0.03599397838115692,0.06734926998615265,0.44482606649398804,0.1148512214422226,0.014860410243272781,0.022088775411248207,0.998794436454773,0.0012057694839313626,0.7074630260467529,0.2925369441509247,0.006203437224030495,0.9937966465950012,0.738189160823822,0.2618107199668884,0.9442203044891357,0.055779699236154556,0.3394576907157898,0.6605423092842102,6.001440048217773,6.129577159881592,6.130457878112793,5.518806457519531,115.01707458496094
5GGHmGNZYnVSdRERLUSB4w,0.006806629244238138,0.028178326785564423,0.005452569108456373,0.05738421157002449,0.1607702523469925,0.49986597895622253,0.22006262838840485,0.011301045306026936,0.010178406722843647,0.8459568619728088,0.15404313802719116,0.36636605858802795,0.633634090423584,0.24778702855110168,0.7522130012512207,0.8545864820480347,0.14541365206241608,0.7712434530258179,0.22875674068927765,0.13431307673454285,0.8656868934631348,5.4737019538879395,6.252187728881836,5.897505760192871,5.444330215454102,122.28846740722656
1qtiESAzfGMw3YqJvI97ki,0.023676637560129166,0.03710533306002617,0.16745293140411377,0.016383783891797066,0.02683417499065399,0.5732200145721436,0.12521229684352875,0.01820027269423008,0.011914599686861038,0.9998887777328491,0.0001116234197979793,0.6711411476135254,0.3288590610027313,0.006096546538174152,0.9939035177230835,0.8416692614555359,0.1583307683467865,0.9771727919578552,0.022826798260211945,0.3760625123977661,0.6239376068115234,6.148247241973877,6.374425888061523,6.158100605010986,5.64439582824707,122.99920654296875
0hhXziDUO0wNYPsstDQWN6,0.15563882887363434,0.013002515770494938,0.1443861573934555,0.041880372911691666,0.037857815623283386,0.3488282561302185,0.22298674285411835,0.011558733880519867,0.023860614746809006,0.9987174868583679,0.001282722456380725,0.4481091797351837,0.5518908500671387,0.06446405500173569,0.9355358481407166,0.913057267665863,0.08694309741258621,0.9677780270576477,0.03222192823886871,0.1734362691640854,0.8265640139579773,6.22782564163208,6.5367231369018555,6.030564308166504,6.118475437164307,120.0525131225586
1Uxti0PEEdieT526B8dAxZ,0.024576935917139053,0.011551694013178349,0.04790564998984337,0.031828105449676514,0.042980924248695374,0.6575012803077698,0.14660769701004028,0.027950085699558258,0.009097576141357422,0.7961111068725586,0.20388907194137573,0.5352702140808105,0.46472978591918945,0.39581942558288574,0.6041805148124695,0.6427539587020874,0.35724616050720215,0.534691333770752,0.46530863642692566,0.4628433287143707,0.5371567010879517,5.455440521240234,5.7566094398498535,5.6651153564453125,5.0874457359313965,109.72681427001953
5KBb9ocmxHl838GSS7zcXy,0.02540268935263157,0.0023510856553912163,0.6026976108551025,0.0011876290664076805,0.0020929223392158747,0.09146648645401001,0.02069704234600067,0.25199106335639954,0.0021135620772838593,0.8958675265312195,0.10413247346878052,0.7480711340904236,0.2519288659095764,0.07170082628726959,0.9282994270324707,0.11038675904273987,0.8896132111549377,0.7128141522407532,0.28718599677085876,0.6896390914916992,0.31036096811294556,4.63323974609375,4.811710357666016,4.666074275970459,4.058104515075684,90.75640106201172
66tkDkPsznE5zIHNt4QkXB,0.0258796289563179,0.002810067031532526,0.09038332104682922,0.03488053008913994,0.08758512139320374,0.35836976766586304,0.3835301995277405,0.0084903035312891,0.008071092888712883,0.9996861219406128,0.0003142322530038655,0.6073299646377563,0.39267000555992126,0.06934670358896255,0.9306533336639404,0.8035643696784973,0.19643543660640717,0.833862841129303,0.16613708436489105,0.0672743022441864,0.9327256679534912,6.3171796798706055,6.324830532073975,5.926845550537109,5.644320487976074,102.03845977783203
1Avnd5xLg7HmaNofmYk7RQ,0.6556861400604248,0.0345008485019207,0.018093476071953773,0.0451161228120327,0.010053638368844986,0.0824381485581398,0.10731415450572968,0.033222563564777374,0.013574810698628426,0.9619917273521423,0.03800832852721214,0.2669505774974823,0.7330493927001953,0.6864978075027466,0.31350231170654297,0.9836259484291077,0.01637408696115017,0.6282964944839478,0.371703565120697,0.24969172477722168,0.7503082752227783,5.522336959838867,6.493555545806885,5.77794075012207,5.522225856781006,104.9862289428711
047hYmw8Viqwx4cavskXVy,0.07045810669660568,0.08205427974462509,0.36228296160697937,0.018814830109477043,0.005641920026391745,0.14170537889003754,0.21950635313987732,0.007409083191305399,0.09212727844715118,0.9289654493331909,0.07103466242551804,0.7827038168907166,0.21729622781276703,0.16720128059387207,0.8327987790107727,0.23558269441127777,0.7644172310829163,0.7761979103088379,0.22380214929580688,0.2542659342288971,0.7457339763641357,5.580216407775879,5.495186805725098,4.659144401550293,4.85520601272583,132.07069396972656
5p3qi5ayAQhdQe3bVcBmHU,0.02929239720106125,0.01265440508723259,0.5547502040863037,0.00014907638251315802,0.0019374777330085635,0.01797671988606453,0.08598453551530838,0.27427607774734497,0.022979119792580605,0.9999666213989258,3.3594689739402384e-05,0.7855543494224548,0.21444573998451233,8.838779649522621e-06,0.9999914765357971,0.01940271444618702,0.9805971384048462,0.9993878602981567,0.0006122529739513993,0.030181216076016426,0.9698185920715332,6.0158843994140625,5.648299694061279,5.332108020782471,5.982723236083984,123.93636322021484
3EVdjxPeVxFBMcVVnwJhQv,0.015611369162797928,0.04659629240632057,0.8846538662910461,7.719414861639962e-05,0.0003701878304127604,0.012677731923758984,0.007132095284759998,0.01505992654711008,0.01782151684165001,0.9958491325378418,0.004151016473770142,0.707118034362793,0.29288211464881897,1.364747390653065e-06,0.9999986886978149,0.09321407228708267,0.9067859053611755,0.9996387362480164,0.0003613746666815132,0.5230956673622131,0.47690436244010925,5.913680553436279,5.499485015869141,5.517848968505859,5.887612342834473,129.98602294921875
4Ba1bjL3Qa6QB0RYdjUc2k,0.012578608468174934,0.004115360789000988,0.7938695549964905,0.0004049216804560274,0.0007672003703191876,0.015837624669075012,0.08693622797727585,0.0016985555412247777,0.0837922990322113,0.9867675304412842,0.013232466764748096,0.8833098411560059,0.11669014394283295,0.009312215261161327,0.9906877279281616,0.43683335185050964,0.563166618347168,0.9859884977340698,0.014011403545737267,0.32516738772392273,0.6748326420783997,6.671122074127197,5.823482036590576,4.806621074676514,6.149901390075684,135.35377502441406
15z2xOc2TLj1ljQK1Bo5S6,0.016094429418444633,0.029830390587449074,0.3424336612224579,0.005551047623157501,0.017370017245411873,0.04607488214969635,0.4863970875740051,0.03316934406757355,0.02307911589741707,0.984432578086853,0.015567622147500515,0.8778102397918701,0.12218987941741943,0.017488619312644005,0.9825115203857422,0.09236004203557968,0.9076400399208069,0.865860104560852,0.13413983583450317,0.0406625010073185,0.9593378305435181,6.283121109008789,6.027194976806641,5.259688377380371,6.089890956878662,129.06544494628906
5BYW81VirpjGniM4EixRp8,0.012820463627576828,0.2797223925590515,0.6072690486907959,0.00017735523579176515,0.0002632307296153158,0.013367502950131893,0.057556841522455215,0.0015884344466030598,0.02723471075296402,0.9161436557769775,0.08385615795850754,0.8024365901947021,0.19756324589252472,0.013001441024243832,0.9869986772537231,0.30709630250930786,0.6929036974906921,0.9867681264877319,0.013231947086751461,0.3204813599586487,0.6795186400413513,5.519949913024902,5.712316036224365,5.185153961181641,5.3674139976501465,128.58706665039062
5b8TWTnw34qItfTIPG5w2H,0.176778644323349,0.006092064082622528,0.4353199899196625,0.06980544328689575,0.0015907387714833021,0.1901601403951645,0.03134385496377945,0.007487467490136623,0.08142157644033432,0.5866895318031311,0.4133104085922241,0.7704483270645142,0.22955171763896942,0.3459721803665161,0.6540278792381287,0.14651164412498474,0.853488564491272,0.5293177962303162,0.4706823229789734,0.741909921169281,0.25809016823768616,4.842728137969971,4.688291072845459,4.903483867645264,4.574190616607666,128.2876739501953
00eBK4Mkjl38Bmn9bGksIj,0.025239935144782066,0.06378321349620819,0.3475438356399536,0.002129429718479514,0.001444538589566946,0.20373235642910004,0.2660975456237793,0.003491824958473444,0.0865374505519867,0.9339595437049866,0.06604044884443283,0.6394544243812561,0.3605455756187439,0.00031425151973962784,0.9996858239173889,0.12847182154655457,0.8715283274650574,0.9856387376785278,0.014361350797116756,0.17578551173210144,0.8242146968841553,6.447854995727539,5.7274932861328125,5.06044340133667,6.382660388946533,128.35630798339844
7eHBDsqfqOMyzMhtnhytNB,0.0527832992374897,0.10635114461183548,0.5095023512840271,0.000797125103417784,0.00420211348682642,0.10381835699081421,0.13296400010585785,0.057970866560935974,0.03161080181598663,0.999991238117218,8.796859219728503e-06,0.7330722212791443,0.26692789793014526,2.759624635473301e-07,0.9999998211860657,0.13052894175052643,0.8694709539413452,0.9970741868019104,0.0029259345028549433,0.12081217020750046,0.8791876435279846,6.276110649108887,5.855245590209961,5.177329063415527,6.700323581695557,129.89926147460938
7LHqxlhat0OIf3gCOGnOGr,0.10277736932039261,0.03747208043932915,0.6179484724998474,0.00037199779762886465,0.00034706079168245196,0.020749494433403015,0.11725810170173645,0.009983548894524574,0.09309176355600357,0.9999984502792358,1.6021126612031367e-06,0.734861433506012,0.2651384770870209,1.3937329640612006e-05,0.9999862909317017,0.0651463195681572,0.9348537921905518,0.9998931288719177,0.00010701030259951949,0.2671850323677063,0.7328149676322937,6.3144917488098145,6.257081031799316,6.158196926116943,6.230405330657959,124.01043701171875
5dFJulxgjqTqQbjwE1hw3r,0.031881362199783325,0.0011269984534010291,0.9067815542221069,0.001027410849928856,0.0005523519357666373,0.02277381718158722,0.02274228259921074,0.002212622668594122,0.010901750065386295,0.8840540647506714,0.115945965051651,0.7681347131729126,0.2318652868270874,0.009979458525776863,0.9900205135345459,0.5599991083145142,0.440000981092453,0.9541364312171936,0.04586347937583923,0.9202049970626831,0.07979488372802734,5.201849460601807,5.032667636871338,5.174520015716553,4.914853096008301,101.9764404296875
1Jv5SF45pxopNs7TXn8hAQ,0.019544288516044617,0.019129091873764992,0.3156602680683136,0.008333778940141201,0.11667422205209732,0.05206403508782387,0.35087108612060547,0.055937718600034714,0.061785489320755005,0.9581111073493958,0.04188895970582962,0.9135816097259521,0.08641869574785233,0.026355445384979248,0.9736447334289551,0.3903159499168396,0.6096842885017395,0.7366265058517456,0.2633737325668335,0.2448478788137436,0.7551521062850952,5.9363861083984375,6.12451696395874,5.501493453979492,5.860974311828613,124.15763092041016
546735gnmAwZMsnekU9inp,0.10917527228593826,0.0026200253050774336,0.4467925429344177,0.04827546700835228,0.014968483708798885,0.20180128514766693,0.1317627727985382,0.004292268771678209,0.04031180590391159,0.820578932762146,0.17942090332508087,0.6014980673789978,0.3985018730163574,0.2027123123407364,0.7972878217697144,0.792251467704773,0.2077483832836151,0.8229345083236694,0.1770656555891037,0.6333669424057007,0.36663296818733215,5.616021633148193,5.669222354888916,5.420412063598633,5.30968713760376,102.99088287353516
37IB9gTLJognX12EMMvR9T,0.01570097729563713,0.006929134950041771,0.5482261180877686,0.0050888960249722,0.004335053265094757,0.04982992634177208,0.335744172334671,0.012267570942640305,0.021878177300095558,0.965178906917572,0.03482099995017052,0.950427770614624,0.04957227036356926,0.007944632321596146,0.9920557141304016,0.29592809081077576,0.7040717601776123,0.9612380862236023,0.03876229003071785,0.3238111138343811,0.6761888265609741,5.854589462280273,5.7154860496521,5.462592124938965,5.50151252746582,123.86930084228516
1zhQZzy1zvKDiPAnTdbbjN,0.042675141245126724,0.011227594688534737,0.12764380872249603,0.002853301353752613,0.012083250097930431,0.03584466502070427,0.7459832429885864,0.01191081665456295,0.009778072126209736,0.9363245368003845,0.06367551535367966,0.9209632277488708,0.07903696596622467,0.0168780330568552,0.983121931552887,0.8681817054748535,0.13181841373443604,0.9485208988189697,0.05147906020283699,0.08447694033384323,0.9155232906341553,6.19184684753418,6.849163055419922,6.011653900146484,5.939806938171387,127.99288177490234
3eJ35KhWj3pCSUuygmc2l6,0.028065240010619164,0.06007557734847069,0.2126227468252182,0.0015310329617932439,0.0068419985473155975,0.0720425397157669,0.5298001170158386,0.053797148168087006,0.03522360697388649,0.9996311068534851,0.00036885481677018106,0.9190914630889893,0.08090832829475403,0.0007869742112234235,0.9992132186889648,0.3553735017776489,0.6446265578269958,0.9978580474853516,0.002142030978575349,0.12640342116355896,0.8735968470573425,5.926440715789795,6.243929386138916,5.69413948059082,5.806886196136475,122.99295806884766
4d2Gndzn9dnmUC8jIzI9d4,0.049469418823719025,0.00741497240960598,0.7777479290962219,0.0001144432244473137,4.72327446914278e-05,0.02460373565554619,0.08230303227901459,0.018948804587125778,0.03935041278600693,0.9787761569023132,0.021223874762654305,0.9070073962211609,0.0929926410317421,0.001056106062605977,0.9989442825317383,0.03338567912578583,0.9666142463684082,0.9938594698905945,0.00614060927182436,0.54622882604599,0.4537712335586548,5.819513320922852,5.587242126464844,5.944418430328369,5.603636741638184,126.0168228149414
0W2DNZ8ttfFvhlGCBgMq0s,0.026108233258128166,0.02256857044994831,0.7661702632904053,0.0001203247084049508,0.0002697686431929469,0.03219330683350563,0.08225925266742706,0.05575530603528023,0.014554725959897041,1.0,8.480608215677421e-09,0.8599618077278137,0.1400383710861206,3.293841928098118e-07,0.9999998211860657,0.10229448229074478,0.8977053761482239,0.9999672174453735,3.2839943742146716e-05,0.6079471111297607,0.39205291867256165,6.141007423400879,5.663538455963135,5.825582981109619,5.448609828948975,122.98477172851562
3N50cZLMLohd9DcGA4LIMp,0.048359546810388565,0.16163867712020874,0.08577243238687515,0.01507718488574028,0.09180903434753418,0.17938929796218872,0.3082142174243927,0.018514839932322502,0.09122475236654282,0.9919814467430115,0.008018570020794868,0.8694960474967957,0.13050389289855957,0.03548192232847214,0.9645181894302368,0.42103663086891174,0.5789635181427002,0.8563892841339111,0.1436106115579605,0.07900537550449371,0.9209945201873779,6.195764541625977,6.024873733520508,4.955993175506592,5.752089977264404,126.04198455810547
1PiASZMKp39IsWwiiIYgPO,0.09696653485298157,0.007425060495734215,0.588047444820404,0.0028055838774889708,0.0057290345430374146,0.0566912405192852,0.19272127747535706,0.006931730546057224,0.042681965976953506,0.597854495048523,0.40214550495147705,0.906067430973053,0.09393268823623657,0.07908432185649872,0.9209160804748535,0.4003245234489441,0.5996754169464111,0.7890000939369202,0.21099995076656342,0.4559541642665863,0.5440458655357361,5.159414768218994,5.024907112121582,4.831936359405518,5.13282585144043,120.93852233886719
260V7huyJrXnyYe0dFv2Fa,0.034412458539009094,0.0020946930162608624,0.24135050177574158,0.07662160694599152,0.0015432582003995776,0.045410409569740295,0.5228036642074585,0.046588800847530365,0.029174434021115303,0.8404378294944763,0.15956221520900726,0.7962917685508728,0.20370826125144958,0.19485308229923248,0.8051468133926392,0.14509056508541107,0.8549092411994934,0.7286057472229004,0.2713945508003235,0.18761035799980164,0.8123897314071655,5.231542110443115,5.391427516937256,4.759765625,4.6926140785217285,96.00090789794922
3o7jpoacI4FX1SlSdsOT2g,0.025914091616868973,0.00772960064932704,0.38743454217910767,0.000466419558506459,0.003935529850423336,0.040621209889650345,0.48139965534210205,0.04641099274158478,0.006087912246584892,0.9999996423721313,4.1748563717192155e-07,0.8909062743186951,0.10909372568130493,7.906717655714601e-05,0.9999210834503174,0.6418284773826599,0.3581717312335968,0.9839820265769958,0.01601802557706833,0.13095617294311523,0.8690438270568848,6.020957946777344,6.276552677154541,5.826045989990234,6.156940460205078,115.9836654663086
2GuIRSthEpYN5MO6PGD7Vx,0.030401526018977165,0.01955186203122139,0.4283365309238434,0.000544851936865598,0.0029205915052443743,0.1669401079416275,0.2769937813282013,0.04990185797214508,0.02440875768661499,0.836122989654541,0.16387709975242615,0.7888176441192627,0.2111823558807373,0.0035963410045951605,0.9964039921760559,0.15113306045532227,0.8488669395446777,0.8705283999443054,0.12947165966033936,0.450640469789505,0.5493594408035278,5.33707857131958,5.418108940124512,5.065929889678955,4.688871383666992,117.95362091064453
2UkX27EXS59qpKUXrMTZlK,0.09696698188781738,0.006331117358058691,0.44484302401542664,0.008703387342393398,0.005993847735226154,0.03641212359070778,0.09049932658672333,0.2692943215370178,0.04095597565174103,0.8967251777648926,0.10327472537755966,0.7319730520248413,0.26802703738212585,0.06920401006937027,0.9307960867881775,0.4252687990665436,0.5747313499450684,0.9071453809738159,0.09285453706979752,0.38041844964027405,0.6195814609527588,5.770168781280518,5.543227195739746,5.266696453094482,5.562650203704834,96.03404235839844
2t0wmn0Czqtr8LjzlL61Ux,0.0543365515768528,0.004957339260727167,0.46961870789527893,0.01779472455382347,0.0067807030864059925,0.13655439019203186,0.24050273001194,0.0495324544608593,0.019922271370887756,0.8797534704208374,0.1202465295791626,0.8538784980773926,0.14612136781215668,0.3087511658668518,0.6912489533424377,0.6026514768600464,0.3973485827445984,0.7630053162574768,0.23699481785297394,0.6362502574920654,0.36374953389167786,5.263069152832031,5.243745803833008,4.963895797729492,4.227207660675049,142.9510955810547
0Psz3az3RIYfJpnsajBT8N,0.1330210268497467,0.011078682728111744,0.4590969681739807,0.0034933644346892834,0.0018081298330798745,0.0287725068628788,0.03560322895646095,0.30002641677856445,0.02709962986409664,0.8741787075996399,0.12582136690616608,0.7301509976387024,0.2698490023612976,0.1094493716955185,0.890550971031189,0.17856761813163757,0.8214324116706848,0.8038896918296814,0.19611041247844696,0.326498419046402,0.6735013723373413,5.577613353729248,5.270264148712158,5.207700729370117,5.529993057250977,93.97029876708984
4at0npP4QkdIUulFZIsYft,0.03719855472445488,0.00832541473209858,0.5555418133735657,0.0008988663321360946,0.0021157432347536087,0.08584076911211014,0.051599495112895966,0.2530624568462372,0.005416968837380409,0.9086169004440308,0.09138312190771103,0.6874759793281555,0.31252405047416687,0.0020721249748021364,0.9979280233383179,0.07396955788135529,0.9260305762290955,0.9633570313453674,0.036643099039793015,0.2946784198284149,0.7053215503692627,5.67369270324707,5.230628967285156,5.121502876281738,5.691561698913574,119.97242736816406
1gWnuGAiTk3Q4yrIbwymUK,0.125655859708786,0.0008344954694621265,0.6577242016792297,0.0035372693091630936,0.00046645503607578576,0.0627942681312561,0.08222205191850662,0.059087757021188736,0.007677776273339987,0.9596618413925171,0.04033813998103142,0.5558232665061951,0.44417664408683777,0.07057597488164902,0.9294241666793823,0.1091422364115715,0.8908580541610718,0.9062431454658508,0.09375695139169693,0.5021038055419922,0.49789634346961975,5.207424640655518,5.2217559814453125,5.372576713562012,5.039545059204102,94.00092315673828
7dt6x5M1jzdTEt8oCbisTK,0.15189233422279358,0.0038281220477074385,0.052094779908657074,0.016736794263124466,0.007115303073078394,0.009333435446023941,0.0390421524643898,0.6855632662773132,0.03439377248287201,0.923787534236908,0.07621266692876816,0.33233559131622314,0.6676645278930664,0.09201747179031372,0.9079825282096863,0.3387314975261688,0.661268413066864,0.59963059425354,0.40036946535110474,0.04338396340608597,0.9566159844398499,5.017557621002197,5.283105850219727,4.719087600708008,5.446753978729248,144.8683624267578
21jGcNKet2qwijlDFuPiPb,0.5058474540710449,0.010903039947152138,0.07292337715625763,0.014470050111413002,0.001169484807178378,0.033020615577697754,0.31098702549934387,0.009750382974743843,0.04092857614159584,0.9165283441543579,0.08347180485725403,0.5318160653114319,0.46818387508392334,0.10741721093654633,0.8925827145576477,0.8876772522926331,0.11232318729162216,0.8811689615249634,0.11883081495761871,0.12461294233798981,0.8753870725631714,6.29789924621582,5.938098430633545,5.756657600402832,6.1577582359313965,120.0440673828125
3a1lNhkSLSkpJE4MSHpDu9,0.1575963944196701,0.009197881445288658,0.07566246390342712,0.03527957573533058,0.007741516921669245,0.014549111016094685,0.0413302481174469,0.5731574296951294,0.08548539876937866,0.8391301035881042,0.16086986660957336,0.28633007407188416,0.7136698961257935,0.22365052998065948,0.7763492465019226,0.6846725344657898,0.3153274655342102,0.6531496644020081,0.3468504250049591,0.03961466625332832,0.9603855013847351,4.846155643463135,5.031263828277588,4.585057735443115,5.645578384399414,123.10021209716797
22VHOlVYBqytsrAqV8yXBK,0.37497541308403015,0.015898816287517548,0.021443530917167664,0.17749518156051636,0.01217250432819128,0.05296803265810013,0.151094451546669,0.019449513405561447,0.17450259625911713,0.794632613658905,0.20536749064922333,0.27919161319732666,0.7208086252212524,0.6243699789047241,0.375629723072052,0.8861768841743469,0.11382325738668442,0.585817277431488,0.41418272256851196,0.0517253577709198,0.9482746124267578,5.755378723144531,5.747852802276611,5.580533981323242,5.505404949188232,111.88639068603516
2OzhQlSqBEmt7hmkYxfT6m,0.1529284119606018,0.015616715885698795,0.15288741886615753,0.11630252748727798,0.01504488941282034,0.1860874742269516,0.28221866488456726,0.009887334890663624,0.06902655214071274,0.5260439515113831,0.47395622730255127,0.6976616382598877,0.30233824253082275,0.7379981875419617,0.2620018720626831,0.4210777282714844,0.5789220333099365,0.22722125053405762,0.7727789878845215,0.08273734897375107,0.9172624945640564,4.773493766784668,4.452029228210449,4.427274703979492,4.067840099334717,96.00782012939453
6StwwqB84sJeLr7tZDTxEX,0.2707383632659912,0.022787131369113922,0.124563068151474,0.07088979333639145,0.015100138261914253,0.015637274831533432,0.19863209128379822,0.017620395869016647,0.2640317380428314,0.8624588847160339,0.13754120469093323,0.2100599855184555,0.7899401187896729,0.04122397303581238,0.9587761163711548,0.7474602460861206,0.2525397539138794,0.7954853773117065,0.20451466739177704,0.09406314045190811,0.9059367179870605,6.2317376136779785,5.421832084655762,4.908777713775635,6.04191780090332,120.01729583740234
5IZXB5IKAD2qlvTPJYDCFB,0.23228584229946136,0.006434769369661808,0.20072878897190094,0.023953692987561226,0.0016505385283380747,0.03138042986392975,0.37001317739486694,0.05038429796695709,0.08316858112812042,0.9649533033370972,0.03504694253206253,0.5415652394294739,0.45843467116355896,0.09854587912559509,0.9014543294906616,0.8591740727424622,0.14082595705986023,0.9677963852882385,0.03220370411872864,0.14474064111709595,0.855259358882904,6.273127555847168,6.262853145599365,5.7266998291015625,6.136866092681885,128.26075744628906
0mNzElhEofvgMWAJoOA4q9,0.3038374185562134,0.014757220633327961,0.04558325186371803,0.06724226474761963,0.003250392386689782,0.015140067785978317,0.19630278646945953,0.01651141606271267,0.3373751640319824,0.9428591728210449,0.05714108422398567,0.22054050862789154,0.7794597148895264,0.034475911408662796,0.965523898601532,0.9095872044563293,0.09041254222393036,0.8875879645347595,0.11241214722394943,0.03807954862713814,0.9619202613830566,6.685624599456787,5.633762359619141,5.152091026306152,6.427725791931152,119.003662109375
0RiRZpuVRbi7oqRdSMwhQY,0.24623410403728485,0.004995542112737894,0.28533825278282166,0.018115073442459106,0.015377730131149292,0.023561909794807434,0.2449001669883728,0.12643544375896454,0.03504179045557976,0.9186433553695679,0.08135682344436646,0.6251563429832458,0.3748435974121094,0.15316902101039886,0.8468309640884399,0.607252836227417,0.3927472233772278,0.701532781124115,0.29846733808517456,0.12584933638572693,0.874150812625885,5.612457752227783,5.76301383972168,4.99379301071167,5.270086765289307,89.9039535522461
0e7ipj03S05BNilyu5bRzt,0.05024556815624237,0.0022418717853724957,0.12417174875736237,0.008659188635647297,0.00031234874040819705,0.011573106981813908,0.009268676862120628,0.7737064957618713,0.019820986315608025,0.9367590546607971,0.06324104219675064,0.1686883121728897,0.8313117027282715,0.04593414068222046,0.9540659189224243,0.14463146030902863,0.8553686141967773,0.658206582069397,0.34179332852363586,0.10495387762784958,0.8950462937355042,4.475823879241943,4.7249555587768555,3.8043859004974365,4.167233467102051,161.7666015625
6qrbFUbB71DsQRPcQ3A1oH,0.13495846092700958,0.00981929711997509,0.3202444612979889,0.0078001003712415695,0.009176616556942463,0.014527819119393826,0.058320965617895126,0.0037037800066173077,0.44144853949546814,0.7796401977539062,0.22035981714725494,0.39401164650917053,0.6059883832931519,0.006414659786969423,0.9935851693153381,0.33291885256767273,0.6670812368392944,0.890915036201477,0.10908503085374832,0.4168250262737274,0.5831749439239502,6.752145767211914,4.646297931671143,4.782344818115234,6.183500289916992,126.62027740478516
1FuWNCNxPDXhBT1r0sUnPo,0.10424524545669556,0.006661027204245329,0.4952238202095032,0.007761698681861162,0.009062286466360092,0.03771411255002022,0.06816744059324265,0.005284233018755913,0.2658800780773163,0.8051061630249023,0.1948937326669693,0.43550825119018555,0.5644917488098145,0.023859312757849693,0.9761409163475037,0.3218609690666199,0.6781390905380249,0.9075049757957458,0.09249509125947952,0.35084792971611023,0.6491521000862122,6.624054431915283,4.436286926269531,4.581836700439453,5.986592769622803,123.87711334228516
21Qrj5RhmLM1kxDWIdnPSv,0.08074387907981873,0.0068060955964028835,0.27090564370155334,0.005394170992076397,0.007691103965044022,0.012600450776517391,0.05608257278800011,0.0026127684395760298,0.5571635365486145,0.8185290098190308,0.18147088587284088,0.563007652759552,0.43699243664741516,0.005491417832672596,0.9945085644721985,0.4662632942199707,0.5337367057800293,0.9019359350204468,0.09806390106678009,0.34858787059783936,0.6514121294021606,6.654967784881592,4.713555335998535,4.76873254776001,6.258646011352539,123.30754089355469
40Jm35CxoaFseBpfxN6lRy,0.1532909870147705,0.0023041509557515383,0.7329494953155518,0.0003276331990491599,0.003711586119607091,0.03419065475463867,0.054143719375133514,0.012649784795939922,0.006431817542761564,0.9991614818572998,0.0008385757682844996,0.8711418509483337,0.12885791063308716,0.0018176720477640629,0.9981822967529297,0.8552039265632629,0.14479593932628632,0.9985744953155518,0.0014256975846365094,0.5788577795028687,0.42114222049713135,6.652005195617676,5.4594268798828125,5.428857803344727,5.806692123413086,102.5240249633789
2xqME5TnDAsKLcuwK3wcC1,0.4311344027519226,0.014059587381780148,0.4114566147327423,0.0008517568348906934,0.007900860160589218,0.05989598482847214,0.04505833238363266,0.003267077961936593,0.026375485584139824,0.9925854802131653,0.007414643187075853,0.6784827709197998,0.32151731848716736,0.0018532880349084735,0.9981467723846436,0.9545871019363403,0.04541298374533653,0.9945032000541687,0.005496798548847437,0.8464040160179138,0.15359576046466827,7.89080286026001,5.276674270629883,5.762463092803955,6.210107803344727,116.92896270751953
4Q43BXnFeSoLM1Cf3MiDdh,0.0864364355802536,0.015931308269500732,0.22532053291797638,0.005974269472062588,0.030250826850533485,0.024008600041270256,0.08895286172628403,0.002674276474863291,0.5204510688781738,0.8085759878158569,0.19142405688762665,0.5991275906562805,0.4008724093437195,0.004168095998466015,0.9958317875862122,0.5703240633010864,0.4296761155128479,0.9366869926452637,0.06331290304660797,0.3404754400253296,0.6595244407653809,6.829594612121582,4.968753814697266,5.182857036590576,6.49099063873291,123.90770721435547
2HJGIwLVdgNF6PkbmAtFEb,0.25145792961120605,0.010913158766925335,0.6590717434883118,7.10925814928487e-05,0.006162900943309069,0.016312938183546066,0.03749939054250717,0.015315116383135319,0.0031957936007529497,0.9952757954597473,0.004724202677607536,0.8486012816429138,0.1513986587524414,3.896580165019259e-05,0.9999610781669617,0.9084205031394958,0.09157949686050415,0.9996348023414612,0.000365070445695892,0.8082271814346313,0.19177289307117462,8.120591163635254,5.153186798095703,5.194594860076904,6.387085914611816,112.95313262939453
0Q539IMT39yeImyg42Ys2b,0.03730082884430885,0.005833402741700411,0.8950273394584656,0.0012016224209219217,0.0038672429509460926,0.0197604950517416,0.018693998456001282,0.013965376652777195,0.0043496121652424335,0.9768214225769043,0.02317855693399906,0.8278697729110718,0.17213039100170135,0.00032224436290562153,0.999677836894989,0.6157788038253784,0.38422101736068726,0.9743151664733887,0.02568482980132103,0.4414653182029724,0.5585346817970276,6.469113349914551,4.917696952819824,4.624785900115967,5.783935546875,117.62309265136719
6FHvMFc6aKXtXXGNc7yN7m,0.2862190008163452,0.005841124337166548,0.3046762943267822,0.011135093867778778,0.016917146742343903,0.026214733719825745,0.04753957316279411,0.0051668263040483,0.29629001021385193,0.8812173008918762,0.11878275871276855,0.623652458190918,0.3763474225997925,0.009529199451208115,0.9904706478118896,0.7392596006393433,0.2607405185699463,0.9123039245605469,0.08769624680280685,0.5841367840766907,0.4158632457256317,6.754714012145996,5.036557674407959,5.707993984222412,6.076663017272949,125.48751068115234
6jaTPgf5NvUvpjnKorL5gl,0.15236252546310425,0.01622673310339451,0.29928624629974365,0.008385109715163708,0.017661405727267265,0.03074808046221733,0.05982465296983719,0.004302661400288343,0.41120249032974243,0.8075976371765137,0.19240231812000275,0.501516580581665,0.49848341941833496,0.005802215542644262,0.99419766664505,0.47721293568611145,0.5227870941162109,0.920132577419281,0.07986768335103989,0.5570246577262878,0.44297534227371216,6.681519031524658,4.91745138168335,5.254666328430176,6.113587856292725,128.04676818847656
4YUkUocIFAeZznwprEAsxM,0.07368943840265274,0.0132062379270792,0.280259907245636,0.033208947628736496,0.09673890471458435,0.06034942343831062,0.22019517421722412,0.15386569499969482,0.06848616898059845,0.9531280994415283,0.046872030943632126,0.5535510182380676,0.44644895195961,0.04308641329407692,0.9569135904312134,0.21084511280059814,0.7891548871994019,0.34267812967300415,0.6573218703269958,0.22665783762931824,0.7733418941497803,5.310715675354004,5.3633036613464355,4.788088321685791,5.129685401916504,112.08744049072266
3HEn14GqygLCNfroOnYiZb,0.043643202632665634,0.01998187229037285,0.06959047168493271,0.00315749179571867,0.04703358933329582,0.3053416311740875,0.19770663976669312,0.30562448501586914,0.007920780219137669,0.9461031556129456,0.05389701575040817,0.7460964918136597,0.2539036273956299,0.04840925335884094,0.9515907764434814,0.26719996333122253,0.7327997088432312,0.8805080652236938,0.1194920763373375,0.16262125968933105,0.8373786211013794,5.640501976013184,5.766585350036621,5.208106994628906,5.238532066345215,119.9798812866211
1OimzlKVRx75TZtPZiGAGK,0.010350305587053299,0.0024354588240385056,0.11938625574111938,0.0006946432404220104,0.07325879484415054,0.2050335705280304,0.16250817477703094,0.4255381226539612,0.0007947222329676151,0.9999729990959167,2.7267373297945596e-05,0.8552618026733398,0.14473816752433777,0.023977750912308693,0.9760221242904663,0.1219232976436615,0.8780766725540161,0.08112627267837524,0.9188737273216248,0.20679037272930145,0.7932096123695374,4.817896842956543,5.41267204284668,4.628447532653809,3.9544482231140137,96.97671508789062
2od6VwQ93pD6vfYss3oync,0.030540434643626213,0.006688046269118786,0.1121337041258812,0.0013197808293625712,0.08033349364995956,0.06861516088247299,0.5737611055374146,0.12347856909036636,0.0031296671368181705,0.9919430613517761,0.008057072758674622,0.8920748233795166,0.10792498290538788,0.01579502783715725,0.9842051267623901,0.8267229199409485,0.17327715456485748,0.7832682132720947,0.21673192083835602,0.0715198889374733,0.9284800291061401,5.9020209312438965,6.2656354904174805,5.418119430541992,5.429985523223877,119.08808898925781
4WFgvKVfEhb3IUAFGrutTR,0.10582362115383148,0.010049669072031975,0.14568094909191132,0.004196787253022194,0.020816301926970482,0.04847734421491623,0.4647158682346344,0.17987969517707825,0.020359817892313004,0.9263119101524353,0.07368818670511246,0.835517942905426,0.16448237001895905,0.09753793478012085,0.9024621248245239,0.79799485206604,0.20200517773628235,0.682110071182251,0.3178899884223938,0.07826779037714005,0.9217319488525391,5.782899379730225,5.373998165130615,4.998725414276123,5.046860694885254,113.93572998046875
4jaNeCjRjTCekyaErvjnRX,0.04009966924786568,0.0016764242900535464,0.07169544696807861,0.0023382531944662333,0.022684728726744652,0.09036767482757568,0.32370826601982117,0.4411037266254425,0.0063257538713514805,0.978744387626648,0.02125588431954384,0.7973098754882812,0.20269012451171875,0.015516644343733788,0.9844833016395569,0.24581672251224518,0.7541833519935608,0.2776143550872803,0.7223858833312988,0.14759229123592377,0.8524077534675598,5.515216827392578,5.572566032409668,4.880135536193848,4.903719425201416,139.21034240722656
4KVSdwwJ67JHu5s9vIA0zi,0.002550804754719138,0.002353199990466237,0.045603230595588684,0.00015374414215330034,0.12846140563488007,0.03216039389371872,0.40032246708869934,0.3878685534000397,0.0005260604666545987,0.998689591884613,0.0013105907710269094,0.8708698749542236,0.1291300654411316,0.007693036459386349,0.9923068881034851,0.10437312722206116,0.8956267833709717,0.22981266677379608,0.7701873183250427,0.02477971836924553,0.9752206802368164,5.43126916885376,5.4304609298706055,4.9589033126831055,4.557979106903076,172.26527404785156
7CPz32jHbtNIZev8vpa9yb,0.006600313354283571,0.006874482613056898,0.013884047046303749,0.007312112022191286,0.19123636186122894,0.028975721448659897,0.05333486571907997,0.6831756234169006,0.008606404066085815,0.9616951942443848,0.03830481320619583,0.7922371029853821,0.20776285231113434,0.00047580371028743684,0.9995245337486267,0.04478219151496887,0.9552177786827087,0.34042131900787354,0.659578800201416,0.06312920898199081,0.9368708729743958,5.42003870010376,5.25553560256958,5.17966890335083,5.193938732147217,104.96773529052734
610faOY46uYOBi3KXazpSj,0.0015092615503817797,0.0005461034597828984,0.03555608168244362,1.621579258426209e-06,0.03436075523495674,0.009183741174638271,0.1032220646739006,0.815546989440918,7.323147292481735e-05,1.0,1.3726385361678695e-08,0.9205001592636108,0.07949980348348618,2.6094250642927364e-05,0.9999743103981018,0.08310104161500931,0.9168990254402161,0.4752656817436218,0.5247342586517334,0.04154840484261513,0.9584513902664185,5.391413688659668,4.9517741203308105,4.8585896492004395,4.726190567016602,107.0405044555664
0P0BTqkBQuAlzbwbTEV57m,0.03815858066082001,0.009498036466538906,0.06467071175575256,0.00845082476735115,0.026618819683790207,0.0870680883526802,0.18862509727478027,0.566446840763092,0.010463010519742966,0.9933576583862305,0.006642427295446396,0.5113074779510498,0.4886925220489502,0.10330286622047424,0.8966971039772034,0.4742218255996704,0.5257782340049744,0.6854737997055054,0.31452620029449463,0.04871863126754761,0.9512813687324524,5.597821235656738,5.675252914428711,5.364516735076904,5.373220920562744,156.2584228515625
02tO6ZalO34vImCrOpuWF3,0.18322588503360748,0.010518618859350681,0.09969004988670349,0.0183713436126709,0.004387322813272476,0.041347138583660126,0.017043061554431915,0.5193279385566711,0.10608857870101929,0.6279329061508179,0.372067391872406,0.3752959072589874,0.6247041821479797,0.18040911853313446,0.8195907473564148,0.5093507170677185,0.4906492233276367,0.6634122133255005,0.3365875780582428,0.15884561836719513,0.8411544561386108,4.919355869293213,4.669001579284668,4.562658786773682,5.008852958679199,97.60467529296875
64CxbY7HD7nOtmfoaiWYMT,0.13500778377056122,0.003951575607061386,0.15961845219135284,0.0033184729982167482,0.008127862587571144,0.040567971765995026,0.10756194591522217,0.5310747623443604,0.010771125555038452,0.9832109212875366,0.016789201647043228,0.44856274127960205,0.5514373779296875,0.04926697909832001,0.9507331252098083,0.36882486939430237,0.6311749815940857,0.8357526063919067,0.16424715518951416,0.0921616405248642,0.9078384637832642,5.5945048332214355,5.564584255218506,4.904813289642334,5.1604766845703125,114.8957290649414
0CyhLA1qjIinJAGnJYk1oK,0.0884164497256279,0.014704772271215916,0.22083114087581635,0.02065926603972912,0.010005835443735123,0.12844739854335785,0.22231823205947876,0.26553815603256226,0.029078654944896698,0.9373332262039185,0.06266681849956512,0.4779083728790283,0.5220917463302612,0.08820321410894394,0.9117968082427979,0.34386980533599854,0.6561302542686462,0.8408089876174927,0.15919093787670135,0.06058994308114052,0.9394102096557617,5.5431928634643555,5.695194244384766,5.278501510620117,5.47763204574585,117.16006469726562
5KQVSvivJ89ZFAPdsLLtyq,0.09050053358078003,0.0066075739450752735,0.10273109376430511,0.003492000512778759,0.04904049262404442,0.08535273373126984,0.22288137674331665,0.4284595847129822,0.010934542864561081,0.9900938272476196,0.00990614015609026,0.41865116357803345,0.5813487768173218,0.020307518541812897,0.9796924591064453,0.8194064497947693,0.18059344589710236,0.928159773349762,0.07184019684791565,0.07871360331773758,0.9212863445281982,6.064774513244629,5.9932541847229,5.1347222328186035,6.414360046386719,103.99567413330078
3lfjd8A0DkB84yrvjzkbry,0.007227382156997919,0.005483720917254686,0.15899896621704102,0.0069789402186870575,0.011339281685650349,0.1334274709224701,0.12021241337060928,0.5509800910949707,0.005351637955754995,0.972033679485321,0.027966339141130447,0.5826467275619507,0.4173533320426941,0.10081367194652557,0.8991862535476685,0.37200799584388733,0.6279918551445007,0.6187351942062378,0.38126495480537415,0.13910065591335297,0.8608992695808411,5.311622619628906,5.536876678466797,4.910351753234863,4.831344127655029,89.98516845703125
7xiCWklNdbjPGNecwGpGsO,0.10700222104787827,0.013522923924028873,0.1710914671421051,0.006210892926901579,0.05786530300974846,0.1006934717297554,0.25607335567474365,0.2783212661743164,0.009219145402312279,0.9963045120239258,0.003695511957630515,0.6920991539955139,0.3079008162021637,0.036413706839084625,0.9635863304138184,0.8020826578140259,0.19791731238365173,0.8917908072471619,0.10820936411619186,0.032633278518915176,0.9673668146133423,6.284423828125,6.269491672515869,5.395996570587158,6.287827491760254,120.04755401611328
4xNlMIBSdUd4py9z0ia2Wi,0.07137852907180786,0.006538808345794678,0.13937371969223022,0.01697876863181591,0.007464786991477013,0.09669854491949081,0.12274059653282166,0.5286330580711365,0.01019325666129589,0.9165650010108948,0.0834350660443306,0.6540882587432861,0.3459116220474243,0.12119625508785248,0.8788038492202759,0.5595890283584595,0.4404110312461853,0.7114932537078857,0.2885068356990814,0.18455910682678223,0.815440833568573,5.257760047912598,5.727975845336914,5.1782050132751465,5.101072788238525,105.84847259521484
6vLZeNQlHhvJyiUBEzlUQB,0.11461376398801804,0.014340492896735668,0.1984841376543045,0.0260029137134552,0.018910536542534828,0.16301694512367249,0.20169205963611603,0.24657903611660004,0.016360189765691757,0.9721766114234924,0.027823345735669136,0.4747180640697479,0.5252819657325745,0.22036989033222198,0.7796299457550049,0.7171988487243652,0.28280138969421387,0.5737035274505615,0.4262964129447937,0.06498871743679047,0.9350113868713379,5.4634108543396,5.642603874206543,5.149282455444336,5.350152492523193,144.7945556640625
2nWlJ8gwkn5KPADD07zcmw,0.0755452960729599,0.0963091105222702,0.12079831957817078,0.002378199016675353,0.004386525135487318,0.047435320913791656,0.1933101862668991,0.43981072306632996,0.020026307553052902,0.9993912577629089,0.0006088240770623088,0.6392198801040649,0.3607797920703888,0.011850008741021156,0.9881500601768494,0.38489222526550293,0.6151080131530762,0.9833868741989136,0.016613144427537918,0.022211095318198204,0.9777888059616089,6.446743011474609,5.934300422668457,5.492198944091797,6.571356773376465,123.53023529052734
4K5lYtD8r6OFRbzWc6MwCS,0.05135048180818558,0.00929742306470871,0.09818225353956223,0.0005272491835057735,0.025289779528975487,0.018218062818050385,0.036434371024370193,0.7569579482078552,0.003742382861673832,0.9735247492790222,0.02647531032562256,0.7432451844215393,0.25675493478775024,0.00046565421507693827,0.999534547328949,0.8496244549751282,0.1503753662109375,0.9843325018882751,0.01566745713353157,0.12236635386943817,0.8776336908340454,6.495733737945557,5.67256498336792,5.196126937866211,6.475565433502197,123.08433532714844
62xla8336vUnmxTWNzCfRt,0.07553916424512863,0.0035860680509358644,0.19137394428253174,0.001283326419070363,0.036272089928388596,0.06903909146785736,0.18094505369663239,0.43760260939598083,0.004358702804893255,0.9660218954086304,0.033978208899497986,0.6772776246070862,0.3227221965789795,0.014109640382230282,0.9858906865119934,0.4121682047843933,0.5878318548202515,0.9449672698974609,0.055032774806022644,0.11509208381175995,0.8849080204963684,5.875821590423584,6.00169563293457,5.070384502410889,5.746229648590088,111.90155792236328
6NOrpcicPUh2eaj8bAD44u,0.0018667520489543676,0.006087592802941799,0.011456973850727081,0.00018636217282619327,0.00534492963925004,0.03715965151786804,0.011164294555783272,0.925915539264679,0.0008180197328329086,0.9987229704856873,0.0012770290486514568,0.4290468096733093,0.5709533095359802,0.0003529835375957191,0.9996471405029297,0.04196896031498909,0.9580308198928833,0.7236297130584717,0.2763703763484955,0.04942335560917854,0.9505763053894043,5.259200572967529,4.8428826332092285,5.099706649780273,5.130246639251709,97.00235748291016
3BnDvpeuGOj21Ir2aVEtQo,0.06641808152198792,0.00228855200111866,0.24218431115150452,0.003120527369901538,0.026332952082157135,0.16443276405334473,0.2179519087076187,0.2707999348640442,0.0064709801226854324,0.9986913204193115,0.001308747916482389,0.5657752752304077,0.43422481417655945,0.013474488630890846,0.9865255355834961,0.2171798050403595,0.7828202247619629,0.6786307692527771,0.3213690519332886,0.1027321144938469,0.8972676992416382,5.537298202514648,5.347219944000244,5.229887962341309,4.775622844696045,107.01522064208984
1s7oOCT8vauUh01PbJD6ps,0.0779411792755127,0.002649339847266674,0.19723764061927795,0.00038824466173537076,0.023390410467982292,0.07566945254802704,0.3133757412433624,0.3074324131011963,0.001915610278956592,0.9999992847442627,7.098911964931176e-07,0.7752004861831665,0.22479942440986633,0.002271712524816394,0.9977286458015442,0.4922667443752289,0.5077332258224487,0.8616378903388977,0.1383621096611023,0.15600696206092834,0.8439930081367493,5.750135898590088,5.949328422546387,5.210448741912842,5.187115669250488,107.01382446289062
1iBWjQ9af9NnUd5xnQDB3k,0.13105972111225128,0.008189749903976917,0.11497412621974945,0.011270287446677685,0.1385098695755005,0.1457739621400833,0.14360760152339935,0.29156655073165894,0.015048235654830933,0.9555928111076355,0.04440736398100853,0.4989748001098633,0.5010251998901367,0.10511433333158493,0.8948857188224792,0.6031433343887329,0.396856427192688,0.5740587711334229,0.4259411096572876,0.07945714145898819,0.9205429553985596,5.492041110992432,5.648740768432617,5.035184383392334,5.426774501800537,95.98248291015625
2irQkcW7o3v0tZoGZrtUsO,0.3454364836215973,0.014375186525285244,0.08121220767498016,0.0011197390267625451,0.07773324102163315,0.024208704009652138,0.1767786145210266,0.2711166441440582,0.008018950000405312,0.9999315738677979,6.859795394120738e-05,0.5993388891220093,0.40066105127334595,0.013582326471805573,0.9864177107810974,0.9207624793052673,0.07923758029937744,0.9412080645561218,0.05879199132323265,0.02396838739514351,0.976031482219696,6.160362720489502,5.257372856140137,5.039278507232666,6.312293529510498,100.0147933959961
771KDfpsOtJPQmocQpMdkR,0.03198396414518356,0.0035988595336675644,0.32407110929489136,0.00288199819624424,0.010980061255395412,0.03685469925403595,0.042469121515750885,0.5382990837097168,0.00886126235127449,0.9378101229667664,0.062190230935811996,0.6893277764320374,0.3106721043586731,0.0054900385439395905,0.9945100545883179,0.48021990060806274,0.5197800993919373,0.9231197834014893,0.07687980681657791,0.3184700012207031,0.6815298795700073,5.462657451629639,5.3540215492248535,4.707666397094727,5.105937480926514,116.52569580078125
2psl5iNJCrmmm2XtS7LZqb,0.03562450036406517,0.00478017283603549,0.29218438267707825,0.003353595733642578,0.00899514090269804,0.045815736055374146,0.11615488678216934,0.48294392228126526,0.010147614404559135,0.9798025488853455,0.02019764855504036,0.7411651015281677,0.2588348984718323,0.013646765612065792,0.9863533973693848,0.1611751914024353,0.8388245701789856,0.6405564546585083,0.3594435751438141,0.03642411530017853,0.9635758399963379,5.391803741455078,5.410604476928711,4.898510456085205,5.112229824066162,99.99767303466797
25Kyv5SeEenT0EETpP2hYn,0.08530775457620621,0.0045165750198066235,0.05953467637300491,0.007637833245098591,0.04134274646639824,0.0965542271733284,0.15911559760570526,0.5436831116676331,0.002307485556229949,0.9825483560562134,0.017451731488108635,0.8314189314842224,0.1685810387134552,0.04303552582859993,0.956964373588562,0.4512177109718323,0.548782229423523,0.49924036860466003,0.5007596611976624,0.07186130434274673,0.928138792514801,5.23987340927124,5.426231384277344,5.22321891784668,4.833342552185059,104.99993896484375
2cIgc7BGVotRfM64VPsRCH,0.1667478382587433,0.00433128559961915,0.13068701326847076,0.04645541310310364,0.0034309118054807186,0.01824237033724785,0.03486860170960426,0.501934826374054,0.09330171346664429,0.7142905592918396,0.2857093811035156,0.39305225014686584,0.6069478392601013,0.18941554427146912,0.8105846643447876,0.24298498034477234,0.75701504945755,0.5590963363647461,0.4409036934375763,0.1180885061621666,0.8819114565849304,4.718092918395996,4.706587314605713,4.385562419891357,4.879331588745117,112.5470962524414
0B3FovCVaGKS5w1FTidEUP,0.1942712813615799,0.007292256690561771,0.08542449027299881,0.0011225733906030655,0.01063172984868288,0.019856711849570274,0.09044501185417175,0.5834227204322815,0.007533262483775616,0.993597149848938,0.0064031025394797325,0.4713076055049896,0.528692364692688,0.059649910777807236,0.9403499364852905,0.6453553438186646,0.3546445369720459,0.6857759952545166,0.3142239451408386,0.017789330333471298,0.9822107553482056,5.227760314941406,5.581839084625244,4.921331405639648,5.1983137130737305,92.00455474853516
4vjflp3ZHBCnIetwDAt44Q,0.11939305812120438,0.004591880366206169,0.06764601916074753,0.021153876557946205,0.0042868610471487045,0.01984637789428234,0.06553633511066437,0.6378381848335266,0.059707313776016235,0.8124577403068542,0.18754233419895172,0.43946152925491333,0.5605384111404419,0.15742258727550507,0.8425773978233337,0.19338831305503845,0.8066115975379944,0.5961549282073975,0.40384504199028015,0.0549791045486927,0.945020854473114,4.817890644073486,4.9458489418029785,4.754613399505615,4.8371500968933105,135.19610595703125
0am7uLivhU1mwPNYpK30al,0.05410114303231239,0.006688103545457125,0.013123690150678158,0.047791365534067154,0.025395411998033524,0.022221427410840988,0.09845716506242752,0.716506838798523,0.01571478508412838,0.9209676384925842,0.07903248816728592,0.5369243621826172,0.4630756080150604,0.16983027756214142,0.8301698565483093,0.3764348328113556,0.6235649585723877,0.3767688274383545,0.6232311129570007,0.06942405551671982,0.9305758476257324,4.976283550262451,5.610310077667236,4.8967509269714355,4.51746940612793,105.97642517089844
0GA850AWIBdMW3Cfd4ptds,0.12766709923744202,0.0037755887024104595,0.2734581530094147,0.005901943892240524,0.003578997915610671,0.011755086481571198,0.04037320986390114,0.5010815262794495,0.03240841627120972,0.9753038883209229,0.02469606138765812,0.5794146060943604,0.42058536410331726,0.045037876814603806,0.9549622535705566,0.2715177536010742,0.7284823060035706,0.8333553075790405,0.16664467751979828,0.2579078674316406,0.7420923113822937,5.055190086364746,4.8263678550720215,4.8304290771484375,5.001762390136719,135.40054321289062
47MhyGA0XUtF9lZJtny3Pd,0.09199356287717819,0.004484291188418865,0.12201882898807526,0.0024480728898197412,0.016971629112958908,0.024909911677241325,0.14661064743995667,0.5755019783973694,0.01506121177226305,0.9460152387619019,0.053984928876161575,0.7924981713294983,0.20750191807746887,0.052979160100221634,0.9470208287239075,0.3522562086582184,0.6477439999580383,0.3115478456020355,0.6884522438049316,0.07450451701879501,0.9254956245422363,5.000901699066162,5.136978626251221,4.667913436889648,4.549408435821533,102.03892517089844
6jIpfTmCaebJyQxfrZb749,0.10377104580402374,0.0038029097486287355,0.05204591900110245,0.011461951769888401,0.018217960372567177,0.01573287509381771,0.0820874273777008,0.6147926449775696,0.09808730334043503,0.9195652008056641,0.08043477684259415,0.663841962814331,0.3361578583717346,0.143354132771492,0.8566457629203796,0.380418062210083,0.6195819973945618,0.6418269872665405,0.3581729531288147,0.012336025014519691,0.9876641631126404,5.241514682769775,5.252327919006348,4.861078262329102,5.218275547027588,128.56756591796875
46KjZQkVOB5rvzSCGKJrIO,0.10041584819555283,0.004731740802526474,0.2378229796886444,0.0235426165163517,0.0013374045956879854,0.023608490824699402,0.12735891342163086,0.45151621103286743,0.0296658705919981,0.9020362496376038,0.0979638323187828,0.6408562064170837,0.35914382338523865,0.09961912781000137,0.9003807306289673,0.4689888656139374,0.5310111045837402,0.836041271686554,0.1639585942029953,0.12511679530143738,0.8748831152915955,5.340378761291504,5.097609043121338,4.551554203033447,5.132756233215332,117.17620849609375
12IXYei6KVHIXSOJIL2f8M,0.0072854324243962765,0.05936159938573837,0.5905221104621887,6.79354925523512e-05,0.0009632933652028441,0.1624482423067093,0.11862403899431229,0.04895825311541557,0.011768978089094162,1.0,6.823870357663964e-10,0.9173505306243896,0.08264974504709244,6.5007648153425635e-09,1.0,0.10975448042154312,0.8902455568313599,1.0,2.145846345058544e-08,0.6239057779312134,0.37609413266181946,6.358425617218018,5.314070701599121,5.266432285308838,6.303489685058594,135.01661682128906
1uGvxm9aFt0oyUolJt8ooi,0.015314150601625443,0.04492555931210518,0.5105680227279663,0.00034910155227407813,0.030656030401587486,0.011340105906128883,0.2708470821380615,0.08595667034387589,0.030043207108974457,0.9996733665466309,0.0003268776345066726,0.9366717338562012,0.06332836300134659,0.0008924423018470407,0.9991076588630676,0.32512223720550537,0.6748775243759155,0.9666916728019714,0.0333084836602211,0.08288425952196121,0.9171158075332642,6.400271415710449,5.21039342880249,4.939676284790039,6.625690460205078,128.01864624023438
17E3lZxFJnO49Gb0tdgVn0,0.012629557400941849,0.014834094792604446,0.30909818410873413,0.000756684283260256,0.03555674850940704,0.018298478797078133,0.48440349102020264,0.10398250818252563,0.020440202206373215,0.9709250330924988,0.029074959456920624,0.9510836005210876,0.04891641065478325,0.008255853317677975,0.9917441606521606,0.41185107827186584,0.5881490707397461,0.9615929126739502,0.03840723633766174,0.1538645178079605,0.8461354374885559,6.624377250671387,5.252871513366699,4.8381476402282715,6.5271501541137695,130.2180938720703
5cGZN0P1QnSfhCFBCHtp2N,0.01625598594546318,0.006202708929777145,0.7027938365936279,0.0035120362881571054,0.0039615933783352375,0.09634413570165634,0.057937923818826675,0.05961635708808899,0.05337539315223694,0.9913565516471863,0.008643487468361855,0.8994224071502686,0.10057775676250458,0.0004788999503944069,0.9995211362838745,0.2011084109544754,0.7988914847373962,0.9909907579421997,0.009009281173348427,0.326952189207077,0.6730476021766663,5.75982141494751,5.3616485595703125,5.243666648864746,5.7700605392456055,135.04843139648438
6YjVrP2g7gJYh3aXkgnspC,0.003418745007365942,0.03214949369430542,0.19727730751037598,0.0001445577945560217,0.17753849923610687,0.03121890500187874,0.4415718615055084,0.09809587150812149,0.018584834411740303,0.9999765157699585,2.3554748622700572e-05,0.9432814717292786,0.05671844631433487,6.395915988832712e-05,0.9999361038208008,0.11493169516324997,0.885068416595459,0.8996634483337402,0.10033685714006424,0.08422160148620605,0.9157782793045044,6.254684925079346,5.569376468658447,4.70741081237793,6.558376789093018,132.97142028808594
2TbjVYIbgIh7jBAkSTCnaC,0.009968888945877552,0.011801192536950111,0.500657856464386,0.00025189947336912155,0.00726406229659915,0.05226605013012886,0.3706047534942627,0.013171275146305561,0.03401404246687889,0.9376320838928223,0.062368009239435196,0.872217059135437,0.12778307497501373,0.0034077547024935484,0.9965921640396118,0.04868903011083603,0.9513110518455505,0.9789368510246277,0.021063055843114853,0.15128831565380096,0.8487116694450378,6.13362455368042,5.704222679138184,4.741922378540039,6.471826553344727,135.9111785888672
01dN3BpfEFTWDlKvP4wD2l,0.02648298628628254,0.023971103131771088,0.29413893818855286,0.004015617538243532,0.007384138647466898,0.07024157047271729,0.3743431568145752,0.15400834381580353,0.045414038002491,0.9167048335075378,0.08329513669013977,0.8809484243392944,0.11905166506767273,0.006023668684065342,0.9939764142036438,0.43340981006622314,0.5665901899337769,0.9138600826263428,0.08613990992307663,0.15848781168460846,0.8415119051933289,5.879981517791748,5.596815586090088,5.37805700302124,5.950997829437256,133.03550720214844
05GNNBz9EEaWnTul77WsSH,0.05977758765220642,0.02430408075451851,0.257473886013031,0.0032991603948175907,0.003642611438408494,0.03170134127140045,0.09347280859947205,0.5103872418403625,0.015941236168146133,0.9300271272659302,0.06997295469045639,0.8792324066162109,0.12076803296804428,0.01320449449121952,0.9867958426475525,0.3919026255607605,0.6080973148345947,0.9116539359092712,0.08834627270698547,0.15674041211605072,0.8432598114013672,6.292010307312012,5.29890251159668,5.152787208557129,6.529235363006592,123.559814453125
5s54Ts1rJwUwaxQqoTC4jQ,0.010051303543150425,0.021510759368538857,0.6769999265670776,0.00014696728612761945,0.009655644185841084,0.028015293180942535,0.12384936958551407,0.07304979115724564,0.05672095715999603,0.9996921420097351,0.0003078732406720519,0.8713517189025879,0.12864796817302704,0.0025978542398661375,0.9974023103713989,0.08803078532218933,0.9119692444801331,0.9677174091339111,0.03228268399834633,0.47632673382759094,0.5236732959747314,6.194002628326416,4.9118475914001465,4.796541213989258,6.547243118286133,131.83935546875
4RDxZ480bvzAtIbM032huV,0.052044037729501724,0.06531278043985367,0.3918231129646301,0.008139003999531269,0.0038777978625148535,0.09753713756799698,0.2589804232120514,0.018287234008312225,0.10399843752384186,0.9227142930030823,0.0772857740521431,0.7596335411071777,0.24036630988121033,0.04680908843874931,0.9531910419464111,0.1804744005203247,0.8195255994796753,0.9118735790252686,0.08812642842531204,0.1853494942188263,0.8146504163742065,6.352712631225586,5.316159725189209,4.6442084312438965,5.94777250289917,136.67051696777344
5rrwj9g1c4kwnPSnsXP7g3,0.44347864389419556,0.004316919017583132,0.04667763411998749,0.11917619407176971,0.004642815794795752,0.014350875280797482,0.26543694734573364,0.004453394562005997,0.09746667742729187,0.9496784210205078,0.05032159015536308,0.5895174145698547,0.4104824662208557,0.4796963036060333,0.5203037261962891,0.9196793437004089,0.08032060414552689,0.6101312637329102,0.3898686468601227,0.1263212114572525,0.8736791014671326,5.671154022216797,6.036460876464844,5.553173065185547,5.58245325088501,116.45530700683594
4jzK6Ey84SAexMK5C2JWKx,0.2762661576271057,0.007308271713554859,0.23767228424549103,0.042566269636154175,0.0062462203204631805,0.02455001510679722,0.3339368402957916,0.0025641575921326876,0.06888976693153381,0.9695721864700317,0.0304278414696455,0.5522554516792297,0.44774460792541504,0.04329922795295715,0.9567006826400757,0.961503267288208,0.03849668800830841,0.9891636967658997,0.01083639170974493,0.23071251809597015,0.7692875862121582,7.178075313568115,5.757241249084473,5.795884609222412,6.340033531188965,161.85781860351562
4L3Rud7r43lpC2NVJeSzSO,0.4492564797401428,0.008466711267828941,0.03748355060815811,0.1213560402393341,0.007762902416288853,0.02648288942873478,0.07395477592945099,0.006729538086801767,0.2685070037841797,0.7799193263053894,0.22008047997951508,0.4503943920135498,0.5496054887771606,0.38618889451026917,0.6138112545013428,0.7140398621559143,0.28596022725105286,0.544136106967926,0.455863893032074,0.114059217274189,0.8859407901763916,5.4970479011535645,5.177444934844971,5.109715938568115,5.3970561027526855,172.26568603515625
6CltzquypraYIlWFp48m1O,0.4943907558917999,0.010739458724856377,0.023486146703362465,0.05822325497865677,0.004286258481442928,0.011382663622498512,0.07353376597166061,0.0008225040510296822,0.3231351971626282,0.8301017880439758,0.16989821195602417,0.29289954900741577,0.7071005702018738,0.24865947663784027,0.7513405680656433,0.8242377042770386,0.1757621169090271,0.6563937664031982,0.343606173992157,0.0684160366654396,0.931583821773529,6.2191619873046875,5.359564304351807,5.439035415649414,5.694805145263672,131.07749938964844
3ZZyUf7WkhfN1JkQZZ00fI,0.26912397146224976,0.003038091817870736,0.14379042387008667,0.028255682438611984,0.004037580452859402,0.024050218984484673,0.4520566165447235,0.004072064533829689,0.07157542556524277,0.998577892780304,0.0014222788158804178,0.6692571640014648,0.33074280619621277,0.16977450251579285,0.8302253484725952,0.9854830503463745,0.01451677456498146,0.9527834057807922,0.047216661274433136,0.1849096715450287,0.8150902986526489,6.403878211975098,6.433767795562744,5.9005961418151855,5.740787506103516,161.6879119873047
4XLImmACHztCOIWzrpEq06,0.29669636487960815,0.017880519852042198,0.08134933561086655,0.2064032405614853,0.03023301064968109,0.0815366730093956,0.16215068101882935,0.007193570490926504,0.11655658483505249,0.31007909774780273,0.6899210810661316,0.5266287922859192,0.47337105870246887,0.8327006697654724,0.16729944944381714,0.25912418961524963,0.7408757209777832,0.06438308209180832,0.9356169104576111,0.0904792845249176,0.9095206260681152,4.251739978790283,4.114826202392578,4.096765995025635,4.292442321777344,123.12264251708984
5rF6YUIlgiat22OT1lWspJ,0.23521515727043152,0.005770840682089329,0.17382614314556122,0.21191371977329254,0.0059353383257985115,0.016894854605197906,0.22212070226669312,0.0027418751269578934,0.12558135390281677,0.6697438359260559,0.33025625348091125,0.536897599697113,0.46310240030288696,0.355756014585495,0.6442438960075378,0.9094384908676147,0.090561643242836,0.5992943644523621,0.4007054567337036,0.24545152485370636,0.754548192024231,5.707252502441406,5.564967632293701,5.534691333770752,5.575588703155518,80.95242309570312
6YrNd7sFarQAUflTPcTH0h,0.2810082733631134,0.030611999332904816,0.019651858136057854,0.32789552211761475,0.008762456476688385,0.033710990101099014,0.17926354706287384,0.009463056921958923,0.10963250696659088,0.6758615970611572,0.32413819432258606,0.2597024440765381,0.7402976751327515,0.5734931826591492,0.42650681734085083,0.868226170539856,0.13177379965782166,0.30125948786735535,0.6987407803535461,0.10611244291067123,0.8938873410224915,5.315600395202637,5.452425956726074,5.388883113861084,5.4994120597839355,84.97371673583984
1SCWdCsPcC5UWJ0jGpWjFm,0.23152121901512146,0.0066434056498110294,0.15139341354370117,0.14236479997634888,0.008041278459131718,0.052292171865701675,0.3175884187221527,0.01589008793234825,0.07426518201828003,0.8004567623138428,0.19954326748847961,0.534591019153595,0.46540898084640503,0.5374433398246765,0.4625566899776459,0.6572622060775757,0.3427378535270691,0.35458484292030334,0.6454153060913086,0.15951429307460785,0.8404858112335205,5.295706272125244,5.290237903594971,5.1590166091918945,5.086426734924316,83.03436279296875
5g0HSob4PEq7M8blV6y70i,0.4068399667739868,0.04021339491009712,0.07783827930688858,0.07832030951976776,0.015700606629252434,0.0051910788752138615,0.13391253352165222,0.0010801466414704919,0.2409038245677948,0.876950204372406,0.12304988503456116,0.45774245262145996,0.5422574281692505,0.00923156924545765,0.9907686710357666,0.906245768070221,0.09375433623790741,0.8530502319335938,0.14694993197917938,0.07702845335006714,0.9229716062545776,6.7606072425842285,5.150981903076172,5.180322647094727,5.560467720031738,102.10026550292969
1yIi7qRdybE4yY1V0YdOKG,0.013020782731473446,0.035312000662088394,0.7230585813522339,0.0017616130644455552,0.014289496466517448,0.08748658746480942,0.09880072623491287,0.012133280746638775,0.014136643148958683,0.9803836345672607,0.019616415724158287,0.9519135355949402,0.048086490482091904,0.002059565857052803,0.9979405403137207,0.27257946133613586,0.7274206876754761,0.907184362411499,0.09281565248966217,0.06204284355044365,0.9379571080207825,6.251298427581787,5.840208053588867,5.373861312866211,6.263011455535889,135.92784118652344
0SLedTMdKihqLsR6CGPAfD,0.016657434403896332,0.004979652352631092,0.020332330837845802,0.0035230200737714767,0.001310310559347272,0.027421580627560616,0.006528692785650492,0.911101222038269,0.008145840838551521,0.9381094574928284,0.06189049407839775,0.70042484998703,0.29957523941993713,0.0812980905175209,0.9187020659446716,0.3795771896839142,0.620422899723053,0.9181512594223022,0.08184884488582611,0.06268219649791718,0.9373176097869873,5.5699286460876465,5.123693466186523,4.229941368103027,5.634625434875488,138.12762451171875
36nYS9AwMR06ph6imdjn7J,0.021688414737582207,0.0010721524013206363,0.5555976033210754,0.0017842947272583842,0.003175395308062434,0.05366756021976471,0.030071541666984558,0.3193485736846924,0.013594279997050762,0.8947124481201172,0.10528754442930222,0.8472484946250916,0.1527516394853592,0.060152649879455566,0.9398474097251892,0.01998705230653286,0.9800128936767578,0.7853832840919495,0.21461686491966248,0.1919277459383011,0.8080723285675049,5.331992149353027,4.742785930633545,4.411004066467285,4.909680366516113,139.95339965820312
5CaUUACiQFEf4zR5WoeIrp,0.008896135725080967,0.03926435858011246,0.4524303078651428,0.007756521925330162,0.0048695458099246025,0.05795777961611748,0.16601067781448364,0.21591739356517792,0.04689723625779152,0.9949520826339722,0.005048069637268782,0.9131006598472595,0.0868993028998375,0.024098651483654976,0.9759014844894409,0.1213764175772667,0.8786234855651855,0.945985734462738,0.054014381021261215,0.1349724680185318,0.8650274276733398,6.246248245239258,5.407504081726074,5.069971561431885,6.012714862823486,87.75624084472656
61SkRhKUIDaUG3CiP0XQU3,0.021564016118645668,0.021301571279764175,0.5379850268363953,0.0034400620497763157,0.028219344094395638,0.05544784665107727,0.1694604456424713,0.14502102136611938,0.017560619860887527,0.961968183517456,0.03803187608718872,0.8766881823539734,0.12331181019544601,0.011914973147213459,0.9880852103233337,0.3114553689956665,0.6885446310043335,0.8640109300613403,0.13598905503749847,0.19164378941059113,0.8083561658859253,6.22605562210083,5.301878452301025,4.846461296081543,6.11741304397583,132.0268096923828
2aoWvGMW6W40WelevwsOUx,0.0206045750528574,0.00029555021319538355,0.06389780342578888,0.0013307913905009627,0.0003674851614050567,0.001132464618422091,0.00034363847225904465,0.9034647941589355,0.008563046343624592,0.9871785044670105,0.012821566313505173,0.3023984730243683,0.6976015567779541,0.004517149180173874,0.9954831004142761,0.23083911836147308,0.7691607475280762,0.9887275099754333,0.011272361502051353,0.0425586961209774,0.9574412107467651,5.643386363983154,4.896965026855469,3.4115231037139893,6.000182151794434,133.8715057373047
6q36Cqt2d3O5jqrQR9uXCp,0.018292853608727455,0.02081230655312538,0.7322381734848022,0.00022275070659816265,0.001737748272716999,0.04979269206523895,0.15578095614910126,0.007226732559502125,0.013895663432776928,0.9938326478004456,0.00616766232997179,0.8603482842445374,0.139651820063591,0.020292313769459724,0.9797077178955078,0.24921023845672607,0.750789999961853,0.9949910640716553,0.0050089736469089985,0.33008018136024475,0.6699196696281433,6.003122329711914,5.494372367858887,5.298746585845947,6.192412376403809,129.88304138183594
6w7eHZFNdOpg2teEBCqjy2,0.03593500703573227,0.11117304116487503,0.25443461537361145,0.0018564538331702352,0.029864327982068062,0.14442116022109985,0.2996304929256439,0.10954400897026062,0.013140889815986156,0.9669250845909119,0.03307494893670082,0.9335172176361084,0.06648267805576324,0.0098416144028306,0.9901586174964905,0.3369545042514801,0.6630455255508423,0.967620849609375,0.0323791466653347,0.07869413495063782,0.9213060140609741,5.9359846115112305,6.202704906463623,5.181771278381348,5.698460578918457,128.4463653564453
19P0dOcggnCTCIu51gsp5F,0.012380589731037617,0.00017283220950048417,0.9708048105239868,0.00019193743355572224,0.00013169793237466365,0.0011768228141590953,0.0012881597504019737,0.0017275649588555098,0.0121254688128829,0.9631037712097168,0.03689633309841156,0.8141614198684692,0.18583877384662628,0.00026616043760441244,0.9997338652610779,0.03492826595902443,0.9650717973709106,0.994256854057312,0.005743175279349089,0.9004209637641907,0.09957889467477798,6.720355033874512,4.5019354820251465,4.267202377319336,5.957765102386475,161.499267578125
5I5urH7JO7rRAUI4JCodLW,0.012628016993403435,0.0004608695744536817,0.9602079391479492,0.0006188669358380139,0.00017453928012400866,0.0023891793098300695,0.01274153497070074,0.001199927763082087,0.009579005651175976,0.938617467880249,0.0613827221095562,0.8536486029624939,0.14635145664215088,0.007686627097427845,0.9923133254051208,0.13875454664230347,0.8612453937530518,0.9949985146522522,0.005001388490200043,0.6958901286125183,0.3041099011898041,6.69634485244751,4.2940754890441895,4.242956638336182,5.814777851104736,161.4993133544922
79nRqde4cRssDzkJcu275a,0.027592170983552933,0.013350177556276321,0.2478003054857254,0.003977651242166758,0.009546582587063313,0.011059915646910667,0.600631594657898,0.044855911284685135,0.04118574783205986,0.9573355317115784,0.042664460837841034,0.8173209428787231,0.18267899751663208,0.02688981220126152,0.9731100797653198,0.30720090866088867,0.6927990913391113,0.8589450120925903,0.14105507731437683,0.04661056026816368,0.9533895254135132,6.297180652618408,6.079621315002441,4.493987560272217,6.223629951477051,153.41189575195312
0aMonkh8OKgqx1K0viRHRT,0.011696947738528252,0.0007883444195613265,0.8400928378105164,0.0003550639667082578,0.00047263046144507825,0.028675848618149757,0.030113492161035538,0.0027143529150635004,0.08509055525064468,0.8984737992286682,0.10152621567249298,0.9164560437202454,0.08354412019252777,0.007390553597360849,0.9926095008850098,0.06654464453458786,0.9334554672241211,0.9262151718139648,0.0737849548459053,0.5366484522819519,0.4633515179157257,5.708868026733398,5.096935272216797,4.078718662261963,5.152627944946289,161.56329345703125
6PrPWf02VxGUd2jJLs9z1M,0.004120238125324249,0.00036689211265183985,0.9568583965301514,2.771863182715606e-05,0.000663558894302696,0.002514143707230687,0.014666786417365074,0.015589678660035133,0.005192480981349945,0.9995400309562683,0.00046025379560887814,0.7056941986083984,0.2943056523799896,8.110977432806976e-06,0.9999920725822449,0.05418962985277176,0.9458104372024536,0.9998700618743896,0.0001300607982557267,0.6322532296180725,0.36774682998657227,7.334566593170166,4.1990814208984375,4.216327667236328,6.170223236083984,161.6001739501953
4qZCgcrKPt91QkF9OA1eww,0.011447758413851261,0.004294851794838905,0.7988332509994507,0.0005571813671849668,0.008767224848270416,0.020465373992919922,0.06301871687173843,0.08124732226133347,0.011368521489202976,0.9874920845031738,0.012508031912147999,0.9072868824005127,0.09271305799484253,0.0018331703031435609,0.9981669187545776,0.24578863382339478,0.75421142578125,0.9965691566467285,0.003430969314649701,0.39996159076690674,0.6000384092330933,7.009397029876709,4.8547892570495605,3.8577964305877686,6.286185264587402,164.02886962890625
2Rb5DcNmRKGmMGB48cY8cy,0.006478000432252884,0.00046968014794401824,0.9559190273284912,7.423261558869854e-05,0.0013129862491041422,0.008536948822438717,0.0057983663864433765,0.006856126245111227,0.014554733410477638,0.9856435656547546,0.014356443658471107,0.6960915923118591,0.30390846729278564,0.00039075841777957976,0.9996091723442078,0.07477802783250809,0.9252219796180725,0.9935816526412964,0.006418529897928238,0.659849226474762,0.34015095233917236,5.366199970245361,4.6870598793029785,4.425260543823242,5.225501537322998,153.59642028808594
1RM4nxRkTwXtOKilbWtsKk,0.005062801297754049,0.0003739689418580383,0.9066011309623718,0.0007175313076004386,0.0002073337382171303,0.006921772845089436,0.043899551033973694,0.0006757221999578178,0.03553992882370949,0.9748503565788269,0.025149738416075706,0.7204903960227966,0.27950936555862427,0.0007892646244727075,0.999210774898529,0.019455593079328537,0.9805445075035095,0.986376941204071,0.013623131439089775,0.6826844811439514,0.3173154890537262,7.022696018218994,4.977810859680176,3.9500157833099365,5.907717704772949,146.25436401367188
31gZqv2SpnQy58AAmoxPQD,0.0065393950790166855,0.0011376753682270646,0.8933785557746887,5.366881305235438e-05,0.00033522688318043947,0.04240185394883156,0.03574308380484581,0.002423623576760292,0.017986632883548737,0.9813420176506042,0.018658053129911423,0.8367421627044678,0.16325782239437103,0.0016450983239337802,0.998354971408844,0.07153001427650452,0.928470253944397,0.9998816847801208,0.00011834346514660865,0.6449803113937378,0.35501977801322937,7.319208145141602,5.0571980476379395,4.4581804275512695,6.685922145843506,161.4993438720703
0nAVI55nVF9u0dxDX19PVN,0.01950250007212162,0.0014105718582868576,0.8418288826942444,0.001107525546103716,0.014324101619422436,0.05803512781858444,0.01891782507300377,0.024074610322713852,0.02079891413450241,0.9110715985298157,0.0889282301068306,0.8519746661186218,0.14802542328834534,0.06859287619590759,0.9314072728157043,0.17397411167621613,0.8260258436203003,0.8909187912940979,0.10908123105764389,0.6861413717269897,0.3138585388660431,6.150844573974609,4.854870319366455,4.855293273925781,5.598531723022461,161.49937438964844
6fSlRTkNKQVWXKIrwdKyZi,0.05978197604417801,0.012588445097208023,0.122751384973526,0.01976265199482441,0.1073494553565979,0.40906330943107605,0.18912604451179504,0.06318307667970657,0.01639365963637829,0.9625778794288635,0.0374222993850708,0.5152546167373657,0.48474541306495667,0.168433278799057,0.8315668106079102,0.8354105949401855,0.16458956897258759,0.7997444868087769,0.20025554299354553,0.33688807487487793,0.6631120443344116,6.077483177185059,5.978029251098633,5.3693647384643555,5.703256130218506,137.07029724121094
0vOEKS5HgWETIp3oaX2s9A,0.0057637933641672134,0.0034374587703496218,0.12754550576210022,0.0020525329746305943,0.016641968861222267,0.08910813927650452,0.12853892147541046,0.6256831884384155,0.001228557899594307,0.9779149293899536,0.02208513580262661,0.8114250898361206,0.18857528269290924,0.04954112321138382,0.950458824634552,0.19761495292186737,0.8023850321769714,0.6081885695457458,0.3918113112449646,0.2031242847442627,0.7968758344650269,5.388645172119141,5.379643440246582,4.894703388214111,4.522260665893555,128.7107696533203
3vwiFykQXY21Zz0CLnIDG7,0.001953796250745654,0.0020854081958532333,0.32497474551200867,0.00017189844220411032,0.00587829202413559,0.5363837480545044,0.0036557703278958797,0.124720998108387,0.0001754352852003649,0.9988059401512146,0.0011940639233216643,0.7485803365707397,0.25141972303390503,0.009767063893377781,0.9902328848838806,0.7282195687294006,0.2717803120613098,0.9771679043769836,0.02283196896314621,0.814909040927887,0.1850908398628235,6.138917922973633,6.112704753875732,5.641186237335205,5.4885334968566895,116.73824310302734
7ezLCYYElreJTHe7KyuKTG,0.14913423359394073,0.009215433150529861,0.508101224899292,0.010359402745962143,0.00406827824190259,0.1248774453997612,0.13581585884094238,0.04502074792981148,0.013407444581389427,0.9315073490142822,0.06849250942468643,0.5702638626098633,0.4297361671924591,0.1793159693479538,0.8206843137741089,0.3787035048007965,0.6212964653968811,0.8575964570045471,0.1424034684896469,0.5602921843528748,0.43970781564712524,5.674972057342529,5.212334632873535,4.783468246459961,4.9546942710876465,99.90135192871094
1hBvCXXnLsXwlS7Qx2xdAh,0.026424558833241463,0.0016273822402581573,0.3693326413631439,0.00029103123233653605,0.0054108500480651855,0.038020335137844086,0.05837147310376167,0.49751004576683044,0.0030115137342363596,0.9936489462852478,0.006351171992719173,0.7281237840652466,0.27187612652778625,0.007051337510347366,0.9929490685462952,0.3381671607494354,0.6618329882621765,0.9390404224395752,0.06095961108803749,0.3261139392852783,0.6738860607147217,5.71008825302124,5.439888000488281,5.025461196899414,5.238127708435059,90.04863739013672
5fZJQrFKWQLb7FpJXZ1g7K,0.20123112201690674,0.021168982610106468,0.059537243098020554,0.15340405702590942,0.007263283245265484,0.0211467444896698,0.20439483225345612,0.2552086114883423,0.07664509117603302,0.751412570476532,0.24858753383159637,0.2590412199497223,0.7409587502479553,0.410560667514801,0.5894393920898438,0.8194711208343506,0.1805286854505539,0.6176556944847107,0.38234424591064453,0.05404035747051239,0.9459596276283264,5.754388332366943,5.207430362701416,4.899914741516113,5.80273962020874,162.7585906982422
1WhCAd5sv7rIO78kVgFxIt,0.059762436896562576,0.002769035752862692,0.11011819541454315,0.00039716067840345204,0.001224169391207397,0.009786485694348812,0.017224065959453583,0.7944573760032654,0.004260937683284283,0.9736817479133606,0.02631806582212448,0.4947828948497772,0.5052170753479004,0.0059702228754758835,0.9940298199653625,0.2894454002380371,0.7105547189712524,0.903083324432373,0.09691692888736725,0.0728277862071991,0.9271721839904785,5.1373820304870605,5.220977783203125,4.5757646560668945,5.927159309387207,128.6301727294922
54p6vNJwGkt4FTaM8SCsxt,0.311818927526474,0.015942631289362907,0.035204485058784485,0.2819945216178894,0.0034071383997797966,0.028018876910209656,0.17909778654575348,0.022134728729724884,0.12238094955682755,0.5252926349639893,0.47470730543136597,0.2800236940383911,0.7199760675430298,0.7553349733352661,0.2446650266647339,0.5891335010528564,0.41086655855178833,0.30044761300086975,0.6995522379875183,0.1224851906299591,0.877514660358429,5.053869724273682,4.6447672843933105,4.624382019042969,4.7025885581970215,162.5923614501953
15EojPOh5L5oFVTk7x8Vub,0.2601426839828491,0.017918048426508904,0.002973556285724044,0.38388922810554504,0.006994025781750679,0.021399471908807755,0.10257112979888916,0.06009216234087944,0.1440197229385376,0.4554215967655182,0.544578492641449,0.17777954041957855,0.8222205638885498,0.827825665473938,0.1721743792295456,0.60057532787323,0.39942482113838196,0.18096090853214264,0.8190390467643738,0.014198609627783298,0.9858014583587646,4.880746841430664,4.797013759613037,4.727783203125,4.849592685699463,153.48318481445312
5BmmDKMuVvqENYA6g750OX,0.31495004892349243,0.011969491839408875,0.2809326648712158,0.14077989757061005,0.005437489598989487,0.018892228603363037,0.069956474006176,0.02626790665090084,0.13081388175487518,0.689883291721344,0.3101167678833008,0.30324727296829224,0.696752667427063,0.36068859696388245,0.6393113732337952,0.36747443675994873,0.6325253844261169,0.5464323163032532,0.4535675346851349,0.39077118039131165,0.6092287302017212,5.606217384338379,4.278996467590332,4.295285224914551,5.175242900848389,78.89327239990234
1khLPhobojtGS0jL358B4C,0.16083966195583344,0.004185259807854891,0.0275228600949049,0.4642716348171234,0.005070525221526623,0.028816426172852516,0.26949530839920044,0.007022556848824024,0.0327756367623806,0.4205700755119324,0.5794297456741333,0.4453159272670746,0.5546842813491821,0.9522997140884399,0.04770045354962349,0.303516685962677,0.6964836716651917,0.05482765659689903,0.9451722502708435,0.029868660494685173,0.9701312780380249,4.5776519775390625,4.757889747619629,4.515867710113525,3.8667523860931396,97.88272857666016
5UcUppRaEIBMIHXiUFl7LI,0.0584028922021389,0.01992286927998066,0.12081322818994522,0.08157011866569519,0.011359921656548977,0.05072274059057236,0.043853066861629486,0.45655834674835205,0.15679684281349182,0.5845574736595154,0.41544264554977417,0.5006520748138428,0.49934786558151245,0.2468438744544983,0.7531561255455017,0.3254145383834839,0.6745856404304504,0.4911724030971527,0.5088275671005249,0.09234628081321716,0.9076535105705261,4.626963138580322,4.885091781616211,4.451037883758545,4.7069196701049805,129.32301330566406
7CA0mEKqEZ0WFAIlTS4uEl,0.06236198917031288,0.0118676433339715,0.11996550858020782,0.004645778331905603,0.0535665787756443,0.028163427487015724,0.2772878408432007,0.4314766824245453,0.010664486326277256,0.9951782822608948,0.004821603186428547,0.7910140156745911,0.20898601412773132,0.09626612812280655,0.903734028339386,0.6067540645599365,0.39324599504470825,0.7179850339889526,0.2820151448249817,0.0317477211356163,0.9682524800300598,5.590938568115234,5.380797863006592,4.774029731750488,5.1868977546691895,123.86982727050781
3Lm5jGGulOPH2TRlpPqL9H,0.09655193984508514,0.005519174039363861,0.0669001117348671,0.006054852157831192,0.0032794561702758074,0.011532319709658623,0.11577158421278,0.6718270778656006,0.022563451901078224,0.9553608894348145,0.04463902860879898,0.43094414472579956,0.5690558552742004,0.09941427409648895,0.9005858898162842,0.714134693145752,0.2858652174472809,0.7727167010307312,0.22728292644023895,0.02099982276558876,0.979000449180603,5.460381507873535,5.415161609649658,4.509633541107178,5.623696804046631,80.136474609375
1nOEnc4w1DeeIFJBw5F2ID,0.29577115178108215,0.027076058089733124,0.173952117562294,0.16746236383914948,0.011325635015964508,0.02445962093770504,0.10063464194536209,0.06462983042001724,0.13468852639198303,0.6353833675384521,0.3646165430545807,0.3176710605621338,0.6823288202285767,0.44729670882225037,0.552703320980072,0.4086875319480896,0.5913125276565552,0.3791292905807495,0.62087082862854,0.1977442502975464,0.8022556900978088,4.868722915649414,4.415709495544434,4.463742256164551,4.725086688995361,142.30393981933594
26zt79lTciS4tfncBX1qPV,0.023540982976555824,0.06488079577684402,0.3868318498134613,0.001008240389637649,0.005237010307610035,0.08086416125297546,0.20532439649105072,0.20925036072731018,0.023062115535140038,0.9736759662628174,0.02632400579750538,0.9094969630241394,0.09050310403108597,0.005008122883737087,0.9949919581413269,0.17955707013607025,0.8204429149627686,0.9703801870346069,0.029619690030813217,0.03627019748091698,0.9637296795845032,6.2635273933410645,6.255817413330078,5.648348331451416,6.261116027832031,128.8226318359375
3p64VcblTYqrlLMNTILG6F,0.038516461849212646,0.09660614281892776,0.09389187395572662,0.004320020321756601,0.16837312281131744,0.039067063480615616,0.4391303062438965,0.04192052036523819,0.07817447185516357,0.9857881665229797,0.014211980625987053,0.7630168199539185,0.23698313534259796,0.004707877989858389,0.9952920079231262,0.6593206524848938,0.3406792879104614,0.901213526725769,0.09878642112016678,0.0368603952229023,0.9631397724151611,6.663214683532715,6.247303009033203,5.0220746994018555,6.432785511016846,128.022216796875
4T77iXUxETQmjyxMkuCSTr,0.05214328691363335,0.169995978474617,0.25514620542526245,0.002248921897262335,0.029931139200925827,0.06896380335092545,0.32734715938568115,0.012652198784053326,0.08157140761613846,0.9984340071678162,0.0015661206562072039,0.6595162749290466,0.34048381447792053,0.0014127606991678476,0.9985873699188232,0.480904757976532,0.519095242023468,0.9836606383323669,0.016339387744665146,0.060852691531181335,0.9391472935676575,6.495988368988037,5.953711986541748,5.1021294593811035,6.260998725891113,129.80604553222656
2KjQ5zpQGCXgAPbwyPBVqx,0.03509972617030144,0.12918372452259064,0.26309099793434143,0.0006103741470724344,0.029061267152428627,0.11129401624202728,0.38470083475112915,0.0368705615401268,0.010088560171425343,1.0,7.567415849507597e-08,0.8728694319725037,0.12713071703910828,0.0004134056798648089,0.9995866417884827,0.48739147186279297,0.512608528137207,0.9980011582374573,0.0019989812280982733,0.03948424756526947,0.9605157971382141,6.297487258911133,6.174053192138672,5.293741703033447,6.44157600402832,125.98514556884766
5mQgRG6duCYvw2p1cki0mW,0.00921541079878807,0.03600737452507019,0.35482630133628845,0.0015957551077008247,0.012709014117717743,0.047561753541231155,0.489396870136261,0.02618771232664585,0.02249976247549057,0.9776941537857056,0.022305866703391075,0.9581139087677002,0.041886210441589355,0.00027806879370473325,0.9997221231460571,0.3749603033065796,0.6250396966934204,0.9831107258796692,0.016889603808522224,0.041380058974027634,0.9586199522018433,6.537466049194336,6.4039506912231445,5.3359479904174805,6.536969184875488,123.00321960449219
2Kb5iatB2jxuA9Czoz9wId,0.024845536798238754,0.013703849166631699,0.32931724190711975,0.011202690191566944,0.018988946452736855,0.13310891389846802,0.28254759311676025,0.10620307922363281,0.08008211851119995,0.9710965156555176,0.0289034154266119,0.8925513625144958,0.1074485033750534,0.11177267879247665,0.8882274627685547,0.09896492213010788,0.9010351896286011,0.7384666204452515,0.26153358817100525,0.19710606336593628,0.8028938174247742,5.864551067352295,5.71741247177124,5.664583683013916,5.456785202026367,129.59396362304688
5PkdqxLgEEjYGyfbpF1rdf,0.15154603123664856,0.04465862736105919,0.46388402581214905,0.00234513939358294,0.005981032736599445,0.017175912857055664,0.1555687040090561,0.040554892271757126,0.11828556656837463,0.9540636539459229,0.04593638703227043,0.46358922123908997,0.5364108085632324,0.017012834548950195,0.9829871654510498,0.4688686728477478,0.5311314463615417,0.9578050971031189,0.04219479113817215,0.2422923743724823,0.7577073574066162,6.117492198944092,5.008184909820557,4.777311325073242,5.858804225921631,128.52565002441406
1jgfUYxMuHl3YmH3N3mIoz,0.010434510186314583,0.032615918666124344,0.09619999676942825,0.004990716464817524,0.14433792233467102,0.05148804932832718,0.617804765701294,0.03639975190162659,0.005728325340896845,0.9791896343231201,0.02081037499010563,0.9537205100059509,0.04627937078475952,0.01924998313188553,0.9807501435279846,0.4019373655319214,0.5980626344680786,0.6353664398193359,0.36463335156440735,0.03376486897468567,0.9662351012229919,6.409310817718506,6.06427001953125,5.131887435913086,5.52860164642334,128.7504425048828
1LZ8F84Vj6EAnerY7RiMUO,0.033832140266895294,0.08790700882673264,0.5060440897941589,0.0003133462159894407,0.004169784020632505,0.024247728288173676,0.1948360949754715,0.10555094480514526,0.043098874390125275,0.9989549517631531,0.0010449965484440327,0.7744067907333374,0.22559301555156708,0.00012283705291338265,0.999877393245697,0.0921739712357521,0.9078258872032166,0.9991125464439392,0.00088741653598845,0.019282476976513863,0.9807174801826477,6.3517374992370605,6.227280139923096,5.5798234939575195,6.379019260406494,128.55987548828125
70MvLbcWpE5bzQFopc7HdX,0.0171812791377306,0.0001691985089564696,0.05748986080288887,0.00200943392701447,9.617184696253389e-05,0.004354534670710564,0.0007675139349885285,0.9079553484916687,0.009976621717214584,0.9172279238700867,0.08277203142642975,0.33738914132118225,0.6626108884811401,0.024730518460273743,0.9752697348594666,0.0050878506153821945,0.9949125051498413,0.8585489392280579,0.1414509266614914,0.08022356778383255,0.9197766184806824,3.953800678253174,4.803673267364502,4.048610210418701,4.910346508026123,104.9876937866211
1n8wr8tRHs5jmBxNWXedcn,0.00045312807196751237,1.5130642168514896e-05,0.19734200835227966,2.9514258130802773e-06,2.567805040598614e-06,0.00029116644873283803,0.00030691642314195633,0.8014684915542603,0.00011759654444176704,0.9951121211051941,0.0048879231326282024,0.2649827301502228,0.7350170612335205,0.0010034533916041255,0.998996913433075,0.051291946321725845,0.9487080574035645,0.9086687564849854,0.0913311019539833,0.18599970638751984,0.8140005469322205,4.782275676727295,4.744509696960449,4.3478617668151855,5.031101703643799,100.01129913330078
6M4L9ta9VvA7noaWHYE1BP,0.006111069582402706,0.0016057889442890882,0.06089862063527107,0.00048285830416716635,0.0003083523770328611,0.013644634746015072,0.001311705564148724,0.914478600025177,0.0011582080041989684,0.9861880540847778,0.013811997137963772,0.27472424507141113,0.7252755165100098,0.022195464000105858,0.9778043031692505,0.5667805671691895,0.43321943283081055,0.9573058485984802,0.04269420728087425,0.07278084009885788,0.9272192120552063,4.733319282531738,5.069404602050781,4.0097246170043945,5.876334190368652,105.00606536865234
6dRK7lr3WCpQjfSFSA0oI1,0.007902232930064201,0.0010280546266585588,0.0019981672521680593,0.0009418529807589948,0.0003773914068005979,0.014047824777662754,0.000351162685547024,0.967819094657898,0.005534389056265354,0.9770193696022034,0.022980691865086555,0.417996883392334,0.5820030570030212,0.007142354268580675,0.992857813835144,0.4759249687194824,0.5240750312805176,0.915313184261322,0.08468667417764664,0.03639965131878853,0.9636001586914062,3.9770965576171875,4.953932762145996,4.467350959777832,5.429685592651367,100.47570037841797
0HGItm7Ox9AnHZbx26nkE4,0.00038526428397744894,0.0005284431972540915,0.09592117369174957,5.563388683071935e-08,7.747509698674548e-06,0.0005799298523925245,0.0005508197355084121,0.9020050168037415,2.17105625779368e-05,0.9999919533729553,8.06304524303414e-06,0.5042933821678162,0.4957066774368286,0.0006124963983893394,0.9993875622749329,0.11131636798381805,0.888683557510376,0.9908539652824402,0.00914623960852623,0.15372814238071442,0.8462720513343811,4.2596001625061035,4.698366165161133,3.834865093231201,5.183040618896484,105.02490234375
2bkKnaLTMCghmjlcPBoYWd,0.019713615998625755,0.003208496840670705,0.04487244784832001,0.005422111600637436,0.000986522063612938,0.03320007771253586,0.0061074295081198215,0.877754271030426,0.008734985254704952,0.9759015440940857,0.02409849502146244,0.37314826250076294,0.6268518567085266,0.016262134537100792,0.9837378263473511,0.07950026541948318,0.9204996824264526,0.7907717823982239,0.20922823250293732,0.11071883141994476,0.8892812132835388,4.314133167266846,4.652049541473389,3.9778380393981934,4.922817230224609,99.99687194824219
18pwD0HrweX8oCgIkayRb4,0.023246699944138527,0.0017775031737983227,0.07902777194976807,0.0003792254428844899,0.0013582148822024465,0.010449138469994068,0.009853615425527096,0.8720971941947937,0.001810582121834159,0.9932593703269958,0.006740656681358814,0.7256921529769897,0.2743077576160431,0.01916346698999405,0.9808365702629089,0.42414358258247375,0.5758564472198486,0.8425635695457458,0.157436341047287,0.1054033637046814,0.8945968747138977,4.919836521148682,5.166942119598389,4.434570789337158,5.0852885246276855,98.01270294189453
0OPcFAAo9LMO9xvu1L7JGD,0.006637877319008112,0.005968400742858648,0.0045791687443852425,0.009103210642933846,0.0046404763124883175,0.012867214158177376,0.001444734400138259,0.9262771606445312,0.028481584042310715,0.8963321447372437,0.10366787016391754,0.11448677629232407,0.885513186454773,0.02702680043876171,0.9729734063148499,0.030943602323532104,0.9690563082695007,0.8933321237564087,0.10666800290346146,0.022767817601561546,0.9772322177886963,4.374440670013428,4.859246253967285,3.3422298431396484,5.355752944946289,105.01258850097656
7oW5YZZVeesParmVY7gx6s,0.0403454415500164,0.0011193613754585385,0.18720073997974396,0.002879961160942912,0.0009329821332357824,0.009085539728403091,0.006840977817773819,0.7354359030723572,0.016159074380993843,0.9588659405708313,0.04113415628671646,0.469062477350235,0.5309374928474426,0.00770271522924304,0.9922971725463867,0.24616152048110962,0.7538387179374695,0.925944447517395,0.07405561953783035,0.23924919962882996,0.7607510089874268,5.129555702209473,4.954345226287842,4.003207683563232,5.480071544647217,102.97594451904297
0qtj507DWXEbfJpIxAMtB9,0.009601427242159843,0.0009620666387490928,0.01953348144888878,3.100406320299953e-05,5.151375808054581e-05,0.007284513674676418,0.00034870559466071427,0.9619644284248352,0.00022288750915322453,0.9933480024337769,0.00665206927806139,0.5890241861343384,0.4109758734703064,0.0016703237779438496,0.9983299374580383,0.1299085021018982,0.8700915575027466,0.9849171042442322,0.015082846395671368,0.1402738392353058,0.8597261309623718,4.083714008331299,4.790833473205566,3.7481558322906494,5.203407287597656,106.00653839111328
6N45bcEjjzdXqFRjECG32x,0.002551641780883074,0.0027823317795991898,0.6050169467926025,8.961583080235869e-05,8.538211113773286e-05,0.0021692183800041676,0.37493714690208435,0.0002014308120124042,0.012166241183876991,0.9999995231628418,5.39594338988536e-07,0.8243255615234375,0.1756742298603058,8.259491005446762e-05,0.9999175667762756,0.6949115991592407,0.30508843064308167,0.9999912977218628,8.737429197935853e-06,0.03482023626565933,0.9651798009872437,7.363046169281006,6.086650371551514,4.369333744049072,6.890642166137695,147.06578063964844
7r3a3qfIejvsNbzYfASg5t,0.08708437532186508,0.0023565725423395634,0.6344676613807678,0.00155290134716779,0.0005375239416025579,0.028511954471468925,0.022403106093406677,0.19245009124279022,0.030635925009846687,0.9900368452072144,0.00996335782110691,0.8571572303771973,0.14284288883209229,0.001468355068936944,0.9985317587852478,0.2960282266139984,0.703971803188324,0.9801453351974487,0.019854996353387833,0.6112409830093384,0.3887590765953064,6.805263519287109,4.335589408874512,4.690962791442871,6.069919109344482,98.92044067382812
1fQxT1YDOBjgzMVf8WjZfi,0.04171575978398323,0.0034666485153138638,0.6920220851898193,0.0036226981319487095,0.011176706291735172,0.015750888735055923,0.06650115549564362,0.11216180771589279,0.053582143038511276,0.9955401420593262,0.004459988325834274,0.6433328986167908,0.356667160987854,0.0010560628725215793,0.9989440441131592,0.4890243411064148,0.5109757781028748,0.993165135383606,0.006835032254457474,0.1710798293352127,0.8289201855659485,7.024815559387207,4.9627275466918945,4.328376293182373,6.4547200202941895,145.0855712890625
18n0voG6fG03ogJznGiyWD,0.012590987607836723,0.00449850969016552,0.7948884963989258,0.00020323492935858667,0.016254639253020287,0.005052017979323864,0.11268109828233719,0.008995099924504757,0.044835932552814484,0.9672337770462036,0.03276640921831131,0.7946669459342957,0.2053331583738327,0.00011898700176971033,0.9998811483383179,0.2604466676712036,0.7395531535148621,0.9945096373558044,0.005490568000823259,0.1317104697227478,0.8682894110679626,7.3481903076171875,4.369197368621826,3.088167905807495,6.418785095214844,140.7893829345703
3sJZX0uLZkJYXOsULRJAq7,0.0027250023558735847,0.004253585357218981,0.8665664196014404,1.4566837762686191e-06,3.182435466442257e-05,0.002202289178967476,0.11342796683311462,0.0021937103010714054,0.008597679436206818,0.9999977350234985,2.2457270461018197e-06,0.8555615544319153,0.1444384753704071,2.6017222154450792e-08,1.0,0.26785868406295776,0.7321411371231079,0.9999996423721313,3.215370156794961e-07,0.142429918050766,0.8575701713562012,7.1057233810424805,5.883982181549072,4.413782119750977,6.898285388946533,148.00051879882812
7JmJp9PARHAgJIo4Fd0kUl,0.012013763189315796,0.001095740357413888,0.8277127742767334,4.066490419063484e-06,0.002837252803146839,0.0010266301687806845,0.1432764232158661,0.011220932006835938,0.0008124138694256544,0.9999998807907104,2.0252488752703357e-07,0.9423090815544128,0.05769124627113342,0.00019607390277087688,0.9998036623001099,0.8076513409614563,0.1923484057188034,0.9992662668228149,0.0007338874856941402,0.46084126830101013,0.5391586422920227,6.522762298583984,5.547329902648926,5.151352882385254,6.369017124176025,89.50123596191406
6zOiNodZimu0Ol5czdUEaJ,0.0026759954635053873,0.0007727092015556991,0.9559503793716431,2.2771159535750485e-07,8.049267307796981e-06,0.0006441240548156202,0.035870447754859924,0.0029437080956995487,0.0011343194637447596,1.0,4.1921893512153474e-08,0.9303420782089233,0.06965799629688263,1.3718216962388396e-07,1.0,0.22567227482795715,0.7743275165557861,1.0,4.1143671580812224e-08,0.6254549622535706,0.374545156955719,7.697089195251465,4.235313415527344,4.573984146118164,6.776215076446533,116.76935577392578
3Om0j8yTp9MMMvrf4Xe94N,0.08472786098718643,0.006432550493627787,0.7168244123458862,0.0002565839677117765,0.0024492305237799883,0.017604868859052658,0.16032177209854126,0.002812753664329648,0.008570157922804356,0.9920547604560852,0.007945433259010315,0.8249196410179138,0.17508044838905334,0.0028060777112841606,0.9971941113471985,0.5197110772132874,0.4802888333797455,0.9899678230285645,0.010032378137111664,0.22482755780220032,0.7751723527908325,7.7627387046813965,4.698211669921875,4.020293712615967,6.800759315490723,133.66673278808594
6l29X3RtcndQexIlsHOvuI,0.014361443929374218,0.0007694874075241387,0.8373890519142151,0.0002380477963015437,0.00040571263525635004,0.005723906215280294,0.12975171208381653,0.007637301459908485,0.0037235042545944452,0.9887956380844116,0.011204338632524014,0.9365466833114624,0.06345365941524506,0.009301694110035896,0.9906985759735107,0.4059267044067383,0.594073474407196,0.9953084588050842,0.004691884852945805,0.4714513421058655,0.5285486578941345,6.420980453491211,5.35230016708374,4.910434246063232,6.044537544250488,123.66175842285156
3iRoXGFrF8O0jTul6LAmus,0.07692205905914307,0.002783809322863817,0.5729033350944519,9.377855167258531e-05,0.002800519112497568,0.005240000318735838,0.32330599427223206,0.0011893623741343617,0.014761039987206459,0.9999961256980896,3.990918685303768e-06,0.8865821957588196,0.1134175956249237,5.681909897248261e-05,0.9999433159828186,0.36215731501579285,0.63784259557724,0.9983491897583008,0.0016509604174643755,0.28331640362739563,0.7166835069656372,7.614314556121826,5.320457458496094,5.032464504241943,6.8184685707092285,144.83802795410156
12W1K68KiXLqsxwix0ss16,0.07743747532367706,0.004768339917063713,0.5455844402313232,0.00343470205552876,0.004832197912037373,0.006898532621562481,0.06260862201452255,0.039746128022670746,0.25468966364860535,0.9358381032943726,0.06416203081607819,0.2923635244369507,0.7076365351676941,0.001671366742812097,0.998328685760498,0.3861006200313568,0.6138995885848999,0.9671030640602112,0.03289695084095001,0.1411813646554947,0.858818531036377,7.017129898071289,4.610222816467285,3.728924036026001,6.037973403930664,134.43759155273438
6YwYfxEFDUZZ1xX5vlBYmF,0.269336462020874,0.04836288094520569,0.2785295844078064,0.001976562663912773,0.01367421355098486,0.00160138588398695,0.05091604217886925,0.025552505627274513,0.3100503385066986,0.892924964427948,0.1070750430226326,0.2622026801109314,0.7377973794937134,7.682738942094147e-05,0.9999235272407532,0.48879188299179077,0.5112081170082092,0.9945915937423706,0.005408447235822678,0.10334049165248871,0.8966594934463501,8.173225402832031,4.5380167961120605,3.4077885150909424,6.64418888092041,122.09349060058594
6PFMLrgHByy3FRmqb2iczd,0.44939619302749634,0.005303564481437206,0.0733066126704216,0.039566267281770706,0.008000467903912067,0.029504040256142616,0.07331763952970505,0.006890956778079271,0.3147142231464386,0.9347912669181824,0.06520874053239822,0.37478169798851013,0.6252181529998779,0.05941895768046379,0.9405811429023743,0.9247103929519653,0.07528949528932571,0.9078834652900696,0.09211663156747818,0.11400149017572403,0.8859984278678894,6.527321815490723,5.514594554901123,5.287962913513184,5.722787380218506,132.9793243408203
0mIekgyAGvn5vzt0wns4iP,0.18552838265895844,0.007345677353441715,0.4828414022922516,0.0037607126869261265,0.00408982066437602,0.010204854421317577,0.04360856115818024,0.0416577123105526,0.220962792634964,0.9487215876579285,0.051278404891490936,0.33137351274490356,0.6686264872550964,0.011518492363393307,0.9884817004203796,0.16320164501667023,0.8367982506752014,0.9650174975395203,0.03498256579041481,0.32493335008621216,0.6750664114952087,7.287458896636963,4.398685455322266,3.7480766773223877,6.255251407623291,114.9793701171875
56mDAIPMycjTMxla7N03M5,0.1670665144920349,0.009047792293131351,0.430941641330719,0.0013344679027795792,0.0038375549484044313,0.003344934433698654,0.060622550547122955,0.09596392512321472,0.22784064710140228,0.9778531789779663,0.022147024050354958,0.4909866750240326,0.5090134143829346,0.0002447731967549771,0.9997555613517761,0.2818765342235565,0.7181233763694763,0.9899265170097351,0.010073612444102764,0.2198280394077301,0.7801722288131714,6.969494819641113,4.631171703338623,4.032490253448486,6.288089752197266,133.0027313232422
5h5FY6vmtDpgXF91BUexO0,0.23939305543899536,0.024179257452487946,0.1299944967031479,0.023016534745693207,0.006952482741326094,0.0867694616317749,0.07405860722064972,0.30259889364242554,0.11303701996803284,0.9448618292808533,0.0551379919052124,0.32843920588493347,0.6715607047080994,0.024124830961227417,0.9758753180503845,0.8012102246284485,0.19878987967967987,0.9125534892082214,0.08744652569293976,0.17791634798049927,0.8220838904380798,6.038739204406738,5.584569931030273,5.13525390625,5.920225620269775,78.92292785644531
42TJPcZQ69EIQJ4sQvdhp1,0.1492801457643509,0.010594002902507782,0.4889166057109833,0.02809694968163967,0.006542849820107222,0.0107961380854249,0.08953926712274551,0.06463111191987991,0.15160290896892548,0.8923879265785217,0.10761190950870514,0.5309823155403137,0.46901780366897583,0.06408947706222534,0.935910701751709,0.5533283352851868,0.446671724319458,0.8694311380386353,0.1305689960718155,0.18084955215454102,0.8191503286361694,7.165874004364014,4.479045867919922,3.745483875274658,6.102560043334961,96.02630615234375
0SEZ6l1pFYIRO1EFYoDEkc,0.3111027181148529,0.042113881558179855,0.1986292600631714,0.003423205344006419,0.01661559008061886,0.002877974882721901,0.10590021312236786,0.009041931480169296,0.3102951645851135,0.8810710906982422,0.11892921477556229,0.5271071791648865,0.4728928208351135,0.014878037385642529,0.9851222038269043,0.6736099123954773,0.3263901472091675,0.9661790132522583,0.03382075950503349,0.1511273831129074,0.848872721195221,8.050956726074219,3.7863094806671143,3.3616974353790283,6.594026565551758,97.02393341064453
0HFb9ouBk4UmuYT6gvvElo,0.4037356674671173,0.09021122753620148,0.1249302327632904,0.040546029806137085,0.007943467237055302,0.02974061481654644,0.04799205809831619,0.025143714621663094,0.22975687682628632,0.7353194952011108,0.26468050479888916,0.11763215065002441,0.8823679685592651,0.13803675770759583,0.8619632124900818,0.6591771245002747,0.3408229649066925,0.9608397483825684,0.03916022926568985,0.14658570289611816,0.8534144759178162,6.641692638397217,4.522428035736084,3.988175630569458,5.975998401641846,123.36864471435547
2OdE60LBXKIIVOf44xA4RG,0.25518107414245605,0.01841937005519867,0.21387630701065063,0.002757419366389513,0.005041157361119986,0.002271974226459861,0.09511057287454605,0.2793358564376831,0.12800626456737518,0.9479196667671204,0.052080489695072174,0.5704436302185059,0.42955639958381653,0.0020531155169010162,0.9979468584060669,0.8160366415977478,0.18396346271038055,0.9898334741592407,0.010166341438889503,0.13197802007198334,0.8680220246315002,6.850363731384277,4.970326900482178,4.5207390785217285,6.304910659790039,172.26580810546875
5SFDRa7gqB9AC7v03g2tQJ,0.08266850560903549,0.007681197486817837,0.6985911130905151,0.0006215787143446505,0.0007197895902208984,0.023266350850462914,0.1089407429099083,0.06070482358336449,0.016806069761514664,0.9999983906745911,1.646432565394207e-06,0.9205756783485413,0.07942429184913635,0.012190371751785278,0.9878097176551819,0.19519512355327606,0.8048047423362732,0.9996160268783569,0.00038421378121711314,0.5549768209457397,0.4450231194496155,6.307769298553467,5.958487510681152,5.994204521179199,5.629122257232666,122.09634399414062
2OcFEM7EgTQfpTIscejSUP,0.029703952372074127,0.0029231335502117872,0.8756436705589294,0.0005516125820577145,0.001078577246516943,0.016997981816530228,0.042552243918180466,0.014369371347129345,0.016179362311959267,0.9905123710632324,0.009487687610089779,0.8537465929985046,0.14625339210033417,0.0005729668191634119,0.9994271993637085,0.1097155436873436,0.8902844190597534,0.9955711960792542,0.004428903106600046,0.6222759485244751,0.37772414088249207,5.822605609893799,5.727317810058594,5.9893646240234375,5.454128742218018,120.01571655273438
2I6FbtWdilYB0yFvzr9nSw,0.04343901947140694,0.009233172051608562,0.5693970322608948,0.0006300341337919235,0.01260487549006939,0.08553782850503922,0.02541992999613285,0.12554092705249786,0.12819717824459076,0.8315043449401855,0.16849583387374878,0.6281275153160095,0.3718723654747009,0.0018718462670221925,0.9981282949447632,0.03661544620990753,0.9633845090866089,0.9228277206420898,0.0771724060177803,0.44017666578292847,0.5598233938217163,5.34197473526001,4.933814525604248,5.236891269683838,5.143563747406006,117.79219818115234
2KZ4cDFoEJbrTO7z2I3HAb,0.04271561652421951,0.011753074824810028,0.7991868257522583,0.034099459648132324,0.0018965236376971006,0.03824455291032791,0.02522623911499977,0.029865751042962074,0.017011916264891624,0.8970745801925659,0.10292543470859528,0.7337919473648071,0.26620787382125854,0.11615831404924393,0.883841872215271,0.01615005172789097,0.9838497638702393,0.8855316042900085,0.11446840316057205,0.42028987407684326,0.5797102451324463,5.8813395500183105,5.433466911315918,6.201496601104736,5.686470031738281,122.96537780761719
4xlq4lMjs52trjpm8px4fz,0.07884354889392853,0.009886018931865692,0.4800052344799042,0.009788352996110916,0.004092585761100054,0.16350896656513214,0.12573334574699402,0.05774315446615219,0.07039900124073029,0.826458215713501,0.1735418438911438,0.6707764863967896,0.3292233943939209,0.060829997062683105,0.9391697645187378,0.3846653401851654,0.6153345704078674,0.8713365793228149,0.12866328656673431,0.4042631983757019,0.5957366824150085,5.436273097991943,5.33098840713501,5.421782970428467,5.361281394958496,120.96412658691406
13hPKoBriB6yPSqPvbRd6A,0.047914471477270126,0.010655819438397884,0.6198799014091492,0.0007942286320030689,0.001109363860450685,0.044748980551958084,0.06906237453222275,0.19123823940753937,0.014596900902688503,0.9996013045310974,0.00039886837475933135,0.8364445567131042,0.16355544328689575,0.0032319752499461174,0.9967682361602783,0.23222380876541138,0.7677761912345886,0.9868642091751099,0.013135835528373718,0.583564043045044,0.4164360761642456,6.021790981292725,5.628439903259277,5.815810203552246,5.586641311645508,123.05139923095703
3Vzy0DXXUteLr3vg3w3mEB,0.00895214919000864,0.004463376011699438,0.5075782537460327,0.007955772802233696,0.002171469386667013,0.25256699323654175,0.20948326587677002,0.004412615206092596,0.002415998838841915,0.9998765587806702,0.0001234218361787498,0.8293793201446533,0.17062054574489594,0.06854384392499924,0.9314562082290649,0.508718729019165,0.49128130078315735,0.9713252782821655,0.028674839064478874,0.553552508354187,0.4464475214481354,5.918188095092773,6.137159824371338,5.878626346588135,5.529406547546387,114.95704650878906
1J7WCU7FNzT9440dKxn287,0.1829812079668045,0.062112364917993546,0.2521096467971802,0.0024204785004258156,0.004488341044634581,0.17332135140895844,0.1135789155960083,0.20742933452129364,0.0015583925414830446,0.9759888052940369,0.02401125244796276,0.7091978192329407,0.290802001953125,0.058459337800741196,0.9415409564971924,0.3113848865032196,0.6886153221130371,0.8076382279396057,0.19236163794994354,0.33404219150543213,0.6659578680992126,4.922690391540527,5.9068732261657715,5.261398792266846,5.026454925537109,122.50856018066406
6w3v8zxaZpqN0kWE9Tv6YA,0.020173052325844765,0.04142308607697487,0.7210493683815002,0.0006180477212183177,0.0031023016199469566,0.0636429414153099,0.11569265276193619,0.026023373007774353,0.008275255560874939,0.9999982118606567,1.8429175270284759e-06,0.877444863319397,0.12255509942770004,4.562067988445051e-05,0.9999547004699707,0.23855650424957275,0.7614431977272034,0.9995659589767456,0.00043439550790935755,0.4203717112541199,0.5796281695365906,6.16926383972168,5.873776435852051,5.600903511047363,5.9126877784729,122.99442291259766
6qBqZgJkSTEWOxRiyActxp,0.04532188922166824,0.0007433432620018721,0.7543115019798279,0.002666379092261195,0.002518903464078903,0.002932965522632003,0.009626051411032677,0.02935650199651718,0.1525225043296814,0.8238515257835388,0.17614856362342834,0.10696232318878174,0.8930375576019287,0.014418809674680233,0.9855813384056091,0.034524206072092056,0.965475857257843,0.964741051197052,0.03525897487998009,0.36453771591186523,0.6354624032974243,7.611590385437012,3.5547893047332764,2.0544321537017822,5.868288516998291,143.6236114501953
4o6XKDpBHV45AaAaUWsbUV,0.04720183461904526,0.0005132040241733193,0.7401842474937439,0.00027705536922439933,0.002958010882139206,0.001584374695084989,0.013006883673369884,0.014544106088578701,0.17973017692565918,0.8641908764839172,0.1358090341091156,0.11556297540664673,0.8844369649887085,0.0018141982145607471,0.9981858730316162,0.026078028604388237,0.9739219546318054,0.9905818104743958,0.009417911991477013,0.3398178219795227,0.6601821780204773,7.699550628662109,3.7877109050750732,2.398099660873413,6.171693325042725,94.87216186523438
5QQxKrrFJP9qBshsfUSFz8,0.04571985825896263,0.0013908840483054519,0.7197244763374329,0.000694720190949738,0.0026771132834255695,0.0021637864410877228,0.011940054595470428,0.024876151233911514,0.19081303477287292,0.8537018299102783,0.1462983638048172,0.129505917429924,0.8704940676689148,2.1838146494701505e-05,0.9999780654907227,0.01064267847687006,0.9893574714660645,0.97728431224823,0.02271539904177189,0.32727834582328796,0.6727216839790344,7.742245197296143,3.7230279445648193,2.3186652660369873,6.088403701782227,130.04295349121094
4BjuTwyqZaNboiitCDDZEw,0.05381801351904869,0.0005533082294277847,0.44400113821029663,0.0023095416836440563,0.0011478671804070473,0.005032467655837536,0.0067511918023228645,0.006957509554922581,0.4794291853904724,0.5365990400314331,0.4634009003639221,0.03088477812707424,0.9691153168678284,0.0019902705680578947,0.9980098605155945,0.002468808786943555,0.9975310564041138,0.945209801197052,0.054790347814559937,0.4345509111881256,0.5654491186141968,6.925033092498779,3.7908761501312256,1.5493218898773193,5.50280237197876,133.49981689453125
34VDLC38p8UX8shv091cdF,0.05340499430894852,0.00040822240407578647,0.7544844746589661,0.00030400630203075707,0.002126178238540888,0.0010116534540429711,0.011750202625989914,0.004605055321007967,0.17190510034561157,0.8292444944381714,0.17075559496879578,0.07119302451610565,0.9288069605827332,6.883288733661175e-06,0.9999931454658508,0.015448915772140026,0.9845512509346008,0.9980942606925964,0.0019056315068155527,0.3574797213077545,0.6425203084945679,8.000700950622559,3.3648061752319336,1.8256465196609497,6.037590026855469,143.72250366210938
7xwvm8cy1JACscOSZAmg8f,0.07084109634160995,0.0008765915990807116,0.7599288821220398,0.00051454221829772,0.0020660199224948883,0.006383737549185753,0.016348835080862045,0.005462535656988621,0.13757777214050293,0.8714097142219543,0.1285904049873352,0.15615853667259216,0.8438414931297302,0.001868006307631731,0.9981321096420288,0.03888990730047226,0.9611098766326904,0.9901936054229736,0.009806427173316479,0.4266722798347473,0.5733276605606079,7.756152629852295,3.5462591648101807,2.368056297302246,5.945809841156006,143.1702423095703
3dEDqdhVitcETpcDQ5GhzV,0.09926097095012665,0.0011730492115020752,0.5741441249847412,0.000731003878172487,0.0013461918570101261,0.001384245464578271,0.015713142231106758,0.0033124894835054874,0.302934855222702,0.8023763298988342,0.19762367010116577,0.08059434592723846,0.9194058179855347,1.782587332854746e-06,0.9999983310699463,0.012311960570514202,0.9876881241798401,0.976192831993103,0.023807363584637642,0.5211144685745239,0.4788855314254761,7.248684883117676,3.629305124282837,2.63085675239563,6.031628608703613,143.8289794921875
27nQ2zWhM0rVcEKEu0D3YB,0.0010405929060652852,0.0026953171472996473,0.01226256787776947,0.00011686026846291497,0.006726006045937538,0.0036195225547999144,0.0024535744450986385,0.9698227047920227,0.0012628620024770498,0.9975403547286987,0.0024596545845270157,0.5121036171913147,0.4878963828086853,0.00020601994765456766,0.9997941851615906,0.27038928866386414,0.7296105623245239,0.9670584797859192,0.03294182941317558,0.05020107328891754,0.9497987627983093,4.926103591918945,4.733912467956543,4.425467014312744,5.840829849243164,97.98731994628906
3TI58Mbxj0oRj9kFQFEAYR,0.04295199364423752,0.002395603572949767,0.7768661975860596,0.0021383592393249273,0.0063272323459386826,0.007302858866751194,0.024207772687077522,0.012353138998150826,0.12545695900917053,0.8467490077018738,0.1532510370016098,0.24266012012958527,0.7573398947715759,0.0006084610940888524,0.9993916749954224,0.040313757956027985,0.9596861004829407,0.9673358798027039,0.03266428783535957,0.31305715441703796,0.6869427561759949,7.466413974761963,4.019025802612305,2.9728798866271973,6.057934284210205,103.87858581542969
2WK1v41VpXZ66mUOMpt1nW,0.09225165098905563,0.0009351378539577127,0.4498980939388275,0.005762347020208836,0.0024248792324215174,0.016850857064127922,0.012793063186109066,0.010168435052037239,0.4089154899120331,0.6417979598045349,0.35820215940475464,0.08224885165691376,0.9177513718605042,0.005165970418602228,0.9948341250419617,0.02813878282904625,0.9718610048294067,0.871373176574707,0.12862667441368103,0.4238279163837433,0.5761720538139343,6.603192329406738,4.032581329345703,2.4231762886047363,5.48350715637207,135.4066925048828
0ZU7dTp8rNR1Bpc0jMcEAD,0.19759976863861084,0.007426485884934664,0.30221736431121826,0.006086898036301136,0.004445800092071295,0.019622620195150375,0.3114936351776123,0.12450814992189407,0.02659926563501358,0.932719349861145,0.06728071719408035,0.7657176852226257,0.2342822253704071,0.12516449391841888,0.8748353123664856,0.7044513821601868,0.2955487370491028,0.6888983845710754,0.3111017346382141,0.3321617543697357,0.6678382158279419,5.403881072998047,5.185637950897217,5.130385875701904,5.0226593017578125,178.20574951171875
4faTuWPQeMo24zvuTDre3c,0.017768770456314087,0.0019007869996130466,0.32695192098617554,0.012738541699945927,0.004683112259954214,0.16874533891677856,0.06662501394748688,0.39668840169906616,0.0038981500547379255,0.9061152338981628,0.09388497471809387,0.8256524205207825,0.17434760928153992,0.10119889676570892,0.8988012075424194,0.1492891162633896,0.8507108688354492,0.21439076960086823,0.7856091856956482,0.43706053495407104,0.5629395246505737,4.48471736907959,4.851166248321533,4.609979152679443,3.7007501125335693,90.0625228881836
75TDPu9k7Yv3IovdYaNCwk,0.29491904377937317,0.00602852925658226,0.3670750856399536,0.0037330552004277706,0.0033615469001233578,0.0912848562002182,0.14883235096931458,0.08165191859006882,0.0031135783065110445,0.9869438409805298,0.013055912218987942,0.6017520427703857,0.3982480466365814,0.1505461186170578,0.8494539856910706,0.3860546052455902,0.6139453649520874,0.6270250082015991,0.3729749619960785,0.3935651183128357,0.6064349412918091,5.380306720733643,4.952855110168457,4.707322120666504,4.581263542175293,150.76405334472656
4vHNeBWDQpVCmGbaccrRzi,0.025933394208550453,0.027075817808508873,0.23557396233081818,0.009989948943257332,0.026126431301236153,0.1730598509311676,0.1736290454864502,0.31469500064849854,0.013916611671447754,0.8372647166252136,0.1627351939678192,0.7225310802459717,0.27746888995170593,0.06715762615203857,0.9328423142433167,0.2529272735118866,0.7470728158950806,0.6861245036125183,0.313875287771225,0.26229485869407654,0.7377052903175354,5.357486724853516,5.029980182647705,4.766879558563232,4.54086971282959,138.76397705078125
4BsLwvaJOTOHDNg7xMpvrL,0.054336752742528915,0.013508877716958523,0.09016755223274231,0.02924884855747223,0.0068193762563169,0.037968482822179794,0.04691135138273239,0.6872970461845398,0.03374166041612625,0.8533213138580322,0.14667852222919464,0.63923180103302,0.3607683479785919,0.09784981608390808,0.9021499752998352,0.11086034029722214,0.8891396522521973,0.5212535858154297,0.47874632477760315,0.13068099319934845,0.8693188428878784,5.246545314788818,5.068343162536621,4.663054943084717,4.712255954742432,125.23468017578125
4dGuRldChjvboZktprNJFM,0.10111480206251144,0.007644931320101023,0.28249165415763855,0.027900278568267822,0.01298388559371233,0.09498011320829391,0.34259796142578125,0.1035224050283432,0.02676387131214142,0.820368230342865,0.1796318143606186,0.7628790736198425,0.23712094128131866,0.1726459562778473,0.8273542523384094,0.27662020921707153,0.7233798503875732,0.7181181311607361,0.2818818986415863,0.2731471657752991,0.7268530130386353,5.767780780792236,5.2792205810546875,5.041651248931885,5.335664749145508,103.91715240478516
5RxpYHVbGJPOvSEATQyg9P,0.09359311312437057,0.007257242687046528,0.3314352035522461,0.0012916207779198885,0.008980782702565193,0.06719152629375458,0.2519240379333496,0.23467321693897247,0.0036533509846776724,0.9946306943893433,0.0053693633526563644,0.6658807992935181,0.33411937952041626,0.01493179053068161,0.9850683808326721,0.377918004989624,0.6220821142196655,0.9095786213874817,0.0904213935136795,0.1571870595216751,0.8428131341934204,5.885383129119873,5.696052551269531,5.184544086456299,5.461671352386475,84.5206527709961
4nUIq4IuoIiHKYdov9A4Yg,0.044167593121528625,0.008523575030267239,0.14967918395996094,0.01226935163140297,0.031064290553331375,0.19743812084197998,0.334186315536499,0.19902469217777252,0.023646924644708633,0.9578234553337097,0.04217667132616043,0.7972187995910645,0.20278115570545197,0.05853412300348282,0.9414661526679993,0.5611456632614136,0.43885427713394165,0.7998092770576477,0.2001907229423523,0.16294999420642853,0.837050199508667,5.674253940582275,5.640961170196533,5.309035301208496,5.267688274383545,100.80493927001953
0WHWD1OwKWBiESxUEqf8x0,0.061920590698719025,0.011012931354343891,0.19792696833610535,0.016051020473241806,0.007548673078417778,0.11072839796543121,0.24968461692333221,0.31031736731529236,0.03480948135256767,0.8993903994560242,0.10060939937829971,0.7255894541740417,0.27441057562828064,0.11736404150724411,0.8826359510421753,0.4470328390598297,0.5529671311378479,0.6671578884124756,0.33284226059913635,0.16569755971431732,0.8343021869659424,5.399055480957031,5.07584810256958,4.869398593902588,4.695014953613281,95.96935272216797
42Fm8hxhh8i0Zx0Si7XIxd,0.06363493204116821,0.005108044482767582,0.07839636504650116,0.06312063336372375,0.014499159529805183,0.08611426502466202,0.21130971610546112,0.45938950777053833,0.01842729188501835,0.8704715967178345,0.12952856719493866,0.675483763217926,0.3245161473751068,0.15864160656929016,0.8413582444190979,0.16346147656440735,0.8365383148193359,0.29159536957740784,0.7084047198295593,0.07561150938272476,0.9243887066841125,5.0164079666137695,5.218105316162109,4.679388046264648,4.33357572555542,90.92676544189453
1RGIjMFMgJxkZHMDXVYzOJ,0.005237890407443047,0.005177522078156471,0.009400073438882828,0.008688189089298248,0.004296940751373768,0.0325031504034996,0.009650127030909061,0.9126965403556824,0.012349607422947884,0.9260832667350769,0.07391668856143951,0.26399555802345276,0.7360044121742249,0.024681376293301582,0.9753186702728271,0.12337447702884674,0.876625657081604,0.35691729187965393,0.6430824398994446,0.04207852855324745,0.9579215049743652,4.748361587524414,4.6905107498168945,5.156424522399902,4.791029930114746,104.98810577392578
04cyJEBNascBpFaYRES91n,0.04394848644733429,0.016956951469182968,0.10567381978034973,0.0012324999552220106,0.04123925045132637,0.07212676107883453,0.27621567249298096,0.4347344636917114,0.007872112095355988,0.9727832674980164,0.02721685916185379,0.8658900260925293,0.13411018252372742,0.023149752989411354,0.9768502712249756,0.7708413600921631,0.22915862500667572,0.9626500010490417,0.03734995797276497,0.06371486186981201,0.9362851977348328,6.882067680358887,5.876931667327881,5.246492385864258,6.542876243591309,119.99236297607422
4CHLYbx8NB1LUn5WqT0SzV,0.06073756515979767,0.01264137402176857,0.0696343332529068,0.023275993764400482,0.09392056614160538,0.10583736002445221,0.1463855803012848,0.44453951716423035,0.043027542531490326,0.9722951054573059,0.02770494855940342,0.6428621411323547,0.35713762044906616,0.04517560079693794,0.9548243880271912,0.950300931930542,0.04969923198223114,0.9086345434188843,0.09136536717414856,0.07069772481918335,0.9293020963668823,6.138180732727051,5.81512451171875,5.538372993469238,6.1663947105407715,79.9298095703125
1tkMs9wDPknQ3ZHcKDw1ES,0.0018012477084994316,0.0027370380703359842,0.012548481114208698,1.452596188755706e-05,0.019298993051052094,0.017804207280278206,0.00658898800611496,0.9389697909355164,0.0002366363478358835,0.9999428987503052,5.724562652176246e-05,0.507283627986908,0.49271634221076965,0.000717872055247426,0.99928218126297,0.12468568980693817,0.8753146529197693,0.6252111196517944,0.37478873133659363,0.003508808324113488,0.9964911341667175,4.801172256469727,5.076694488525391,4.8309173583984375,5.1802978515625,80.04592895507812
7cyBdix7HId2onf99SrJBV,0.08090566098690033,0.008141991682350636,0.09854574501514435,0.0037959543988108635,0.014407770708203316,0.010964722372591496,0.0682445764541626,0.6909907460212708,0.02400285005569458,0.9940142035484314,0.005986039061099291,0.6901171803474426,0.3098827004432678,0.0032833805307745934,0.9967167377471924,0.8490462303161621,0.15095388889312744,0.9944700598716736,0.005530161317437887,0.011179594323039055,0.9888203144073486,6.30156946182251,5.800557613372803,5.089300632476807,6.623750686645508,80.10303497314453
3rfhI32Il2hVRKDkuGeeen,0.07744372636079788,0.02309977449476719,0.2755811810493469,0.004372121300548315,0.006357164587825537,0.11602021753787994,0.15578044950962067,0.19585776329040527,0.14548754692077637,0.9759735465049744,0.02402672916650772,0.4216122031211853,0.5783878564834595,0.0015011439099907875,0.9984992146492004,0.40729424357414246,0.5927057862281799,0.9814187288284302,0.018581407144665718,0.02353048324584961,0.9764693975448608,6.045899391174316,5.8400397300720215,5.596054553985596,6.081628799438477,128.22186279296875
2QurCbkPO14pjrikPNja0h,0.008945261128246784,0.010786375030875206,0.003505599917843938,0.026836741715669632,0.005930547136813402,0.012180834077298641,0.0056612067855894566,0.9027952551841736,0.023358266800642014,0.9180136919021606,0.0819864273071289,0.37185779213905334,0.6281422972679138,0.09292319416999817,0.9070767760276794,0.2707827091217041,0.7292173504829407,0.4929203689098358,0.5070797204971313,0.018717817962169647,0.9812819361686707,4.6905646324157715,5.062518119812012,5.0946550369262695,5.015998363494873,144.7330780029297
0DLOyyQvwPTSDKuhpzMMwA,0.012294525280594826,0.005628736689686775,0.029804769903421402,0.0025914469733834267,0.005260152276605368,0.015134190209209919,0.02004006691277027,0.8901881575584412,0.019058093428611755,0.9612084031105042,0.03879166394472122,0.6437588334083557,0.3562411963939667,0.006070534698665142,0.9939296245574951,0.15155962109565735,0.8484402894973755,0.6047238707542419,0.3952760696411133,0.05725270137190819,0.9427473545074463,5.3577423095703125,5.200821399688721,4.8680419921875,4.835933208465576,99.87596130371094
6lbhWl34Il0WXm5pX1fM9E,0.02011887915432453,0.004260585643351078,0.005985795054584742,0.0024250918067991734,0.00237091351300478,0.007046573329716921,0.014417930506169796,0.9351879358291626,0.008186478167772293,0.9764580726623535,0.023542053997516632,0.19572685658931732,0.8042731881141663,0.07913737744092941,0.92086261510849,0.6421830058097839,0.3578170835971832,0.7282304167747498,0.2717697322368622,0.008207508362829685,0.991792619228363,5.074898719787598,5.343747615814209,4.860074520111084,6.0491623878479,96.9271469116211
0c9Q4XQNil1GqTOjOc5SHC,0.015519987791776657,0.009481671266257763,0.8706693649291992,6.432853115256876e-05,0.0014582874719053507,0.018509311601519585,0.05717241391539574,0.0020115466322749853,0.025113115087151527,1.0,1.200813244395249e-07,0.560177743434906,0.4398224353790283,1.1001283155565034e-06,0.9999989867210388,0.02832023613154888,0.9716797471046448,0.9999994039535522,7.20294963230117e-07,0.37870731949806213,0.6212927103042603,6.102333068847656,5.157134056091309,5.505753993988037,6.301990509033203,125.02661895751953
4iyRQ0eEFdq51aee7LFcJQ,0.028378495946526527,0.05722880735993385,0.6128894686698914,0.0006688268040306866,0.001627100631594658,0.0322243869304657,0.18168137967586517,0.0499330498278141,0.03536851704120636,0.9999992251396179,7.849246799196408e-07,0.8852224349975586,0.11477765440940857,6.312165623967303e-06,0.9999938607215881,0.017545480281114578,0.9824542999267578,0.999988853931427,1.1388634447939694e-05,0.2246629148721695,0.7753371000289917,6.378436088562012,6.0514607429504395,6.1042799949646,6.397354602813721,125.01258087158203
5Z5ZAONakxxXn5lX3HkqnW,0.05241558328270912,0.016921892762184143,0.8092008233070374,0.0002493881620466709,0.00016358739230781794,0.03035619854927063,0.07996591925621033,0.0031001362949609756,0.007626454811543226,0.9974165558815002,0.0025833488907665014,0.9124756455421448,0.08752426505088806,0.005963183473795652,0.9940370917320251,0.2655143439769745,0.7344858646392822,0.9926453232765198,0.007355002220720053,0.6659126877784729,0.33408740162849426,6.482726573944092,6.0183820724487305,5.995113372802734,6.152206897735596,123.09761810302734
0eXHDbzqRZv4lvDoTisa7h,0.020853273570537567,0.05591529980301857,0.6054654121398926,0.00024716524058021605,0.0004771050880663097,0.110493965446949,0.17535990476608276,0.01014065183699131,0.021047038957476616,0.940612256526947,0.05938790366053581,0.8331465125083923,0.1668534278869629,0.001029560575261712,0.9989705681800842,0.008288842625916004,0.9917113184928894,0.9979462623596191,0.002053749980404973,0.39397135376930237,0.6060286164283752,5.713919162750244,5.996670722961426,5.6398606300354,5.339720726013184,123.5194320678711
7gIITimtUYuzm8c2OTc1H7,0.01052138116210699,0.007847725413739681,0.3632652759552002,0.0008781939395703375,0.061626043170690536,0.0429966114461422,0.3029414117336273,0.2059219777584076,0.004001316148787737,0.9999020099639893,9.837883408181369e-05,0.7482343912124634,0.25176557898521423,0.018145596608519554,0.9818547368049622,0.16389238834381104,0.8361074328422546,0.4904197156429291,0.5095803141593933,0.24405218660831451,0.7559477686882019,4.807833194732666,4.688490867614746,4.500641345977783,3.94598388671875,83.06890869140625
5yCkmAFBFF4cWdUAiAYnCU,0.05078544095158577,0.24065200984477997,0.21042229235172272,0.00037482514744624496,0.005173174198716879,0.04200197011232376,0.3652508556842804,0.03261592239141464,0.052723582834005356,0.995587170124054,0.004412783309817314,0.7177765965461731,0.282223641872406,0.0026801011990755796,0.9973200559616089,0.13459977507591248,0.8654002547264099,0.9997076392173767,0.0002925392473116517,0.08436982333660126,0.9156305193901062,5.798344135284424,6.525646686553955,5.02284049987793,5.402218818664551,124.12926483154297
0d09UTSraOnPYrkwEoqoVZ,0.04741394892334938,0.10715720802545547,0.5677806735038757,0.0027055705431848764,0.0016488144174218178,0.0557522214949131,0.19877873361110687,0.006548866629600525,0.012214012444019318,0.9998120665550232,0.00018788613670039922,0.8295351266860962,0.17046454548835754,5.479330866364762e-05,0.9999451637268066,0.16785171627998352,0.8321481347084045,0.9985281229019165,0.001471957890316844,0.5422194600105286,0.4577804505825043,5.989828109741211,5.5106520652771,5.624922752380371,6.086609840393066,122.0226821899414
2juMZq1IaYHKNQsNlr9DrQ,0.0601419135928154,0.10487601906061172,0.5079917907714844,0.00047380238538607955,0.0009627901599742472,0.061834294348955154,0.15746352076530457,0.01931622624397278,0.0869397222995758,0.9661805629730225,0.03381947800517082,0.7431513071060181,0.2568485140800476,0.0002509451296646148,0.9997491240501404,0.03120640106499195,0.9687936902046204,0.9972565770149231,0.002743525430560112,0.32136958837509155,0.6786302328109741,6.045332431793213,5.896315574645996,5.892603874206543,5.810140132904053,125.92129516601562
6twjuBZfRJIZnoHrghzWLk,0.6450117826461792,0.004616294987499714,0.08725599199533463,0.01061931625008583,0.005832483991980553,0.005487794056534767,0.17623284459114075,0.00036884608562104404,0.0645746961236,0.9945164322853088,0.005483673885464668,0.8974971175193787,0.10250276327133179,0.06445881724357605,0.9355410933494568,0.9902545213699341,0.009745609015226364,0.9797888994216919,0.020211055874824524,0.0666763037443161,0.9333238005638123,7.732933044433594,6.312653541564941,6.541525363922119,6.118143558502197,155.48541259765625
4Zy6m1QjUivLl8Zt7E8uxr,0.33607712388038635,0.003479237901046872,0.28202947974205017,0.00969622191041708,0.0025776512920856476,0.013249403797090054,0.2879093587398529,0.019708365201950073,0.04527303948998451,0.9812259078025818,0.018774086609482765,0.8951636552810669,0.10483643412590027,0.10830444097518921,0.891695499420166,0.9675701856613159,0.03242970257997513,0.9223321676254272,0.07766792178153992,0.17201806604862213,0.8279821872711182,6.402764797210693,5.995028495788574,5.627121448516846,5.536493301391602,106.93133544921875
1GJV0ZOnHQExbKpw9fjbh5,0.6507189869880676,0.0015068427892401814,0.1225360557436943,0.004653833340853453,0.003967466298490763,0.007485177833586931,0.12372323125600815,0.0015331103932112455,0.08387529850006104,0.982907235622406,0.017092745751142502,0.834365963935852,0.1656341701745987,0.07008656859397888,0.9299134016036987,0.9803096652030945,0.01969034969806671,0.9670624732971191,0.032937467098236084,0.09025545418262482,0.9097447395324707,7.3181610107421875,5.976070404052734,6.198785781860352,5.905445098876953,156.0711669921875
57dfmoZHwPWpqe9cTqGuEh,0.6264273524284363,0.0023543096613138914,0.08824708312749863,0.012807462364435196,0.005189967807382345,0.01203714869916439,0.17840208113193512,0.00018939451547339559,0.07434533536434174,0.9741786122322083,0.02582143060863018,0.7715981602668762,0.22840191423892975,0.19461733102798462,0.8053828477859497,0.9913666844367981,0.008633515797555447,0.9175062775611877,0.08249324560165405,0.027361959218978882,0.9726381301879883,6.825695037841797,6.111802101135254,6.278753757476807,5.5784454345703125,98.00469970703125
5QPRZdajTSKbdUERR8zvWB,0.14199163019657135,0.016772286966443062,0.15178285539150238,0.0500696636736393,0.008296076208353043,0.034328393638134,0.47279781103134155,0.020128214731812477,0.10383305698633194,0.8542378544807434,0.14576222002506256,0.6711759567260742,0.32882416248321533,0.1402704119682312,0.8597294688224792,0.8014054894447327,0.19859465956687927,0.734923779964447,0.2650761902332306,0.06968394666910172,0.930316150188446,6.068726539611816,6.198026180267334,5.411423683166504,6.083038806915283,129.56622314453125
0EKos2FaZxVXNr96xi1but,0.6047187447547913,0.005465656518936157,0.1978483945131302,0.0057261367328464985,0.003168865805491805,0.0028012138791382313,0.10379857569932938,0.004232604987919331,0.07223985344171524,0.9496551752090454,0.05034482106566429,0.8193975687026978,0.1806022673845291,0.07326093316078186,0.9267391562461853,0.9718803763389587,0.02811967022716999,0.9085978269577026,0.09140237420797348,0.11459102481603622,0.8854089975357056,6.798751354217529,5.9466471672058105,6.021566390991211,5.641810894012451,84.97686004638672
4xkxhTvP9tmCKfAIO8GFJR,0.6008766889572144,0.0041633048094809055,0.23850157856941223,0.00655091879889369,0.006030028220266104,0.01393186766654253,0.07880248129367828,0.008759701624512672,0.04238329827785492,0.9583768248558044,0.04162329062819481,0.7724321484565735,0.2275679111480713,0.36593472957611084,0.6340650916099548,0.9579821228981018,0.042017862200737,0.8797277212142944,0.12027217447757721,0.28897157311439514,0.7110282182693481,6.229980945587158,4.766364097595215,5.239994525909424,5.2090678215026855,99.999755859375
6Kf0pq9FXBBwMkrgEKDT6S,0.6179167628288269,0.002163517288863659,0.1236351728439331,0.01073884591460228,0.00842005293816328,0.008477546274662018,0.15631051361560822,0.0006983413477428257,0.07163923978805542,0.9975792169570923,0.002420684089884162,0.8364638090133667,0.1635361611843109,0.1413525938987732,0.858647346496582,0.9981971383094788,0.0018029167549684644,0.9694559574127197,0.030544200912117958,0.05067063868045807,0.9493293166160583,7.015393257141113,6.021472454071045,6.444425582885742,6.034144401550293,149.0542755126953
7Jc79lucvYoqo3YA44EG8f,0.48918870091438293,0.006216211710125208,0.20165054500102997,0.003452117322012782,0.003231586655601859,0.0014247081708163023,0.15384425222873688,0.0007371878018602729,0.14025458693504333,0.9844599962234497,0.015540065243840218,0.7054089903831482,0.29459086060523987,0.018593182787299156,0.9814069867134094,0.9557168483734131,0.044283103197813034,0.9536659121513367,0.04633393511176109,0.0776924416422844,0.9223076701164246,7.337470531463623,4.983004093170166,5.252222061157227,5.603683948516846,150.06350708007812
3xLOD2jhRXA9CVEfNRHt6C,0.5947356820106506,0.004676108248531818,0.15519118309020996,0.015326717868447304,0.0027020962443202734,0.0038993111811578274,0.058893803507089615,0.005463231820613146,0.15911196172237396,0.7868950366973877,0.21310487389564514,0.6954500675201416,0.3045496940612793,0.27973613142967224,0.7202638983726501,0.8252862095832825,0.17471377551555634,0.7001287341117859,0.29987120628356934,0.10554490983486176,0.8944549560546875,6.2404866218566895,5.115314483642578,5.301990509033203,5.408139228820801,115.96161651611328
4IGT69nbtQdRXNVIZaulOf,0.1831788420677185,0.07416350394487381,0.42558178305625916,0.0007132830214686692,0.005784695036709309,0.015854788944125175,0.2150241732597351,0.05005946382880211,0.029639439657330513,0.9999860525131226,1.4060835383133963e-05,0.614535391330719,0.38546445965766907,0.032494641840457916,0.9675053954124451,0.618707537651062,0.38129255175590515,0.9851158261299133,0.014884152449667454,0.23404212296009064,0.7659580111503601,6.60786247253418,5.861511707305908,5.372951984405518,6.532127380371094,122.44159698486328
7bMRSmzhoFnhqKW3uVnMF9,0.00320626818574965,0.003758461680263281,0.9324944019317627,1.8070089708999149e-06,6.1469600041164085e-06,0.003125731134787202,0.03906708210706711,0.00039182137697935104,0.017948312684893608,1.0,6.453674039619273e-09,0.6625977754592896,0.33740222454071045,2.305029624949384e-07,0.9999997615814209,0.08331706374883652,0.91668301820755,1.0,2.0613143192349526e-08,0.3613594174385071,0.6386405825614929,6.894875526428223,5.932569980621338,4.812382221221924,6.522609233856201,133.1355743408203
7ep4qbiaHeOAZftzWylUoN,0.2524089217185974,0.01419333927333355,0.4318842589855194,0.0028641752433031797,0.007550803944468498,0.011976337991654873,0.07575823366641998,0.16249866783618927,0.04086525738239288,0.9830065369606018,0.016993578523397446,0.735619306564331,0.2643807828426361,0.0037287042941898108,0.9962716102600098,0.4310967028141022,0.5689032673835754,0.9789876341819763,0.02101263403892517,0.5071777701377869,0.4928222596645355,6.273597717285156,5.521633625030518,5.6949920654296875,5.95458459854126,122.94981384277344
7m8wiHGjtlJ5UQvqiCjhV5,0.18119466304779053,0.025162208825349808,0.4514530599117279,0.002249888377264142,0.006191806402057409,0.00492125516757369,0.025280911475419998,0.27903124690055847,0.02451493963599205,0.9801031947135925,0.019896935671567917,0.670396089553833,0.329603910446167,0.0019498461624607444,0.9980502724647522,0.5998400449752808,0.40015995502471924,0.9685806035995483,0.031419698148965836,0.06781256198883057,0.932187557220459,6.994202613830566,5.657154083251953,4.426796913146973,6.878122329711914,122.0537109375
5OHOxbQzqdwH2wzYvUNL3u,0.06638165563344955,0.06913142651319504,0.6569324135780334,0.0004917423357255757,0.007003929000347853,0.03018008917570114,0.14886729419231415,0.009094002656638622,0.011917445808649063,0.9980709552764893,0.001929049612954259,0.7145892977714539,0.2854105532169342,7.189800271589775e-06,0.9999927878379822,0.5420649647712708,0.4579349458217621,0.9999316930770874,6.836542161181569e-05,0.2654295265674591,0.734570324420929,7.61909294128418,5.392569065093994,4.687597751617432,7.128905773162842,138.2192840576172
5fSW8zHTMOgIvYQ7mk1Y1P,0.1125517413020134,0.019523821771144867,0.5449493527412415,9.776151273399591e-05,0.0007202494307421148,0.009229415096342564,0.013942382298409939,0.27477118372917175,0.02421409823000431,0.9952881932258606,0.0047118160873651505,0.5368722677230835,0.4631277918815613,0.00040220373193733394,0.9995978474617004,0.34347110986709595,0.656528890132904,0.9985634684562683,0.0014367231633514166,0.4024253487586975,0.5975745916366577,6.931333541870117,4.9358811378479,4.431157112121582,6.7379631996154785,129.9584503173828
5zHvtyKQLeABXy9TEOFtaF,0.534069299697876,0.036712244153022766,0.16971604526042938,0.004217684268951416,0.004606136120855808,0.02418653480708599,0.11685381829738617,0.021460825577378273,0.08817731589078903,0.9982465505599976,0.0017536039231345057,0.5034956336021423,0.4965044856071472,0.0032993999775499105,0.9967005848884583,0.907342791557312,0.09265735000371933,0.9899847507476807,0.010015259496867657,0.2739490866661072,0.726050853729248,7.439272880554199,5.27468204498291,5.226565837860107,6.650763511657715,129.93637084960938
1KZbyrBgUnTRBK0SLXVV0m,0.2428721785545349,0.09317752718925476,0.35155412554740906,0.00200054794549942,0.008991469629108906,0.009421817027032375,0.20804117619991302,0.016456540673971176,0.06748467683792114,0.9999881386756897,1.2050149052811321e-05,0.38921335339546204,0.6107868552207947,1.8756963982013986e-05,0.9999814629554749,0.750638484954834,0.2493615448474884,0.999992847442627,7.380546776403207e-06,0.1867963671684265,0.8132038116455078,7.256325721740723,5.732400417327881,5.105570316314697,6.923957824707031,125.02496337890625
35mAlSYYkPOi7BpV3W3EdC,0.28931358456611633,0.166986882686615,0.4317706525325775,0.0008800975047051907,0.0006987627712078393,0.019126897677779198,0.06126514449715614,0.022774405777454376,0.007183626294136047,0.9944263696670532,0.005573616363108158,0.7728295922279358,0.2271706461906433,0.00017316473531536758,0.999826967716217,0.7305735349655151,0.2694264352321625,0.993160605430603,0.006839465349912643,0.32287484407424927,0.677125096321106,7.436553001403809,5.782707691192627,5.479113578796387,6.5592193603515625,120.00540924072266
0TE2K7OuchFPvPRvLasaVM,0.33549341559410095,0.08880291134119034,0.2550550401210785,0.0075920880772173405,0.00440874183550477,0.007431570440530777,0.14292821288108826,0.11520292609930038,0.04308518394827843,0.9941406846046448,0.005859323777258396,0.4460824728012085,0.5539174675941467,0.001673527411185205,0.9983265995979309,0.7967502474784851,0.2032499462366104,0.9842482805252075,0.015751773491501808,0.02747175469994545,0.9725282788276672,7.071098327636719,5.84145975112915,5.17655611038208,7.482212543487549,120.90596771240234
1hda6LrbHOWFfOxIqdViKT,0.33637648820877075,0.00769503740593791,0.13334400951862335,0.023958001285791397,0.021002737805247307,0.09008035063743591,0.3197603225708008,0.0011871567694470286,0.06659595668315887,0.9560442566871643,0.04395568370819092,0.7225019335746765,0.27749818563461304,0.19991201162338257,0.800088107585907,0.9462786316871643,0.05372155085206032,0.8871248364448547,0.11287512630224228,0.0782155841588974,0.9217844605445862,6.3091936111450195,6.085592746734619,6.177269458770752,6.272175312042236,146.42184448242188
6zUoJHJBbT3puQiLHG69EC,0.08420231193304062,0.014487434178590775,0.15151125192642212,0.08419810235500336,0.048894304782152176,0.13676254451274872,0.15476757287979126,0.0024781934916973114,0.32269835472106934,0.9081323742866516,0.09186764061450958,0.5435813665390015,0.4564186930656433,0.010684117674827576,0.9893160462379456,0.7912927865982056,0.2087072879076004,0.9792454242706299,0.020754719153046608,0.12221983075141907,0.8777801990509033,5.914334774017334,5.9460554122924805,5.847389221191406,6.060482978820801,98.71366119384766
14zMkyaYN6TGAFwsB69bz6,0.3475680947303772,0.0026668452192097902,0.1143980398774147,0.03972842916846275,0.012280425056815147,0.08140302449464798,0.120629221200943,0.0001948220597114414,0.2811310291290283,0.9546274542808533,0.04537246748805046,0.49364376068115234,0.5063563585281372,0.03191279247403145,0.9680870771408081,0.9678723812103271,0.03212760016322136,0.9785336852073669,0.02146640419960022,0.04885493218898773,0.9511449933052063,6.078082084655762,6.078487396240234,6.085084438323975,6.168548107147217,156.3087921142578
4e2Qz3ezD5DdCABSTWVrSf,0.2444213479757309,0.010826640762388706,0.07446406036615372,0.01887490600347519,0.07091440260410309,0.16633006930351257,0.3324352204799652,0.0008332528523169458,0.08090002089738846,0.9808327555656433,0.019167263060808182,0.6120257377624512,0.38797420263290405,0.03364470973610878,0.9663552045822144,0.9943937659263611,0.0056061954237520695,0.985681414604187,0.014318338595330715,0.06584338843822479,0.9341567754745483,6.941648483276367,6.290796756744385,6.064487934112549,6.102156162261963,94.49556732177734
1eyKBZ3cxTmYCpdzt6Gl5S,0.24900175631046295,0.007277440279722214,0.23812031745910645,0.038731735199689865,0.03647207096219063,0.07026226073503494,0.14837883412837982,0.0028351733926683664,0.208920419216156,0.9008281230926514,0.09917178750038147,0.7330955266952515,0.2669042944908142,0.15531350672245026,0.8446866273880005,0.8873844146728516,0.11261569708585739,0.8554906845092773,0.1445089429616928,0.11470229178667068,0.8852975964546204,5.959566593170166,5.640317440032959,5.654537200927734,5.780004978179932,156.1213836669922
1GVnAD8Iz45rux6EC657Yv,0.376361221075058,0.009843183681368828,0.09828464686870575,0.009822161868214607,0.06105451658368111,0.17560076713562012,0.21535170078277588,0.0022361178416758776,0.05144569277763367,0.957127571105957,0.04287245497107506,0.6804406046867371,0.3195593059062958,0.07455140352249146,0.9254487156867981,0.9582768082618713,0.041723039001226425,0.964356541633606,0.03564361855387688,0.19029608368873596,0.8097039461135864,6.62923002243042,6.353781700134277,6.556993007659912,6.11415958404541,130.0576171875
59Fhvzw9T3dcxTbGzbNvg2,0.4882631301879883,0.004227900877594948,0.10801347345113754,0.018004493787884712,0.012502988800406456,0.15463243424892426,0.06253175437450409,0.0016180210513994098,0.15020567178726196,0.9041127562522888,0.09588707983493805,0.4754238426685333,0.5245761871337891,0.08094058185815811,0.9190593957901001,0.9192968010902405,0.08070335537195206,0.9185402989387512,0.08145970851182938,0.14848442375659943,0.8515154123306274,6.148575305938721,6.056821346282959,5.908951759338379,6.014004230499268,163.17034912109375
6DaKFvFC18PLGrLtEYcnUY,0.5163862705230713,0.003523819614201784,0.09883268177509308,0.02725285477936268,0.03230556845664978,0.08830174058675766,0.1706138253211975,0.0008404682157561183,0.061942797154188156,0.97975093126297,0.02024899423122406,0.6122808456420898,0.38771891593933105,0.04158911481499672,0.9584111571311951,0.9979938268661499,0.002006271854043007,0.9507210850715637,0.04927889257669449,0.051079701632261276,0.9489203095436096,6.825139999389648,6.726573467254639,6.337104797363281,6.640221118927002,105.73857116699219
0oc7YoWV783fGr2GbdcIrz,0.1547154039144516,0.01241889875382185,0.035656243562698364,0.08127085119485855,0.02309398166835308,0.10348400473594666,0.17768923938274384,0.0006506391800940037,0.4110207259654999,0.8088198900222778,0.19117988646030426,0.5819090604782104,0.4180908203125,0.1004958376288414,0.8995043039321899,0.9461618065834045,0.05383812636137009,0.9359087347984314,0.06409129500389099,0.08358185738325119,0.9164177775382996,5.886458873748779,5.962768077850342,5.937702655792236,6.163013935089111,161.699462890625
5kz9GDBTX846OXwqWoyKzF,0.27846843004226685,0.020799297839403152,0.1623479276895523,0.012378140352666378,0.05168801546096802,0.08581400662660599,0.10389149188995361,0.00039033853681758046,0.2842225134372711,0.9352246522903442,0.06477534770965576,0.31704771518707275,0.6829521059989929,0.001908637466840446,0.9980913400650024,0.9213072657585144,0.07869306206703186,0.979274332523346,0.020725896582007408,0.09514009207487106,0.9048597812652588,6.5426411628723145,6.119404315948486,5.735240936279297,6.488096237182617,152.3953094482422
16gJmoOqRt2lKmlXtDpWgH,0.29182881116867065,0.005003301426768303,0.19841577112674713,0.05318687483668327,0.01036976557224989,0.21370331943035126,0.1542767882347107,0.025867020711302757,0.047348372638225555,0.677455723285675,0.3225444555282593,0.605821967124939,0.39417800307273865,0.6561281681060791,0.3438717722892761,0.31675177812576294,0.6832483410835266,0.128340944647789,0.8716590404510498,0.547320544719696,0.45267972350120544,4.500831604003906,4.520012855529785,4.509607791900635,3.774620294570923,113.87901306152344
1ShRHPAiiIrh0arZbSFmx1,0.09726281464099884,0.01157404761761427,0.4847624599933624,0.003475271398201585,0.004222949966788292,0.11389019340276718,0.1796075403690338,0.09904884546995163,0.006155792623758316,0.9995443224906921,0.0004559712251648307,0.6891239881515503,0.3108760416507721,0.03744671493768692,0.9625532627105713,0.3886817991733551,0.6113182306289673,0.6734247207641602,0.3265751004219055,0.3724253475666046,0.6275745034217834,4.908947467803955,5.466487884521484,5.136343955993652,4.675420761108398,96.98505401611328
0phzfJn8NeT1LkbqfV2peI,0.3535027801990509,0.005519914906471968,0.329257607460022,0.01469752099364996,0.017291918396949768,0.07977002114057541,0.13394570350646973,0.046796172857284546,0.019218379631638527,0.7697330117225647,0.23026692867279053,0.7494925260543823,0.2505074739456177,0.3801954388618469,0.6198046207427979,0.5755817890167236,0.42441821098327637,0.5471071004867554,0.4528929591178894,0.6428347229957581,0.3571653664112091,4.998673439025879,4.354678153991699,4.510667324066162,4.252449989318848,164.03195190429688
3siwsiaEoU4Kuuc9WKMUy5,0.24156080186367035,0.005384474527090788,0.3152647018432617,0.020291514694690704,0.022781480103731155,0.06080547347664833,0.253499835729599,0.05424448847770691,0.026167182251811028,0.9641324281692505,0.035867758095264435,0.5626429319381714,0.4373571574687958,0.6001778244972229,0.39982226490974426,0.337361603975296,0.6626383662223816,0.15680646896362305,0.8431936502456665,0.5068768262863159,0.4931231439113617,4.349503040313721,4.470467567443848,4.366379737854004,3.908252000808716,98.01480865478516
4Q9qkdqu0qKKjaftRrAK9C,0.23665352165699005,0.005294026341289282,0.29783594608306885,0.027803076431155205,0.022723035886883736,0.05897561088204384,0.277975469827652,0.0522262342274189,0.0205130223184824,0.9564384818077087,0.043561533093452454,0.581616997718811,0.418382853269577,0.5883458852767944,0.4116542935371399,0.369345098733902,0.6306549310684204,0.1610051989555359,0.8389946818351746,0.4689220190048218,0.531078040599823,4.368782997131348,4.458490371704102,4.355616092681885,3.9485957622528076,98.04656219482422
0E0DRHf5PfMeor0ZCwB3oT,0.2710159718990326,0.017330551519989967,0.11683403700590134,0.002457323484122753,0.009773928672075272,0.18283644318580627,0.14814914762973785,0.24322479963302612,0.008377736434340477,0.9036785364151001,0.09632143378257751,0.5607556700706482,0.43924447894096375,0.0808689072728157,0.9191312789916992,0.6613430380821228,0.338657021522522,0.784347414970398,0.2156524658203125,0.15613430738449097,0.8438656330108643,5.6304097175598145,5.6243977546691895,5.028225898742676,5.316962242126465,108.02682495117188
4gtIYSYu8u2ItBqrhCaChL,0.3036085069179535,0.003929531667381525,0.2780783474445343,0.0009919472504407167,0.0029809693805873394,0.014712914824485779,0.2984415292739868,0.0866716057062149,0.010584562085568905,0.9700139760971069,0.029986226931214333,0.898899257183075,0.10110068321228027,0.029500294476747513,0.9704998731613159,0.7171037793159485,0.2828964293003082,0.9066513180732727,0.0933484360575676,0.6044840216636658,0.39551591873168945,5.585503101348877,5.5677008628845215,5.3509368896484375,4.892364978790283,119.97418975830078
19fKJrO9XdOf6Xla2QHecO,0.033463940024375916,0.0035358057357370853,0.19980011880397797,0.004333223216235638,0.001392123638652265,0.020869385451078415,0.5320464372634888,0.19911803305149078,0.005440940614789724,0.9992086291313171,0.0007913756999187171,0.906059205532074,0.09394077211618423,0.0861111730337143,0.9138889908790588,0.4690198302268982,0.5309801697731018,0.9022642374038696,0.09773589670658112,0.09227775037288666,0.9077224135398865,6.375495910644531,5.838812828063965,5.306850910186768,5.793851852416992,111.00296783447266
0InIeZW4P6VO7dUGRM4AKH,0.04536634683609009,0.004060788080096245,0.3602072596549988,0.0005968223558738828,0.002857383107766509,0.03142799809575081,0.16359065473079681,0.3876957297325134,0.004196984693408012,0.9145040512084961,0.08549585193395615,0.8123810291290283,0.1876191943883896,0.044314704835414886,0.9556853771209717,0.2670885920524597,0.7329114675521851,0.7495720982551575,0.2504274845123291,0.5035744905471802,0.4964255690574646,4.76868200302124,4.749984264373779,4.701280117034912,4.440311908721924,147.976318359375
0PTP53h7PvqEMeGyGClkOk,0.06531435996294022,0.014329398050904274,0.036724407225847244,0.01973680406808853,0.03222513571381569,0.01783381961286068,0.03253421559929848,0.0012956982245668769,0.7800062298774719,0.8141173124313354,0.1858825981616974,0.26385340094566345,0.7361466884613037,0.002011519158259034,0.9979885220527649,0.7403934001922607,0.25960659980773926,0.9527767896652222,0.04722343757748604,0.18094748258590698,0.8190524578094482,6.3250017166137695,5.755190849304199,5.16347074508667,6.641117572784424,172.26565551757812
2bMbJAmzlieRzChjjx4Jtp,0.05258987471461296,0.018609119579195976,0.016510866582393646,0.009174160659313202,0.0337735190987587,0.014355217106640339,0.012045642361044884,0.00042962291627191007,0.842511773109436,0.7289788126945496,0.2710212171077728,0.40755462646484375,0.5924453735351562,0.00036352904862724245,0.9996362328529358,0.6678128838539124,0.3321871757507324,0.9864648580551147,0.013535087928175926,0.1728764921426773,0.8271232843399048,5.667466163635254,5.951972961425781,4.870810031890869,6.5116729736328125,172.26544189453125
5gHeUcDVjnDda7TABO9RYv,0.044551555067300797,0.0014081598492339253,0.04168592020869255,0.005206708330661058,0.0015121189644560218,0.0016424442874267697,0.02028844691812992,0.0005062737036496401,0.8831983804702759,0.6033714413642883,0.39662858843803406,0.056354302912950516,0.9436456561088562,0.001609112718142569,0.9983914494514465,0.29619935154914856,0.703800618648529,0.9245054721832275,0.07549451291561127,0.15795044600963593,0.8420495390892029,5.975699424743652,5.880311489105225,4.569051265716553,5.983504295349121,111.02589416503906
3cpZPDaWYxxy0Ho2uIyYRW,0.14588822424411774,0.015174015425145626,0.07832541316747665,0.015890588983893394,0.006602229084819555,0.01232471689581871,0.019036414101719856,0.0022386619821190834,0.7045197486877441,0.43723103404045105,0.5627690553665161,0.048353780061006546,0.9516462683677673,0.0012578727910295129,0.9987421631813049,0.12484383583068848,0.8751559257507324,0.9015846848487854,0.09841516613960266,0.31130170822143555,0.6886985301971436,6.689460754394531,4.373210906982422,3.466325044631958,5.699236869812012,135.15228271484375
7ap5NaoYRB6TJdrhX5Fej8,0.18066366016864777,0.03722603619098663,0.011822845786809921,0.024182822555303574,0.013106276281177998,0.00825551338493824,0.032630324363708496,0.0014238760340958834,0.69068843126297,0.4749189615249634,0.5250809788703918,0.1579286903142929,0.8420712947845459,0.03079218976199627,0.9692080020904541,0.6127138733863831,0.387285977602005,0.8508142828941345,0.1491856575012207,0.22439759969711304,0.7756025195121765,5.627984046936035,4.971404552459717,4.7101287841796875,5.759195804595947,97.00936889648438
5ALCHMO9Fmvn1Ly18Q3apL,0.2148085981607437,0.022520875558257103,0.1260187029838562,0.0147852823138237,0.11350331455469131,0.031572893261909485,0.047531966120004654,0.0028309233020991087,0.42642742395401,0.8305513262748718,0.16944870352745056,0.19943994283676147,0.8005601167678833,0.019155394285917282,0.9808446168899536,0.6202307939529419,0.3797692656517029,0.9064065217971802,0.09359335899353027,0.5008129477500916,0.49918702244758606,6.406311511993408,4.743794918060303,4.963383197784424,5.9741530418396,178.20570373535156
3jXptpf8Z3aU9O1Bj6YCl0,0.1007264107465744,0.005463751498609781,0.017813704907894135,0.009955230168998241,0.0023560444824397564,0.0023883371613919735,0.021261151880025864,0.000421117409132421,0.83961421251297,0.3901352882385254,0.6098647713661194,0.05842525139451027,0.9415746927261353,0.0006824781885370612,0.9993177652359009,0.49293503165245056,0.5070649981498718,0.8836575150489807,0.11634261906147003,0.06972072273492813,0.9302793145179749,6.861068248748779,5.125124931335449,4.4605021476745605,6.131229400634766,86.63544464111328
2uqQXl3CWniLE0Uhfb7izu,0.1527465134859085,0.003785668406635523,0.04371209070086479,0.009485759772360325,0.0036176773719489574,0.00893667433410883,0.01485880371183157,0.0013090851716697216,0.7615479230880737,0.3416305184364319,0.6583694219589233,0.04860445111989975,0.9513957500457764,0.0006068189977668226,0.9993932843208313,0.16009309887886047,0.8399069309234619,0.8829967975616455,0.11700336635112762,0.2959272265434265,0.7040727138519287,6.971360206604004,4.464305877685547,3.795844554901123,5.702341556549072,105.6591567993164
4kIx6QQ6LtU6y3ySfwSKLB,0.03561573475599289,0.023627497255802155,0.13957169651985168,0.0067932019010186195,0.03369784355163574,0.02898327074944973,0.051548391580581665,0.005017896182835102,0.6751445531845093,0.7108189463615417,0.289181113243103,0.3982785642147064,0.6017213463783264,0.00037086650263518095,0.9996291995048523,0.4261452257633209,0.5738547444343567,0.955400288105011,0.044599536806344986,0.26771992444992065,0.7322801351547241,4.8747429847717285,5.925505638122559,4.934647083282471,5.504849433898926,151.38967895507812
5LgiqEgpK54OfXC6947wbU,0.11658306419849396,0.01671304926276207,0.24240577220916748,0.016606980934739113,0.01580970548093319,0.04960665479302406,0.04511842876672745,0.003651733510196209,0.4935045540332794,0.7320510149002075,0.2679489850997925,0.30224424600601196,0.6977556347846985,0.013338341377675533,0.9866616725921631,0.7650061249732971,0.23499374091625214,0.9288638234138489,0.07113628089427948,0.25617608428001404,0.7438238859176636,5.26731538772583,5.3957905769348145,5.000621318817139,6.040872573852539,184.57037353515625
4ZtqsOdBbS6GoedzzRGSo9,0.026546785607933998,0.0022971294820308685,0.8667694926261902,0.00019545126997400075,0.0005984007148072124,0.011219292879104614,0.02981826290488243,0.006638194900006056,0.055916912853717804,0.9918121099472046,0.008187932893633842,0.7245267629623413,0.27547335624694824,6.572580605279654e-05,0.9999343752861023,0.08317887783050537,0.9168212413787842,0.9986879229545593,0.0013120811199769378,0.19759619235992432,0.80240398645401,6.588834285736084,5.3836669921875,4.693236351013184,6.625946521759033,129.64111328125
1auX4gkGe7hbrOH0BXdpV4,0.007522406987845898,0.0027199762407690287,0.8738598227500916,0.0012609959812834859,0.0017801143694669008,0.028589120134711266,0.020483503118157387,0.03114510327577591,0.0326390378177166,0.9116592407226562,0.08834095299243927,0.7717354893684387,0.2282644808292389,0.00011940833792323247,0.9998810887336731,0.3797744810581207,0.6202255487442017,0.9891416430473328,0.010858609341084957,0.44846269488334656,0.5515373349189758,6.711198329925537,5.300715446472168,4.642476558685303,6.602325916290283,141.66830444335938
1j6lrR4BzRGKwvAPfrIcbf,0.07232101261615753,0.01951553300023079,0.73063063621521,0.0006055378471501172,0.0012976638972759247,0.09642278403043747,0.027147753164172173,0.021724127233028412,0.030334901064634323,0.915926992893219,0.08407314866781235,0.5129324197769165,0.48706763982772827,0.0015496950363740325,0.9984503388404846,0.21963179111480713,0.7803683280944824,0.991875410079956,0.008124849759042263,0.7397471070289612,0.26025283336639404,6.731610298156738,4.993890762329102,5.074441432952881,6.35807991027832,139.9200897216797
6B8Sm7JafUT6zMfMkWWnH0,0.0038568908348679543,0.0022226180881261826,0.8129966855049133,9.195809252560139e-05,0.0031776761170476675,0.09965645521879196,0.06344408541917801,0.004471832886338234,0.010081704705953598,0.9870904684066772,0.012909755110740662,0.7480891942977905,0.2519102990627289,0.0014550857013091445,0.9985448718070984,0.2872304916381836,0.7127695083618164,0.9943414926528931,0.005658537615090609,0.4207499027252197,0.5792500972747803,6.4895734786987305,5.788006782531738,4.7161407470703125,6.197272777557373,144.0428924560547
144adL7pGHEWRwute2wxzZ,0.023306051269173622,0.0037710664328187704,0.7870586514472961,0.0003659207432065159,0.0005962614086456597,0.02547389455139637,0.10232026129961014,0.002892022719606757,0.054215673357248306,0.998978853225708,0.0010211259359493852,0.6618204712867737,0.33817940950393677,5.8044097386300564e-05,0.9999420642852783,0.2736806571483612,0.7263192534446716,0.9998506307601929,0.0001494096068199724,0.41723811626434326,0.5827617049217224,6.959217071533203,5.338360786437988,5.365808486938477,6.7632670402526855,140.00086975097656
37m2khXl5lnBzicq1mGoZG,0.034799106419086456,0.008728647604584694,0.7425475120544434,0.0004637225065380335,0.007300644181668758,0.028303058817982674,0.03748297318816185,0.13218802213668823,0.00818619318306446,0.9737769961357117,0.02622308023273945,0.7955517172813416,0.2044481784105301,0.00040763200377114117,0.9995923638343811,0.325094610452652,0.6749053001403809,0.9957464337348938,0.004253630060702562,0.29110682010650635,0.7088931202888489,6.812000751495361,5.5590691566467285,4.6252031326293945,6.457180023193359,98.22357177734375
2iwGE4y7yF8qzKc5WZ2Z8R,0.007839507423341274,0.0009647576371207833,0.9279522895812988,0.002635030774399638,0.0015384041471406817,0.006090588867664337,0.010972199030220509,0.015639441087841988,0.026367686688899994,0.9871317148208618,0.012868458405137062,0.7845141887664795,0.21548576653003693,4.579882443067618e-05,0.9999542832374573,0.0824473574757576,0.9175525903701782,0.9968924522399902,0.003107597352936864,0.5376914143562317,0.4623086750507355,6.18733024597168,5.492898464202881,4.805395603179932,6.323940277099609,136.13153076171875
0ERv9Zf4AJJdQ1sIztb15v,0.030049918219447136,0.005395915824919939,0.8468219637870789,0.0014538660179823637,0.008571972139179707,0.01755232736468315,0.02799011766910553,0.019517047330737114,0.04264701530337334,0.9685220718383789,0.03147832304239273,0.8547085523605347,0.14529114961624146,0.00014098257815930992,0.9998591542243958,0.14323274791240692,0.8567674160003662,0.9481752514839172,0.051824890077114105,0.1556573063135147,0.8443425297737122,7.664861679077148,4.5612101554870605,4.341018199920654,6.994446754455566,119.0520248413086
0UzhQhSjlIiNHqozH0tKHl,0.016655756160616875,0.011977213434875011,0.6903573274612427,0.0030329532455652952,0.00568876788020134,0.12631869316101074,0.041637226939201355,0.03932914510369301,0.06500282883644104,0.9691958427429199,0.030804146081209183,0.5705324411392212,0.4294675588607788,0.015855642035603523,0.9841445088386536,0.3450619578361511,0.6549381017684937,0.9839940667152405,0.016006063669919968,0.5195547938346863,0.48044508695602417,6.237760066986084,5.87532377243042,5.255073547363281,6.543805122375488,150.19058227539062
6IAuH3hgTRpUUdmOGubXGS,0.06373859941959381,0.03465283662080765,0.05019484460353851,0.0739278718829155,0.08302314579486847,0.42650604248046875,0.1997615098953247,0.059167373925447464,0.009027707390487194,0.7202940583229065,0.2797059118747711,0.4225475490093231,0.577452540397644,0.8378143310546875,0.1621858775615692,0.6988843679428101,0.3011157512664795,0.16187499463558197,0.8381249308586121,0.3059845566749573,0.6940153241157532,4.677168846130371,4.7930588722229,4.745847225189209,4.352946758270264,90.92120361328125
4zIeRcsaho6lZuaXEYR1y3,0.023674285039305687,0.09165243804454803,0.016871346160769463,0.0445864163339138,0.053345903754234314,0.5587043166160583,0.18106965720653534,0.014458824880421162,0.015636693686246872,0.563426673412323,0.4365732967853546,0.34627166390419006,0.6537284255027771,0.9024713635444641,0.09752852469682693,0.8524863719940186,0.14751368761062622,0.12512101233005524,0.8748789429664612,0.2588776648044586,0.741122305393219,4.916659832000732,5.506627082824707,5.330094337463379,4.6261396408081055,165.9718017578125
3kedYiw0PflZpyQcDzBLKK,0.01863996870815754,0.033142853528261185,0.14750677347183228,0.0021624767687171698,0.03557529300451279,0.41721075773239136,0.2198547124862671,0.12350699305534363,0.0024001658894121647,0.9927129149436951,0.007287303917109966,0.5936917066574097,0.4063081741333008,0.5214560627937317,0.4785439670085907,0.94327712059021,0.05672276392579079,0.3120821714401245,0.6879178881645203,0.34754979610443115,0.6524502635002136,4.938662052154541,5.209677219390869,5.023365020751953,4.690486907958984,147.630859375
4A6zEXlSk7xIIqDh92iZ26,0.05269264802336693,0.03466712683439255,0.15462011098861694,0.016677720472216606,0.01495557650923729,0.6384422779083252,0.06335796415805817,0.01359713263809681,0.01098946388810873,0.7544637322425842,0.24553625285625458,0.7003994584083557,0.2996003329753876,0.7367026805877686,0.26329728960990906,0.9112155437469482,0.08878474682569504,0.3842260241508484,0.6157738566398621,0.5923733115196228,0.4076264202594757,5.06448221206665,4.802429676055908,5.248447418212891,4.780874252319336,122.16596221923828
2cgHekIPyuKxEEcV72tuy4,0.01334831677377224,0.03326354920864105,0.05557803064584732,0.005517138168215752,0.0635063573718071,0.3947167992591858,0.3461463153362274,0.08246007561683655,0.005463525652885437,0.9688258171081543,0.031174305826425552,0.3720845878124237,0.6279154419898987,0.24913015961647034,0.7508697509765625,0.9904327392578125,0.00956746842712164,0.5858708024024963,0.4141291379928589,0.24700160324573517,0.752998411655426,5.822784900665283,6.685061454772949,5.896607398986816,5.567602634429932,99.3642349243164
1CKfCj9izL24zGTrO6QTFE,0.014920072630047798,0.07149802893400192,0.027057640254497528,0.026174725964665413,0.07810976356267929,0.5377882719039917,0.20587266981601715,0.017331313341856003,0.021247539669275284,0.8048412799835205,0.1951584666967392,0.4794599711894989,0.5205400586128235,0.7647989988327026,0.23520103096961975,0.9452633857727051,0.054736360907554626,0.3140003979206085,0.6859996318817139,0.14527593553066254,0.8547241687774658,5.6193366050720215,6.054402828216553,5.617205619812012,5.573456287384033,96.98470306396484
5TdnxXaZIqJjASZaJQrW2e,0.06055546924471855,0.038038913160562515,0.15363074839115143,0.004586245398968458,0.07523196935653687,0.06976447999477386,0.29514002799987793,0.29467523097991943,0.008376982994377613,0.9521875977516174,0.047812480479478836,0.5143890380859375,0.4856109321117401,0.17517684400081635,0.8248229622840881,0.8393252491950989,0.16067469120025635,0.46603450179100037,0.5339654684066772,0.12864148616790771,0.8713588118553162,5.192624568939209,5.139359951019287,5.02441930770874,5.011495113372803,149.0319061279297
34VDj911PQh8B1BXYoOMLq,0.07726923376321793,0.03499054163694382,0.09173063188791275,0.022610804066061974,0.02534375712275505,0.5345281958580017,0.17697685956954956,0.02024676278233528,0.01630324497818947,0.8548862338066101,0.14511382579803467,0.2924520671367645,0.7075481414794922,0.5547889471054077,0.4452110230922699,0.9429025053977966,0.05709732323884964,0.7549643516540527,0.24503563344478607,0.30441218614578247,0.695587694644928,5.859066963195801,6.422926425933838,5.770197868347168,5.584824085235596,139.35171508789062
3W4xqKFMKBauuU517t8NIb,0.022430775687098503,0.03981000930070877,0.27630823850631714,0.0019123682286590338,0.05921134725213051,0.3149162828922272,0.17651323974132538,0.10445629060268402,0.0044413679279387,0.9867261648178101,0.013273620046675205,0.7291457056999207,0.2708541750907898,0.3112355172634125,0.6887645125389099,0.9801545739173889,0.019845325499773026,0.497799277305603,0.5022007822990417,0.40606391429901123,0.5939361453056335,5.321200370788574,5.4409499168396,5.209395885467529,5.038266658782959,127.7654037475586
4R5GN0mBvb6jkRj3Zvyhkl,0.031855516135692596,0.03353814408183098,0.08958081156015396,0.02300747111439705,0.055552009493112564,0.4907967150211334,0.2404043972492218,0.027883857488632202,0.007381049450486898,0.9277099967002869,0.07228972017765045,0.600781261920929,0.39921867847442627,0.7155817747116089,0.28441837430000305,0.8801971077919006,0.11980272829532623,0.2621813416481018,0.7378190159797668,0.28186723589897156,0.7181328535079956,5.152613639831543,5.64202880859375,5.3027262687683105,5.012064456939697,172.26573181152344
0KXO9R8yUd1BJjkEWXtor4,0.09528698772192001,0.005102311260998249,0.06768038123846054,0.005180801264941692,0.0008269897662103176,0.007577530574053526,0.015082656405866146,0.787870466709137,0.015391702763736248,0.9844427108764648,0.015557430684566498,0.2726840078830719,0.7273159027099609,0.02434062585234642,0.9756594300270081,0.3860010504722595,0.6139990091323853,0.9628993272781372,0.037100743502378464,0.03248997777700424,0.9675101637840271,5.478341579437256,5.5370612144470215,4.634917259216309,6.022249698638916,126.97553253173828
17ZCxegdCt1y0reBkHVmMB,0.011685123667120934,0.0006764664431102574,0.14441384375095367,4.9640395445749164e-05,0.0037025699857622385,0.02020328678190708,0.0652960017323494,0.7533367276191711,0.0006361292907968163,0.9897598028182983,0.010240265168249607,0.6191487908363342,0.38085120916366577,0.0038433733861893415,0.9961566925048828,0.3918669521808624,0.6081330180168152,0.973437488079071,0.026562709361314774,0.07893794775009155,0.9210618734359741,6.036076068878174,5.540308952331543,4.769869804382324,5.5809502601623535,161.70742797851562
75RK78POyFmg3u6O1cpBdr,0.01932261325418949,0.005371796898543835,0.020864015445113182,0.013083255849778652,0.000911085749976337,0.119422048330307,0.011392430402338505,0.7941164970397949,0.015516255982220173,0.8598695397377014,0.14013049006462097,0.35974356532096863,0.6402562260627747,0.09297134727239609,0.9070285558700562,0.3996090888977051,0.6003907322883606,0.8021937608718872,0.19780613481998444,0.16374996304512024,0.8362502455711365,4.602674961090088,4.8162360191345215,3.9346866607666016,5.08114767074585,122.21553802490234
4xWMTkwknjh8FzxNrkwLl6,0.13342832028865814,0.008141474798321724,0.33191028237342834,0.00023412729206029326,0.006317544262856245,0.011912734247744083,0.09350404888391495,0.4098893105983734,0.004662202671170235,0.9999966621398926,3.348983227624558e-06,0.6492227911949158,0.35077717900276184,0.00014451143215410411,0.9998556971549988,0.8056240677833557,0.19437608122825623,0.9988787770271301,0.0011213172692805529,0.05525248125195503,0.9447476267814636,6.631767749786377,5.9263763427734375,5.003014087677002,6.580742835998535,120.045166015625
5zd9TgduWbfFXwgnm3K3Rz,0.021356720477342606,0.002514799125492573,0.014342127367854118,0.006111900322139263,0.002371130743995309,0.004717953037470579,0.03461345285177231,0.8792206645011902,0.03475126624107361,0.9711950421333313,0.02880498394370079,0.19762149453163147,0.8023785948753357,0.00970837939530611,0.9902916550636292,0.7725052833557129,0.22749453783035278,0.9552914500236511,0.04470854997634888,0.002862361492589116,0.9971376657485962,5.63416051864624,5.627703666687012,4.126957893371582,6.13056755065918,146.6759796142578
2EduiM2UNwjCC7PsLxnOCH,0.04853522777557373,0.0016067151445895433,0.01611265167593956,0.0002418226795271039,0.00024811908951960504,0.0027347556315362453,0.0038618326652795076,0.9215916395187378,0.005067348014563322,0.9868158102035522,0.013184258714318275,0.15570077300071716,0.8442991971969604,0.004619247280061245,0.9953809380531311,0.46502286195755005,0.53497713804245,0.9964353442192078,0.0035645626485347748,0.0030074813403189182,0.9969925284385681,6.02438497543335,5.277714729309082,3.950690746307373,6.62280797958374,136.0193328857422
0mXMr1OVZZKYmOinBaofOp,0.025633856654167175,0.0004018890904262662,0.02550262212753296,0.000140289674163796,0.00027373171178624034,0.0002682135091163218,0.0007745017646811903,0.946578860282898,0.0004258577828295529,0.9981032013893127,0.0018968806834891438,0.4510312080383301,0.5489687919616699,0.005941828712821007,0.99405837059021,0.5374439358711243,0.4625560939311981,0.9553669095039368,0.04463302716612816,0.04029102995991707,0.9597090482711792,4.759580135345459,5.4478840827941895,4.492532730102539,5.4239935874938965,172.2659149169922
7CJu4j1GUcCxTCc9rGt1p3,0.044778890907764435,0.003246363950893283,0.05524438992142677,0.003368950681760907,0.0024571067187935114,0.005078010726720095,0.014297322370111942,0.8244389891624451,0.0470898300409317,0.951476514339447,0.048523567616939545,0.10893123596906662,0.8910685777664185,0.027816439047455788,0.9721835255622864,0.43136805295944214,0.5686320066452026,0.885909378528595,0.11409066617488861,0.03830922394990921,0.9616905450820923,5.294928550720215,5.1655120849609375,4.080144882202148,5.675398349761963,90.99310302734375
5MYFw4T2gy52pOGBN4EYHS,0.07951702177524567,0.004860913846641779,0.05902012810111046,0.0014994138618931174,0.001387906027957797,0.0013362738536670804,0.014711680822074413,0.8344305157661438,0.0032361645717173815,0.9945703148841858,0.0054297433234751225,0.6522470116615295,0.34775295853614807,0.0025708312168717384,0.9974292516708374,0.6145627498626709,0.3854372799396515,0.9911252856254578,0.008874778635799885,0.06081480160355568,0.9391854405403137,6.084724426269531,5.439196586608887,4.011056900024414,6.040140151977539,133.2825469970703
0cOSb7wzbpb9vjRkbYufWj,0.010937384329736233,0.011799819767475128,0.01685367524623871,0.011525691486895084,0.011451775208115578,0.014635094441473484,0.024242443963885307,0.8724315166473389,0.02612282894551754,0.9270325303077698,0.0729675143957138,0.5016345381736755,0.49836552143096924,0.020542709156870842,0.9794571995735168,0.4172663986682892,0.5827334523200989,0.8458490967750549,0.15415076911449432,0.027827559038996696,0.9721724390983582,5.101759433746338,5.234313488006592,4.574286460876465,5.386070251464844,87.1910400390625
27q33rHgueHHwKsxtipe23,0.01117416750639677,0.0053063915111124516,0.13694903254508972,0.004515207838267088,0.013551750220358372,0.015847057104110718,0.18023434281349182,0.6166701316833496,0.015751807019114494,0.9370520710945129,0.06294814497232437,0.8547450304031372,0.1452549397945404,0.06521809846162796,0.9347818493843079,0.172916978597641,0.8270830512046814,0.24245159327983856,0.7575481534004211,0.02220911905169487,0.9777907133102417,4.929854869842529,5.051905155181885,4.358733177185059,4.395105838775635,129.73260498046875
5zAuk07JCI2ZxZch24ZCrS,0.032618045806884766,0.004700173158198595,0.036111388355493546,0.008940617553889751,0.021461542695760727,0.05312957242131233,0.0795867070555687,0.753567099571228,0.00988505408167839,0.9292160272598267,0.07078393548727036,0.8717594146728516,0.1282409280538559,0.0871167853474617,0.9128832817077637,0.5122932195663452,0.4877067804336548,0.6524380445480347,0.34756186604499817,0.06921478360891342,0.9307854175567627,5.2434515953063965,5.387607097625732,4.521674633026123,4.353453159332275,80.0131607055664
1FkJGvyWygS9OvumXKSVH3,0.010852398350834846,0.004512164741754532,0.07803353667259216,0.002133946632966399,0.006144684739410877,0.05052099749445915,0.0828268975019455,0.7627193927764893,0.0022563613019883633,0.9927301406860352,0.007269925903528929,0.8919789791107178,0.10802097618579865,0.06009267270565033,0.9399075508117676,0.3405185341835022,0.6594814658164978,0.8280686736106873,0.17193128168582916,0.06685774028301239,0.9331423044204712,5.550883769989014,5.36083459854126,4.570686340332031,4.761361122131348,139.92822265625
1d70PeP62DhnAXoMnaAhGB,0.02986815758049488,0.0063147409819066525,0.03602089732885361,0.04647304490208626,0.056827276945114136,0.10120097547769547,0.2503284215927124,0.4534967839717865,0.019469738006591797,0.8652870059013367,0.134712815284729,0.7428168058395386,0.25718334317207336,0.3636811077594757,0.6363191604614258,0.09571101516485214,0.9042890667915344,0.07194516807794571,0.9280550479888916,0.015368781983852386,0.984631359577179,4.727605819702148,4.669985771179199,4.000297546386719,3.5155210494995117,87.93460083007812
29tAPBrjFQT3xDJOTPlgxg,0.10387756675481796,0.0072935777716338634,0.06740880012512207,0.007392263505607843,0.12893377244472504,0.047607891261577606,0.23332460224628448,0.383391410112381,0.020770156756043434,0.9033076763153076,0.09669258445501328,0.7849132418632507,0.2150866538286209,0.1784825474023819,0.8215172290802002,0.5690308809280396,0.43096911907196045,0.45165562629699707,0.5483443737030029,0.08644446730613708,0.9135556817054749,5.092675685882568,4.805685997009277,4.353269100189209,4.114665508270264,100.05982208251953
2LwL0c76WLkCtjZihAqk6u,0.11467593163251877,0.00675611849874258,0.04260449856519699,0.0035093347541987896,0.007923795841634274,0.01588968001306057,0.07989173382520676,0.7085054516792297,0.020243430510163307,0.9899017810821533,0.010098258033394814,0.7966744303703308,0.2033255696296692,0.02610834874212742,0.9738918542861938,0.6768329739570618,0.323167085647583,0.8556898832321167,0.14431039988994598,0.014119925908744335,0.9858799576759338,5.773767471313477,5.643193244934082,5.046698570251465,5.474663257598877,118.48664093017578
4WKCqaRaYMKbDhw9rSdIUI,0.035613052546978,0.014455879107117653,0.023034460842609406,0.008497383445501328,0.12649282813072205,0.09802771359682083,0.1427629441022873,0.5196275115013123,0.03148827329277992,0.905310869216919,0.09468893706798553,0.7454315423965454,0.25456851720809937,0.0898248478770256,0.9101751446723938,0.18940679728984833,0.8105934858322144,0.3715209662914276,0.6284789443016052,0.0510445274412632,0.9489555954933167,5.040689468383789,5.29459810256958,4.846243858337402,4.473630428314209,89.84630584716797
7KLlKYFDgUTQpMzdWAVpCt,0.003596795257180929,0.0017644255422055721,0.03638601675629616,0.00038190369377844036,0.022228088229894638,0.032987210899591446,0.08251567929983139,0.8184317350387573,0.0017081873957067728,0.9678353667259216,0.0321648009121418,0.7263530492782593,0.27364712953567505,0.004248629789799452,0.9957512617111206,0.09126684814691544,0.9087331295013428,0.13692457973957062,0.8630751371383667,0.05291519686579704,0.9470848441123962,4.943295955657959,4.839951992034912,4.834029674530029,4.321717262268066,117.99510955810547
1iuNH5Ajdqt7O2NMon1EB5,0.0608796626329422,0.012877903878688812,0.02899417094886303,0.03281635418534279,0.0780286192893982,0.11581751704216003,0.44700905680656433,0.19416719675064087,0.02940969541668892,0.9476192593574524,0.05238092690706253,0.8267884254455566,0.17321154475212097,0.18622428178787231,0.8137757182121277,0.5100637078285217,0.48993632197380066,0.19941364228725433,0.800586462020874,0.06483367085456848,0.9351664185523987,4.89259147644043,5.232278347015381,4.9844136238098145,4.319770812988281,118.56720733642578
2vviILENNzWi9CDYSlmHBX,0.023564636707305908,0.0326213501393795,0.03658268228173256,0.01976677216589451,0.10703199356794357,0.14246593415737152,0.19299966096878052,0.413520485162735,0.03144652023911476,0.9227303266525269,0.07726970314979553,0.8310964107513428,0.16890355944633484,0.09998361766338348,0.9000163078308105,0.16476750373840332,0.8352323770523071,0.09128476679325104,0.9087151885032654,0.07897444069385529,0.9210255146026611,4.984968662261963,5.441960334777832,4.8376688957214355,4.5979108810424805,129.56515502929688
05GvwwTLLID738BbKN1ze0,0.06854646652936935,0.015873754397034645,0.6710761189460754,0.006242827046662569,0.005099491681903601,0.08351754397153854,0.050083231180906296,0.07458040118217468,0.024980241432785988,0.8836115002632141,0.11638855934143066,0.7977491617202759,0.20225098729133606,0.08375737071037292,0.9162426590919495,0.0667731985449791,0.9332268834114075,0.8589006066322327,0.14109967648983002,0.4075291156768799,0.5924711227416992,5.296421527862549,5.527155876159668,5.333256244659424,4.971368789672852,122.91960144042969
3PUnmXpIRfLa8yI9wfgJPC,0.0076952227391302586,0.006248831283301115,0.9137059450149536,0.0003402393776923418,0.0009307819418609142,0.02279498428106308,0.0165789183229208,0.001614754437468946,0.03009035810828209,0.8662048578262329,0.13379521667957306,0.7472932934761047,0.25270673632621765,0.0007863739738240838,0.9992136359214783,0.029140552505850792,0.9708592295646667,0.9602452516555786,0.03975452855229378,0.756528377532959,0.24347181618213654,5.870611190795898,5.799615859985352,6.051336288452148,5.370722770690918,124.0125732421875
1fUyoGJs0QM15YnBFUwOVb,0.1048906221985817,0.0014257855946198106,0.7685231566429138,0.005664890166372061,0.0018167180242016912,0.019879702478647232,0.05505603551864624,0.0004977847565896809,0.04224539175629616,0.9614951014518738,0.03850502893328667,0.888178825378418,0.11182121932506561,0.19315432012081146,0.8068457841873169,0.46081891655921936,0.539181113243103,0.8962149024009705,0.10378511995077133,0.54986172914505,0.4501383900642395,5.523235321044922,5.037174701690674,5.157893180847168,5.218884468078613,119.98298645019531
5r43Rwy2cBKF6HQYIS41Bw,0.0623321458697319,0.015373790636658669,0.5122314691543579,0.005589740816503763,0.003712463192641735,0.10290724039077759,0.22184112668037415,0.002851609606295824,0.07316023856401443,0.9717138409614563,0.02828620746731758,0.8365284204483032,0.16347169876098633,0.10644819587469101,0.8935520052909851,0.3371950089931488,0.6628050208091736,0.8233445882797241,0.1766553819179535,0.5622904300689697,0.43770965933799744,5.894376277923584,6.0464091300964355,5.813413619995117,5.792160987854004,123.36141967773438
5bHbUMtuZIpHtTPdoJmcaN,0.030650699511170387,0.011490561999380589,0.7112842798233032,0.0006556648877449334,0.0035370874684304,0.050404950976371765,0.09487637877464294,0.006262185983359814,0.09083826094865799,0.885516881942749,0.11448310315608978,0.8428674936294556,0.15713252127170563,0.008975109085440636,0.9910251498222351,0.1189228817820549,0.8810767531394958,0.9897472858428955,0.010252743028104305,0.48816171288490295,0.5118383765220642,5.346222400665283,5.046875953674316,5.1392741203308105,5.458946704864502,124.88114166259766
4Xz2mxHREzWiEr0AyCJuU6,0.10342888534069061,0.002118816366419196,0.741428792476654,0.01318953838199377,0.0006660630460828543,0.01469404622912407,0.09054584056138992,0.004784115124493837,0.02914365939795971,0.8656996488571167,0.1343003362417221,0.823032021522522,0.17696787416934967,0.17661523818969727,0.8233848214149475,0.3633635938167572,0.6366362571716309,0.7014024257659912,0.2985974848270416,0.5996459722518921,0.40035420656204224,5.350967884063721,5.0469255447387695,5.244985580444336,5.14691686630249,123.5716781616211
4l8fwDaGkOWJqvNacpcBTo,0.03303598612546921,0.0010935739846900105,0.8296748995780945,0.005760607309639454,0.0010673664510250092,0.01697271130979061,0.05164462700486183,0.00295317848213017,0.05779695138335228,0.9021457433700562,0.09785431623458862,0.8695948719978333,0.13040517270565033,0.060317136347293854,0.9396829009056091,0.2520374357700348,0.7479626536369324,0.9197583794593811,0.08024168759584427,0.7153820991516113,0.28461793065071106,5.420403480529785,5.2444868087768555,5.551292896270752,5.375036716461182,122.28364562988281
6gOR8xTSQWEMfEJa7r52k7,0.0861232653260231,0.02388942800462246,0.4554944336414337,0.022496426478028297,0.0069593945518136024,0.07141784578561783,0.26305434107780457,0.03541981428861618,0.035145103931427,0.8935269117355347,0.10647305846214294,0.7774804830551147,0.22251948714256287,0.25409215688705444,0.7459079623222351,0.32669901847839355,0.6733011603355408,0.7088861465454102,0.29111388325691223,0.27974992990493774,0.7202502489089966,5.418281078338623,5.524209976196289,5.412705421447754,5.153553485870361,123.77530670166016
5cGBQ9W3XtRuRQFgDklDrI,0.006099142134189606,0.001491796807385981,0.9847279787063599,4.663315849029459e-06,3.1686715374235064e-05,0.0016239127144217491,0.0009349350002594292,0.0016547406557947397,0.003431303659453988,0.999813437461853,0.00018659613851923496,0.844027578830719,0.15597251057624817,0.00010453954746481031,0.9998955130577087,0.0408039316534996,0.9591959714889526,0.9996535181999207,0.00034645863343030214,0.5896152257919312,0.41038480401039124,5.8843183517456055,5.378424167633057,6.0662994384765625,5.962865829467773,123.9364013671875
0HV7B3E5uzevwgj8faXO23,0.05486178770661354,0.0015092266257852316,0.8619361519813538,0.0023419528733938932,0.0005175225669518113,0.016767868772149086,0.03149084374308586,0.006793338805437088,0.02378140017390251,0.8869530558586121,0.11304700374603271,0.8690258264541626,0.1309741735458374,0.09842290729284286,0.9015771150588989,0.29041603207588196,0.7095839381217957,0.9170021414756775,0.08299791067838669,0.7735701203346252,0.22642983496189117,5.341373920440674,5.024291038513184,5.33080530166626,5.236868381500244,123.70625305175781
5tQkgG7unCiJxaOFp5yc5O,0.3433321714401245,0.009863811545073986,0.1269204318523407,0.022139567881822586,0.010481580160558224,0.05456032231450081,0.03531963750720024,0.0464201420545578,0.35096216201782227,0.6945043206214905,0.3054957389831543,0.26459652185440063,0.7354035377502441,0.05542454496026039,0.9445754289627075,0.6661125421524048,0.3338874876499176,0.8214384913444519,0.17856156826019287,0.19566255807876587,0.8043373823165894,5.289885997772217,5.325295448303223,5.0639166831970215,5.432173252105713,130.0414581298828
03ZC12qWgo6GKepcHgseHp,0.3062603771686554,0.0023113631177693605,0.4794034957885742,0.0030215198639780283,0.003776476252824068,0.0325554721057415,0.0742093101143837,0.006704104132950306,0.09175790846347809,0.9799026250839233,0.020097265020012856,0.638823390007019,0.3611764907836914,0.004564117640256882,0.9954359531402588,0.912554919719696,0.087444968521595,0.998811662197113,0.0011884066043421626,0.5661845207214355,0.4338154196739197,6.996120929718018,5.739151954650879,5.727833271026611,6.155102729797363,95.0837631225586
4xlrSRe67LDo9DdoTduDUr,0.5683128237724304,0.002113721566274762,0.08132723718881607,0.012022091075778008,0.00948596466332674,0.02225385792553425,0.06552902609109879,0.0007429044926539063,0.23821254074573517,0.9818573594093323,0.018142828717827797,0.3646164834499359,0.6353834867477417,0.017823774367570877,0.9821761250495911,0.9769046902656555,0.023095129057765007,0.9764517545700073,0.02354835905134678,0.12934058904647827,0.8706594109535217,6.987361907958984,5.800785064697266,6.0446953773498535,6.121072292327881,153.56356811523438
4Yxvb8nPsgJ6nNiqUOjRqQ,0.52950519323349,0.008311960846185684,0.046486929059028625,0.07793167233467102,0.020398123189806938,0.01059842947870493,0.13171052932739258,0.002528735436499119,0.17252856492996216,0.8848246932029724,0.11517541855573654,0.5091764330863953,0.49082353711128235,0.29495006799697876,0.7050497531890869,0.9787849187850952,0.02121521346271038,0.9062825441360474,0.09371738880872726,0.05012247711420059,0.9498776197433472,6.561293601989746,5.4181952476501465,5.598307132720947,5.938265800476074,109.12602233886719
1eXlyZrOqe00FBVo7DhRTk,0.5382699966430664,0.0034283928107470274,0.2026262730360031,0.010187063366174698,0.0025500725023448467,0.01368748303502798,0.04043090343475342,0.0014426534762606025,0.1873771846294403,0.8908126950263977,0.10918734222650528,0.33991551399230957,0.6600843667984009,0.05762190744280815,0.9423781037330627,0.6822315454483032,0.31776848435401917,0.8710383772850037,0.12896157801151276,0.3656042814254761,0.6343958377838135,6.465862274169922,4.712815284729004,4.737265110015869,5.673194408416748,130.18736267089844
2HnQYp6xfSxE2LqfbmmJcN,0.46159765124320984,0.0019251973135396838,0.1177753359079361,0.0011848312569782138,0.0007890569395385683,0.000335381570039317,0.027839047834277153,0.0010074985912069678,0.3875460922718048,0.9662823677062988,0.03371770307421684,0.30142179131507874,0.6985781788825989,0.0010494135785847902,0.9989508986473083,0.7752386927604675,0.2247612029314041,0.9864596724510193,0.013540355488657951,0.17028772830963135,0.8297123312950134,7.572465419769287,4.898425102233887,4.782814025878906,6.150486946105957,98.64754486083984
14q1CWouLEjFT6zu5re8hR,0.4340965747833252,0.011512084864079952,0.19300517439842224,0.00509285181760788,0.011835362762212753,0.006910656113177538,0.04989268630743027,0.0019438514718785882,0.28571081161499023,0.8995677828788757,0.10043208301067352,0.38279521465301514,0.617205023765564,0.004067171830683947,0.9959328770637512,0.6002586483955383,0.39974141120910645,0.9827161431312561,0.017283737659454346,0.2630135715007782,0.7369861602783203,7.12642240524292,4.802150249481201,4.6260986328125,6.301631450653076,122.42850494384766
71U7k9l1euqfmGMiAddU9O,0.4914660155773163,0.01031509879976511,0.037149883806705475,0.022985022515058517,0.016711097210645676,0.010878641158342361,0.02914143167436123,0.0025737297255545855,0.37877902388572693,0.8463595509529114,0.15364062786102295,0.4853611886501312,0.5146388411521912,0.055667944252491,0.9443321824073792,0.8698861002922058,0.13011384010314941,0.8853215575218201,0.11467817425727844,0.2637467086315155,0.7362533807754517,6.352998733520508,5.421931743621826,5.631057262420654,5.923391819000244,88.62472534179688
1NWcj1i7x0w2SDI3vHzfLZ,0.052962709218263626,0.03300601616501808,0.6084779500961304,0.0008196623530238867,0.00810280442237854,0.025063617154955864,0.20062223076820374,0.05916254594922066,0.011782463639974594,1.0,2.673206367376224e-08,0.7866594195365906,0.21334043145179749,3.809933559750789e-06,0.9999964237213135,0.4013626277446747,0.5986372828483582,0.9999956488609314,4.722152880276553e-06,0.07477563619613647,0.9252244234085083,6.294100761413574,5.619636535644531,5.253463268280029,6.735845565795898,115.98690032958984
7FJN81UvDgMsffsYe7mtJg,0.06364336609840393,0.02994384616613388,0.6642717123031616,0.00014439961523748934,0.0009069232037290931,0.06586899608373642,0.12892861664295197,0.016958845779299736,0.02933328039944172,0.9999982714653015,1.892816385407059e-06,0.8257959485054016,0.17420412600040436,0.00011805304529843852,0.9998820424079895,0.12867987155914307,0.8713199496269226,0.9999706745147705,2.949454210465774e-05,0.48128512501716614,0.5187148451805115,5.8099799156188965,5.863499164581299,5.793446063995361,5.663293361663818,123.96479797363281
7mTTPtdBGd0SkKODhNANch,0.03184972330927849,0.017373088747262955,0.9104235172271729,0.00024230075359810144,0.0006587806856259704,0.01789642497897148,0.006279182620346546,0.011392044834792614,0.0038850551936775446,0.9760765433311462,0.0239234771579504,0.8073040843009949,0.19269591569900513,0.013982403092086315,0.986017644405365,0.03394658863544464,0.9660535454750061,0.9752323031425476,0.024767760187387466,0.5218478441238403,0.478152334690094,5.7466020584106445,5.670072555541992,5.950592517852783,5.717927932739258,122.95842742919922
37uMiu52DbSIx3SJ3sGDow,0.059970635920763016,0.016033753752708435,0.411496639251709,0.0032343068160116673,0.006051482167094946,0.059923071414232254,0.11200859397649765,0.2869613468647003,0.044320110231637955,0.9418869614601135,0.058113113045692444,0.6911317706108093,0.30886808037757874,0.013143733143806458,0.98685622215271,0.1635660082101822,0.836434006690979,0.9410297274589539,0.05897035077214241,0.1773294359445572,0.8226706981658936,5.800795078277588,5.421513557434082,5.1851911544799805,5.713236331939697,123.0654525756836
4PhYk05ptUtiPFxe0xc3A9,0.01602942682802677,0.002523183124139905,0.8053326606750488,0.006252572406083345,0.001757730497047305,0.05946827307343483,0.049801431596279144,0.029707662761211395,0.02912699244916439,0.9089926481246948,0.09100738167762756,0.835716724395752,0.1642831712961197,0.03949423506855965,0.9605058431625366,0.0200821403414011,0.9799178838729858,0.8332180976867676,0.16678199172019958,0.6312408447265625,0.36875906586647034,5.326246738433838,5.122694969177246,5.386955261230469,4.889368057250977,122.03311920166016
4aYQmVzzYIB5mgFqCl2hpQ,0.01705090142786503,0.032842423766851425,0.1590459793806076,0.009437485598027706,0.051498837769031525,0.42269280552864075,0.27008262276649475,0.02853863127529621,0.008810387924313545,0.8479390144348145,0.1520608514547348,0.7956644892692566,0.20433537662029266,0.6211137771606445,0.378886342048645,0.6161887049674988,0.3838112950325012,0.19841963052749634,0.8015804886817932,0.10378732532262802,0.8962125182151794,4.8799591064453125,4.969043731689453,4.91749382019043,4.344950199127197,93.28971862792969
0LSmREPpR26M7uCUk57AjX,0.024678628891706467,0.005353032145649195,0.3781338930130005,0.006164089310914278,0.05767597630620003,0.11360765248537064,0.3642764091491699,0.016268106177449226,0.03384218364953995,0.9356311559677124,0.06436881422996521,0.9177134037017822,0.08228661119937897,0.11315745115280151,0.8868426084518433,0.6981701254844666,0.30182984471321106,0.77396160364151,0.22603853046894073,0.08724875748157501,0.9127513766288757,5.427250862121582,5.315965175628662,5.5891432762146,5.282705783843994,125.95600891113281
4nSzkb7SZQ40XX8iwHHLx4,0.7255657911300659,0.0016637739026919007,0.17024779319763184,0.0030055101960897446,0.0015216689789667726,0.015692541375756264,0.014338715933263302,0.009071772918105125,0.05889242887496948,0.9495921730995178,0.05040792003273964,0.695525050163269,0.3044750988483429,0.13354085385799408,0.8664590716362,0.8832941651344299,0.11670597642660141,0.9650992751121521,0.03490068018436432,0.794628381729126,0.2053714096546173,6.787349224090576,5.034541130065918,5.481499671936035,5.547340393066406,140.80987548828125
5BL5JIhruwOhrRZd3Djoqs,0.5295281410217285,0.005993067752569914,0.12707853317260742,0.005775790195912123,0.017762944102287292,0.030204011127352715,0.22988922894001007,0.026769986376166344,0.02699836529791355,0.9275891780853271,0.0724111944437027,0.9057492613792419,0.09425088763237,0.3414091169834137,0.6585908532142639,0.9376123547554016,0.06238779425621033,0.8762352466583252,0.12376467883586884,0.4554392993450165,0.5445607304573059,6.537729740142822,5.366908073425293,5.461023330688477,5.161778450012207,135.97386169433594
6E3awekagAc8qMIXeDwfeY,0.2244497835636139,0.003595515852794051,0.4472498595714569,0.008679019287228584,0.007872400805354118,0.02000015415251255,0.23848317563533783,0.028254756703972816,0.021415259689092636,0.9922887086868286,0.007711084093898535,0.881894588470459,0.11810537427663803,0.4223197102546692,0.577680230140686,0.9026958346366882,0.09730440378189087,0.8440781235694885,0.15592160820960999,0.4956352114677429,0.5043647885322571,5.187832355499268,4.964782238006592,5.16771936416626,4.753931522369385,122.12310028076172
3Z6HMD0zTxTUqrmh9ZoIib,0.41225045919418335,0.0017558037070557475,0.10519793629646301,0.019593948498368263,0.004354442935436964,0.08535892516374588,0.34696081280708313,0.001056840643286705,0.023470701649785042,0.9651617407798767,0.03483818471431732,0.8124876022338867,0.18751223385334015,0.32032206654548645,0.6796779036521912,0.9529253840446472,0.0470748245716095,0.9376659989356995,0.06233391538262367,0.20355765521526337,0.796442449092865,6.167877674102783,6.506441593170166,6.459545612335205,6.048907279968262,129.17860412597656
2kV2gzrfWhoxXBumKCeh01,0.10954374074935913,0.005548319313675165,0.2081879824399948,0.03476564586162567,0.02478172816336155,0.35369452834129333,0.2024986743927002,0.012509195134043694,0.04847029596567154,0.8414912819862366,0.15850862860679626,0.7279849648475647,0.2720150649547577,0.3174441158771515,0.6825554966926575,0.4629327058792114,0.5370672345161438,0.4171660542488098,0.5828340649604797,0.4014800488948822,0.5985198616981506,4.966041564941406,4.906815528869629,5.10500955581665,4.395151138305664,98.96275329589844
0ehZ3lmeMJP58aC6yHijW4,0.7275977730751038,0.006331703159958124,0.04973273351788521,0.02049989253282547,0.005783997941762209,0.06184720993041992,0.10534119606018066,0.006414568517357111,0.016450947150588036,0.9834287166595459,0.016571607440710068,0.7800255417823792,0.21997439861297607,0.37273842096328735,0.6272615790367126,0.9471998810768127,0.05280014127492905,0.844064474105835,0.15593566000461578,0.43470045924186707,0.5652995109558105,5.520035743713379,6.4273457527160645,6.2295684814453125,5.31718111038208,127.02069091796875
0f3UkQunbeGd6jGRYFmvwl,0.08852206915616989,0.019604401662945747,0.24283145368099213,0.018924815580248833,0.010215457528829575,0.5169933438301086,0.07506771385669708,0.015561153180897236,0.012279609218239784,0.7704635858535767,0.22953630983829498,0.7817029356956482,0.21829718351364136,0.71722811460495,0.2827717065811157,0.49065521359443665,0.5093449354171753,0.30376341938972473,0.6962364912033081,0.45733511447906494,0.5426649451255798,4.680237770080566,4.164322853088379,4.929774284362793,4.249411582946777,87.9234390258789
3wO7lEbQYuxxEXmwfk335E,0.25715556740760803,0.011596761643886566,0.0923338308930397,0.024936247617006302,0.04255816340446472,0.32374200224876404,0.2381727546453476,0.0026903324760496616,0.006814300548285246,0.9046754240989685,0.0953245460987091,0.7899596095085144,0.21004056930541992,0.8331051468849182,0.16689476370811462,0.8676434755325317,0.13235661387443542,0.4938392639160156,0.5061608552932739,0.42233356833457947,0.5776664018630981,5.300938606262207,5.507951259613037,5.5455322265625,4.709842681884766,116.29927062988281
6s8WSX1MxNThrot8ThI6fG,0.016539545729756355,0.0008317270549014211,0.044677454978227615,0.00011575264943530783,0.0007509101997129619,0.024060769006609917,0.0067757051438093185,0.8952570557594299,0.010991101153194904,0.9972416162490845,0.002758372575044632,0.8271421194076538,0.17285791039466858,0.0005248783272691071,0.9994753003120422,0.47280699014663696,0.527193009853363,0.9981786012649536,0.0018211856950074434,0.16210231184959412,0.8378975987434387,5.607685565948486,5.061517715454102,4.837931156158447,5.647730350494385,143.02183532714844
42VsgItocQwOQC3XWZ8JNA,0.015114783309400082,0.002483187709003687,0.1465911865234375,0.005138707812875509,0.010053228586912155,0.05775931850075722,0.03554704040288925,0.686119794845581,0.04119269922375679,0.9694064259529114,0.03059373050928116,0.7024490833282471,0.29755112528800964,0.004059252794831991,0.9959411025047302,0.3949045240879059,0.605095386505127,0.9334255456924438,0.06657446920871735,0.130846306681633,0.8691536784172058,5.670064449310303,4.752527236938477,4.167790412902832,5.899221897125244,147.65744018554688
3eekarcy7kvN4yt5ZFzltW,0.1744869202375412,0.006065866909921169,0.111650250852108,0.0059594400227069855,0.005035003647208214,0.045349184423685074,0.07317718118429184,0.49248960614204407,0.08578651398420334,0.8101992607116699,0.18980059027671814,0.3801829218864441,0.6198172569274902,0.17814618349075317,0.8218540549278259,0.10395738482475281,0.8960425853729248,0.5425775647163391,0.4574223756790161,0.18972034752368927,0.8102799654006958,4.749541759490967,4.612964153289795,4.279494285583496,4.836693286895752,152.76516723632812
4kjI1gwQZRKNDkw1nI475M,0.07407588511705399,0.005013044457882643,0.4692225754261017,0.009746524505317211,0.008318985812366009,0.11795362085103989,0.05059460550546646,0.258975625038147,0.0060989996418356895,0.9557812213897705,0.044218551367521286,0.6409181356430054,0.35908180475234985,0.13195188343524933,0.8680482506752014,0.2231399565935135,0.776860237121582,0.7654280066490173,0.2345718890428543,0.5176824331283569,0.48231759667396545,4.674992561340332,4.698774814605713,4.548398017883301,4.28226375579834,118.06510925292969
6koKhrBBcExADvWuOgceNZ,0.09056984633207321,0.031112080439925194,0.05457743629813194,0.06527034938335419,0.0371042862534523,0.08032961189746857,0.4136736989021301,0.2065591961145401,0.020803501829504967,0.8308650255203247,0.16913513839244843,0.7136887907981873,0.2863110899925232,0.34457919001579285,0.6554208397865295,0.5794580578804016,0.42054200172424316,0.14507025480270386,0.8549296855926514,0.07320553064346313,0.9267943501472473,4.962676525115967,5.171095848083496,4.634984970092773,4.350914001464844,77.53181457519531
2gyHr9WqZeMtzJOpWGuGo6,0.14206436276435852,0.006489308550953865,0.3760091960430145,0.12829892337322235,0.0038986036088317633,0.0739436000585556,0.1297307163476944,0.05311114713549614,0.08645421266555786,0.6385455131530762,0.36145445704460144,0.6154348254203796,0.38456496596336365,0.41624951362609863,0.5837504267692566,0.045665789395570755,0.9543341994285583,0.35317865014076233,0.6468214392662048,0.32583969831466675,0.6741604208946228,4.35737943649292,3.9112660884857178,4.038616180419922,3.947605609893799,162.4659423828125
2xLMifQCjDGFmkHkpNLD9h,0.17165686190128326,0.008563334122300148,0.05879664048552513,0.04206942766904831,0.007639353163540363,0.017799222841858864,0.021843163296580315,0.637679398059845,0.033952746540308,0.7969099283218384,0.20309008657932281,0.4232887327671051,0.5767112970352173,0.21039792895317078,0.7896019220352173,0.5347435474395752,0.46525660157203674,0.7225068211555481,0.27749329805374146,0.1909298449754715,0.8090702295303345,4.969244956970215,5.153377056121826,4.532701015472412,5.5262579917907715,154.79934692382812
5wG3HvLhF6Y5KTGlK0IW3J,0.007856045849621296,0.0003298192168585956,0.011539260856807232,1.674003760854248e-05,0.00027020994457416236,0.003511911490932107,0.002589092357084155,0.9738280773162842,5.874215639778413e-05,0.9999954104423523,4.791432729689404e-06,0.5557762384414673,0.4442237913608551,0.0002502468414604664,0.9997498393058777,0.11246005445718765,0.8875400424003601,0.8034928441047668,0.19650717079639435,0.14965708553791046,0.8503431677818298,4.784533977508545,5.384765625,4.6440935134887695,5.1256561279296875,119.48845672607422
28drn6tQo95MRvO0jQEo5C,0.15826113522052765,0.0029044472612440586,0.0472886823117733,0.012522056698799133,0.0005925241857767105,0.007809474598616362,0.051237791776657104,0.6888103485107422,0.03057357482612133,0.9399827718734741,0.060017287731170654,0.576570451259613,0.42342957854270935,0.16475951671600342,0.8352405428886414,0.5655471682548523,0.43445295095443726,0.8054210543632507,0.19457897543907166,0.0688411071896553,0.9311590790748596,4.886318683624268,4.6651530265808105,4.194611549377441,5.315506935119629,144.3646240234375
6gBFPUFcJLzWGx4lenP6h2,0.1411886066198349,0.008568905293941498,0.11166379600763321,0.002706442726776004,0.010381005704402924,0.05397503450512886,0.022501545026898384,0.6413330435752869,0.007681510876864195,0.9902727007865906,0.00972746778279543,0.31178921461105347,0.6882106065750122,0.05420158430933952,0.945798397064209,0.4807692766189575,0.5192306637763977,0.7577305436134338,0.24226917326450348,0.15183107554912567,0.8481689095497131,4.9689860343933105,5.350079536437988,4.77326774597168,5.649984836578369,130.00233459472656
6CCoSMqd2U57jYMVdMeghB,0.017450522631406784,0.040052611380815506,0.24755407869815826,0.0016135044861584902,0.025993196293711662,0.2547301650047302,0.1142522320151329,0.28804725408554077,0.01030650269240141,0.9794707894325256,0.020529216155409813,0.7744977474212646,0.22550219297409058,0.0004336005076766014,0.9995666742324829,0.23003467917442322,0.7699654698371887,0.9748072028160095,0.02519271709024906,0.36913228034973145,0.6308674812316895,5.813918590545654,5.35447883605957,5.3672332763671875,5.851718902587891,118.29856872558594
2wCJOX6zSDb4sv45L7tgTR,0.012979778461158276,0.007738927379250526,0.6676658391952515,6.533281703013927e-05,0.0007177089573815465,0.010582870803773403,0.19953623414039612,0.09059350937604904,0.010119637474417686,1.0,2.872745596960158e-08,0.9393863677978516,0.060613662004470825,9.156217856798321e-06,0.999991238117218,0.21620704233646393,0.7837929725646973,0.9984213709831238,0.0015788989840075374,0.38415080308914185,0.6158491969108582,6.103947639465332,6.004032135009766,5.48045539855957,5.659050464630127,121.03081512451172
2RQ1LEpUNpbzEX3x2ApMpD,0.010610276833176613,0.011102717369794846,0.2183295637369156,0.0050969673320651054,0.050491586327552795,0.0580650195479393,0.608170211315155,0.006591314449906349,0.03154224529862404,0.9373565912246704,0.06264354288578033,0.9178150296211243,0.08218511193990707,0.019195135682821274,0.9808049201965332,0.42180123925209045,0.5781985521316528,0.8844149708747864,0.11558493971824646,0.055860668420791626,0.9441394805908203,6.084508419036865,6.358478546142578,5.9193925857543945,6.285116195678711,123.99113464355469
2hRd8sG0Qx15VNx4Jk8E7u,0.01613018848001957,0.018457535654306412,0.7916200160980225,0.0004094329779036343,0.0010832484113052487,0.028712552040815353,0.09464294463396072,0.03898239880800247,0.009961675852537155,0.9999998807907104,2.8366142146296625e-07,0.9071910381317139,0.092808797955513,1.3462940842146054e-05,0.9999869465827942,0.1766175478696823,0.823382556438446,0.9998237490653992,0.00017632154049351811,0.6290952563285828,0.37090468406677246,6.055590629577637,5.587167263031006,5.560531139373779,6.126011848449707,122.00230407714844
0ZIdK9xgN6vEXj27fzj8V8,0.042916808277368546,0.013915549963712692,0.7355219125747681,0.00012323670671321452,0.0005246219807304442,0.04414047673344612,0.03241979330778122,0.12637226283550262,0.004065298475325108,0.9999999403953552,8.812813945269227e-08,0.9256305694580078,0.07436925172805786,1.0991317367370357e-06,0.9999992251396179,0.08307436853647232,0.9169254302978516,0.9999905824661255,9.676572517491877e-06,0.5262613296508789,0.4737387001514435,6.328208923339844,5.208463191986084,5.366654396057129,5.960214614868164,122.0474853515625
0fVuPR2AVTdjpv6kgTgQ0X,0.021057074889540672,0.01303827203810215,0.6181824207305908,5.9991911257384345e-05,0.0040736086666584015,0.051298629492521286,0.17528215050697327,0.11375273019075394,0.0032551814801990986,0.9999837279319763,1.6385851267841645e-05,0.8159603476524353,0.18403945863246918,6.785384357499424e-06,0.9999936819076538,0.19634634256362915,0.8036535382270813,0.9984315037727356,0.0015687448903918266,0.5297433137893677,0.4702567756175995,5.947779655456543,5.651251792907715,5.514260768890381,6.021048545837402,118.68074035644531
7yLzpn8BQ8HB1xDHEYZDAr,0.01623809151351452,0.0021934504620730877,0.8701415061950684,0.0004292105440981686,2.0679317458416335e-05,0.029690317809581757,0.06379513442516327,0.0034167130943387747,0.014074926264584064,0.9999997019767761,5.107192464492982e-07,0.9048396348953247,0.09516046941280365,0.0019314463716000319,0.9980685710906982,0.1943834125995636,0.805616557598114,0.9999040961265564,9.601898636901751e-05,0.5171409249305725,0.48285913467407227,5.968242168426514,5.857433795928955,5.946500301361084,5.632356643676758,120.00189208984375
4CyCAxTyrTDtzzrBZdjveC,0.012650460936129093,0.012143365107476711,0.8427534699440002,0.00017269364616367966,0.000295763136819005,0.03331819176673889,0.04052343964576721,0.05004003643989563,0.008102543652057648,1.0,4.258688512948083e-09,0.925484299659729,0.07451565563678741,4.6084949190117186e-07,0.9999999403953552,0.005496329162269831,0.9945036768913269,0.9999900460243225,1.0347886018280406e-05,0.3064393401145935,0.6935606002807617,6.240331649780273,5.572361946105957,5.629701614379883,5.790919303894043,123.00005340576172
7BPadP3q9qwMkho3IMPU99,0.004826117306947708,0.0016104541718959808,0.003611758118495345,4.680626807385124e-05,0.0018434004159644246,0.0018605462973937392,0.025255339220166206,0.960648238658905,0.00029749792884103954,0.9999663233757019,3.369901605765335e-05,0.4253452718257904,0.5746546983718872,0.012105357833206654,0.9878944754600525,0.8425689339637756,0.15743087232112885,0.871379554271698,0.12862041592597961,0.011334826238453388,0.9886654615402222,5.1006927490234375,5.449258804321289,4.872817516326904,5.635077476501465,105.09847259521484
2McT2fkH0VDqPsbiB9HWPq,0.06144031882286072,0.0022088875994086266,0.23458081483840942,0.00101560540497303,0.007143634837120771,0.0035385421942919493,0.027801472693681717,0.6132686734199524,0.04900215193629265,0.9210428595542908,0.07895722985267639,0.4235648512840271,0.5764352083206177,0.0010897184256464243,0.9989101886749268,0.3774609863758087,0.6225391626358032,0.9650952219963074,0.034904561936855316,0.1371578872203827,0.8628422617912292,5.408121109008789,4.8468918800354,4.116462230682373,5.434985160827637,148.0767364501953
7vv89PswQvqGKCGJ1rw5on,0.07043643295764923,0.0050974516198039055,0.14572784304618835,0.0028445443604141474,0.004234280437231064,0.006082025356590748,0.09648611396551132,0.6345804333686829,0.03451086953282356,0.9851361513137817,0.014863819815218449,0.6382356286048889,0.3617643713951111,0.018707364797592163,0.9812928438186646,0.6325469017028809,0.3674532175064087,0.9208779335021973,0.0791221559047699,0.03090202994644642,0.9690981507301331,5.8796706199646,5.072939872741699,4.40390157699585,6.090462684631348,122.40122985839844
0cbVD7WpHVdHUKwoolzhCZ,0.05525142326951027,0.004803485702723265,0.10610826313495636,0.0005656135617755353,0.008919773623347282,0.003633445594459772,0.0695795938372612,0.7465614080429077,0.004576849285513163,0.9999111294746399,8.899602107703686e-05,0.6536375880241394,0.34636232256889343,0.002726093167439103,0.9972740411758423,0.45296764373779297,0.547032356262207,0.9795131683349609,0.020486745983362198,0.022804971784353256,0.9771950840950012,5.983462333679199,4.732046127319336,4.440000534057617,6.058969020843506,142.8064422607422
6Ilomcr9iLplsgAvZjHkJP,0.05369662865996361,0.02363119274377823,0.35048598051071167,0.0024541360326111317,0.009684535674750805,0.13593950867652893,0.10420849174261093,0.3075367212295532,0.012362781912088394,0.942463219165802,0.057536691427230835,0.5807644128799438,0.41923558712005615,0.01387803629040718,0.9861221313476562,0.32642319798469543,0.6735765933990479,0.9693758487701416,0.03062410280108452,0.2324255406856537,0.7675744891166687,5.834932327270508,5.629456996917725,5.041866779327393,5.730094909667969,119.98287200927734
6ZRuF2n1CQxyxxAAWsKJOy,0.021081166341900826,0.0031904284842312336,0.0985991433262825,0.017049172893166542,0.04688558727502823,0.06692550331354141,0.5582058429718018,0.17618390917778015,0.011879289522767067,0.9436721801757812,0.056327808648347855,0.8122012615203857,0.187798872590065,0.18697069585323334,0.8130293488502502,0.3769291937351227,0.6230707764625549,0.5521847009658813,0.44781526923179626,0.054762449115514755,0.9452375173568726,5.412069797515869,5.0764360427856445,4.526497840881348,4.248933792114258,146.38140869140625
7t2bFihaDvhIrd2gn2CWJO,0.06768591701984406,0.02179819531738758,0.13825295865535736,0.035475991666316986,0.015466373413801193,0.09206326305866241,0.11557465046644211,0.4351522624492645,0.07853034138679504,0.8325808048248291,0.16741925477981567,0.40835660696029663,0.5916433334350586,0.21235185861587524,0.7876482009887695,0.2703826129436493,0.7296175956726074,0.3919138014316559,0.6080861687660217,0.08760471642017365,0.912395179271698,4.870530605316162,4.6768951416015625,4.367772579193115,4.5926079750061035,122.26605987548828
58w5J5yNWeGZ7a4cM1rO7Y,0.18625207245349884,0.01207731757313013,0.106411874294281,0.004249534569680691,0.04370010644197464,0.025547510012984276,0.11587370187044144,0.48296916484832764,0.022918712347745895,0.9386824369430542,0.061317719519138336,0.5873165130615234,0.4126836359500885,0.02148604393005371,0.9785139560699463,0.7115005850791931,0.28849971294403076,0.8825863003730774,0.11741375923156738,0.0752972811460495,0.9247028827667236,5.944058895111084,5.47822904586792,4.74064826965332,6.265869140625,97.95475769042969
5B0kgjHULYJhAQkK5XsMoC,0.061728186905384064,0.004876177757978439,0.04076678305864334,0.0012289059814065695,0.01745522953569889,0.007186944130808115,0.10853099822998047,0.7515751123428345,0.006651667412370443,0.999240517616272,0.0007597388466820121,0.5621412992477417,0.437858909368515,0.006467284169048071,0.9935325384140015,0.6454359292984009,0.3545641303062439,0.8455696105957031,0.15443041920661926,0.010394411161541939,0.9896054267883301,5.931572914123535,5.7273359298706055,4.919379711151123,5.9243388175964355,142.10508728027344
6QNR2YGST3W8EIhyrrrQvH,0.006760063115507364,0.0022682007402181625,0.010609234683215618,0.005670421291142702,0.006826306227594614,0.0037732734344899654,0.008768575266003609,0.9531556367874146,0.002168552950024605,0.9887574315071106,0.011242585256695747,0.46597057580947876,0.5340296030044556,0.01428493857383728,0.9857150912284851,0.20501451194286346,0.7949854135513306,0.7939420342445374,0.20605818927288055,0.0019941579084843397,0.9980056881904602,5.29742431640625,5.218340873718262,4.565610885620117,5.578362941741943,104.01319885253906
40ds3xedbMkWhszkGnZwxi,0.008054442703723907,0.003334434935823083,0.08932126313447952,0.0018111332319676876,0.039002783596515656,0.03318900614976883,0.3342396914958954,0.4811317026615143,0.00991559587419033,0.9624502658843994,0.03754982352256775,0.8602345585823059,0.13976530730724335,0.022518742829561234,0.9774814248085022,0.13055609166622162,0.869443953037262,0.4719829857349396,0.528016984462738,0.016593053936958313,0.9834069013595581,4.990838050842285,5.3421525955200195,4.70066499710083,4.304143905639648,150.70018005371094
6XpEm7VJ7TZxZTawH8BCSW,0.0021968893706798553,0.0009252075687982142,0.039674870669841766,4.386807631817646e-05,0.006708749569952488,0.006751278880983591,0.004438917152583599,0.9389829635620117,0.0002771575818769634,0.999998927116394,1.071609176506172e-06,0.8067057728767395,0.19329406321048737,0.0008691928815096617,0.9991308450698853,0.36377012729644775,0.6362298727035522,0.8945141434669495,0.10548558831214905,0.03706709295511246,0.9629327654838562,5.384045124053955,5.1042656898498535,4.878247261047363,5.253492832183838,99.85832977294922
3qeMtqV38UWPZfps7mPTUE,0.03451019152998924,0.008210348896682262,0.4457769989967346,0.00027795886853709817,0.03998710215091705,0.04195091500878334,0.2941793203353882,0.1307518482208252,0.004355274140834808,0.891089141368866,0.10891089588403702,0.9014424085617065,0.0985574796795845,0.0037744997534900904,0.9962255954742432,0.33955907821655273,0.6604409217834473,0.9112544059753418,0.08874538540840149,0.16818630695343018,0.8318135142326355,5.6539626121521,5.512531757354736,5.149244785308838,5.319211959838867,120.88677215576172
3qSk5TP4A8gQIsb8iNVwnx,0.03023967519402504,0.005229250993579626,0.4611828923225403,0.0005347986589185894,0.011967633850872517,0.035484105348587036,0.29320022463798523,0.15640990436077118,0.005751457065343857,0.9987233281135559,0.0012767449952661991,0.7731721997261047,0.2268277108669281,0.014356633648276329,0.9856435656547546,0.4349975287914276,0.5650025606155396,0.9069481492042542,0.09305192530155182,0.21361716091632843,0.7863826155662537,5.703742027282715,5.665023326873779,4.988936901092529,5.246980667114258,109.03986358642578
1Cbl3Yq8rHo7hhDQmLQagU,0.024889377877116203,0.001179455779492855,0.11622938513755798,0.0007130585145205259,0.1288728564977646,0.04574545845389366,0.273582398891449,0.40731650590896606,0.001471509924158454,0.9926431775093079,0.00735689839348197,0.8614826798439026,0.1385173201560974,0.005583932623267174,0.9944162368774414,0.21339833736419678,0.7866018414497375,0.5335221886634827,0.46647772192955017,0.07145161181688309,0.9285483956336975,5.466241359710693,5.950163841247559,5.04652214050293,5.06600284576416,93.44200134277344
7axl6v0Yv4ksLVMt6XItpc,0.014896275475621223,0.01225278526544571,0.37743422389030457,9.338070231024176e-05,0.13869637250900269,0.08387534320354462,0.2865268886089325,0.08575625717639923,0.0004684465238824487,1.0,3.2502583735549706e-08,0.9625829458236694,0.037416938692331314,6.567760283360258e-05,0.9999343752861023,0.431900292634964,0.5680997371673584,0.8824036717414856,0.11759620159864426,0.13118912279605865,0.8688108921051025,5.743507385253906,5.761314868927002,5.233761787414551,4.889052867889404,116.03269958496094
5aIVCx5tnk0ntmdiinnYvw,0.024526460096240044,0.0038671190850436687,0.22025486826896667,0.0058090947568416595,0.1664602905511856,0.049587663263082504,0.33434680104255676,0.17621104419231415,0.018936622887849808,0.9788222312927246,0.021177837625145912,0.8550866842269897,0.14491331577301025,0.04360609129071236,0.9563940763473511,0.33054912090301514,0.6694508194923401,0.508904755115509,0.4910951554775238,0.013073377311229706,0.9869267344474792,5.734075546264648,5.64879846572876,4.675926208496094,4.958359718322754,117.10394287109375
08AznbP5RLxjaFOZTqOI9w,0.1071283295750618,0.010807319544255733,0.5240665078163147,0.0004431576235219836,0.021132301539182663,0.06623804569244385,0.19810248911380768,0.054123926907777786,0.017957907170057297,0.9424890279769897,0.0575111024081707,0.8507721424102783,0.149228036403656,0.0119246831163764,0.9880752563476562,0.6994470357894897,0.30055302381515503,0.9574307799339294,0.04256941378116608,0.2595149874687195,0.7404851317405701,7.299876689910889,4.871051788330078,4.677083492279053,5.9743571281433105,172.26596069335938
60qaApzoNFsAXhhPc5zDxh,0.0925159826874733,0.03772516921162605,0.375826358795166,3.665353870019317e-05,0.009800112806260586,0.004972628317773342,0.29278233647346497,0.18483026325702667,0.0015104039339348674,0.9978852868080139,0.0021146778017282486,0.9682710766792297,0.03172905370593071,5.388545469031669e-05,0.9999463558197021,0.6253547072410583,0.3746451735496521,0.9982674717903137,0.001732675707899034,0.04541506618261337,0.9545848369598389,7.070862293243408,5.3541107177734375,4.803855895996094,6.461373805999756,132.01454162597656
0MK6lVnmhVulpP62vkZBWV,0.12950387597084045,0.005118001718074083,0.5828360915184021,0.0001283259771298617,0.015932101756334305,0.0033823081757873297,0.05194224417209625,0.19427494704723358,0.016882024705410004,0.993744432926178,0.006255495361983776,0.7794013023376465,0.22059862315654755,7.019675831543282e-05,0.9999299049377441,0.34979715943336487,0.650202751159668,0.9827713966369629,0.017228780314326286,0.0788581520318985,0.9211418032646179,7.355759620666504,4.9882707595825195,4.401045322418213,6.804399013519287,135.0005340576172
69G9nIj6Pb1HfqFXa9DGFs,0.05525641515851021,0.007907702587544918,0.29476243257522583,0.0007061881478875875,0.008201852440834045,0.004336216952651739,0.302265465259552,0.3187469244003296,0.007816888391971588,0.9947139024734497,0.005286146886646748,0.9142970442771912,0.08570303022861481,0.002246258081868291,0.997753918170929,0.7295573353767395,0.2704428434371948,0.9918851852416992,0.008114932104945183,0.038798119872808456,0.9612018465995789,6.769372940063477,5.881063938140869,5.132987976074219,6.482400417327881,139.9282989501953
1PEPcLm2QEo0HCRIhQjPq1,0.22420676052570343,0.0015412367647513747,0.5025773644447327,0.001041237497702241,0.0007060341304168105,0.009411492384970188,0.05032457783818245,0.1969645768404007,0.013226675800979137,0.9899427890777588,0.010057279840111732,0.7018277645111084,0.29817232489585876,0.013749725185334682,0.9862504005432129,0.2955878674983978,0.7044121026992798,0.9554417133331299,0.044558487832546234,0.19057060778141022,0.8094295263290405,6.031374931335449,5.245460510253906,4.685237407684326,5.571984767913818,153.84384155273438
724utiMbqUfT1g3tqbfQYu,0.2948501706123352,0.008887660689651966,0.254040002822876,0.0034922452177852392,0.011546849273145199,0.020442595705389977,0.14614936709403992,0.05982789397239685,0.20076316595077515,0.9950287342071533,0.0049713547341525555,0.506523847579956,0.4934760332107544,0.011445512995123863,0.9885544180870056,0.7550053000450134,0.244994655251503,0.931357741355896,0.06864214688539505,0.08368273079395294,0.9163169860839844,6.533334255218506,5.818914890289307,5.061999320983887,6.111522674560547,172.26548767089844
51vRYl0OqozBFkhBzAPzKI,0.053728681057691574,0.04832528904080391,0.5076439380645752,0.0006872423691675067,0.011375322006642818,0.024343909695744514,0.3081335127353668,0.036853693425655365,0.008908281102776527,0.9999914169311523,8.61153966980055e-06,0.8541080355644226,0.1458922177553177,0.015659933909773827,0.9843401908874512,0.5285181999206543,0.4714817404747009,0.9594070911407471,0.04059305787086487,0.10699046403169632,0.8930096626281738,7.27121114730835,5.628046989440918,4.942507743835449,7.101217269897461,135.76576232910156
0VNjaRcmIowjLbPtYDhLuh,0.17901623249053955,0.0047679501585662365,0.4003887474536896,0.009923147968947887,0.004721392411738634,0.03701839596033096,0.10538738965988159,0.22794753313064575,0.03082922287285328,0.9855471253395081,0.014452958479523659,0.7068923711776733,0.2931075990200043,0.06869205832481384,0.9313082695007324,0.482207328081131,0.5177926421165466,0.8522801995277405,0.14771968126296997,0.2890516519546509,0.7109482288360596,6.116672515869141,5.274904251098633,4.662540435791016,5.722157001495361,90.0359115600586
6g2m5644ZTXBzxSt0z5Qwa,0.030679810792207718,0.008461305871605873,0.2748554050922394,0.0033657709136605263,0.011840365827083588,0.21253512799739838,0.29467105865478516,0.15471337735652924,0.008877822197973728,0.9679679274559021,0.032032210379838943,0.8260059356689453,0.1739940643310547,0.07540127635002136,0.9245988130569458,0.33253470063209534,0.6674652695655823,0.6556954383850098,0.3443044424057007,0.2971850037574768,0.7028149962425232,5.5340118408203125,5.08521842956543,4.766589164733887,4.79241943359375,134.53530883789062
3mvUxz5KCT3mZKDkGtEqWy,0.012701768428087234,0.05568863824009895,0.44974133372306824,0.0005843773833476007,0.0020489590242505074,0.11137726902961731,0.06460778415203094,0.25158825516700745,0.05166148021817207,0.9399308562278748,0.06006912514567375,0.7913580536842346,0.20864194631576538,0.007938159629702568,0.9920617938041687,0.06879116594791412,0.9312087893486023,0.9605192542076111,0.03948080912232399,0.3455955386161804,0.6544045209884644,6.237664222717285,5.782536029815674,5.336729049682617,5.955181121826172,136.86997985839844
1k7xQynZ03ZOlITMo3vJAv,0.19228532910346985,0.022047610953450203,0.3219940662384033,0.0015972821274772286,0.0038781659677624702,0.005830718670040369,0.06049412861466408,0.36389610171318054,0.027976514771580696,0.998623251914978,0.0013770293444395065,0.7077541351318359,0.29224568605422974,0.0005982746952213347,0.9994019865989685,0.590256929397583,0.40974313020706177,0.9984183311462402,0.0015817845705896616,0.3482798933982849,0.6517199277877808,6.1361870765686035,5.402653694152832,5.232746124267578,5.976678848266602,136.001708984375
3hxUQ6HX7p4dY8qQVInVoY,0.24681605398654938,0.010140586644411087,0.4192773103713989,0.0015604241052642465,0.003864317201077938,0.01814190298318863,0.04968935251235962,0.006066192872822285,0.2444438338279724,0.9604034423828125,0.03959667310118675,0.2903805375099182,0.7096198201179504,0.00019912311108782887,0.9998010396957397,0.5484960675239563,0.45150381326675415,0.995728075504303,0.004271758254617453,0.27734094858169556,0.7226594090461731,6.940856456756592,4.798468112945557,4.4073004722595215,5.940434455871582,142.45973205566406
1gPRoX2iVsbJnkWBGrW7Kg,0.2561158239841461,0.023870736360549927,0.5037266612052917,0.0011396732879802585,0.005422104615718126,0.02729220874607563,0.03492272272706032,0.11038991063833237,0.0371202751994133,0.8196886777877808,0.18031147122383118,0.5087257027626038,0.49127426743507385,0.000387411389965564,0.9996126890182495,0.2717472314834595,0.7282530069351196,0.9097864627838135,0.09021396189928055,0.3803355395793915,0.6196646094322205,7.232237815856934,4.170795440673828,3.637669086456299,6.086750030517578,129.9947509765625
05IdqHMPXSr8dW4rEw5SEZ,0.255061537027359,0.019344091415405273,0.20424270629882812,0.019200393930077553,0.022663138806819916,0.02348203957080841,0.044070739299058914,0.12105856835842133,0.2908768355846405,0.9153685569763184,0.08463159948587418,0.1932014375925064,0.8067988157272339,0.0024993380066007376,0.9975006580352783,0.5573278069496155,0.4426723122596741,0.9712114334106445,0.028788510710000992,0.15187397599220276,0.8481263518333435,5.36122465133667,5.147870063781738,4.999709606170654,5.586312294006348,143.9912872314453
2pqoh1jUQoppztoQRRGyKK,0.7683568596839905,0.03709457814693451,0.07786167412996292,0.0015956880524754524,0.002503350144252181,0.0016457263845950365,0.04407745972275734,0.0340040884912014,0.032860588282346725,0.9852686524391174,0.014731417410075665,0.5494152903556824,0.4505847096443176,0.031597383320331573,0.9684027433395386,0.947699785232544,0.05230008810758591,0.9936560988426208,0.006343841087073088,0.2496017962694168,0.7503980398178101,6.958653450012207,5.184551239013672,5.0536112785339355,6.178219795227051,117.80056762695312
37C2eshetthNcnTu59a5yy,0.3529100716114044,0.02736673317849636,0.24882283806800842,0.002896132180467248,0.013438560999929905,0.007715146988630295,0.042535193264484406,0.023365627974271774,0.2809496819972992,0.7845616340637207,0.2154383361339569,0.21434593200683594,0.785653829574585,0.0005356164183467627,0.9994643926620483,0.6185122132301331,0.38148775696754456,0.9458659291267395,0.05413432419300079,0.24742193520069122,0.7525778412818909,5.823988914489746,4.8880791664123535,4.962500095367432,5.610409736633301,136.4091796875
79W8lW8xyYayXfi8TTbtoD,0.7105356454849243,0.047706156969070435,0.09922556579113007,0.002644532360136509,0.005228729452937841,0.004171535838395357,0.02339983358979225,0.008292170241475105,0.09879577904939651,0.9596394896507263,0.04036032408475876,0.5245476365089417,0.47545233368873596,0.02006087452173233,0.9799391627311707,0.9327341318130493,0.06726591289043427,0.9941242933273315,0.005875989329069853,0.429286926984787,0.5707131028175354,6.844296932220459,5.961284637451172,5.64339017868042,6.292618274688721,151.96408081054688
5aLD8CPaEu3Cj9ZcAqWWA6,0.594780683517456,0.020919447764754295,0.19065989553928375,0.0014879119116812944,0.0016189413145184517,0.004214155953377485,0.07394809275865555,0.016115594655275345,0.09625536948442459,0.9987487196922302,0.0012512787943705916,0.6044978499412537,0.3955022096633911,0.0018792491173371673,0.9981205463409424,0.9245854616165161,0.07541440427303314,0.9965008497238159,0.003499117447063327,0.32143735885620117,0.6785626411437988,6.824380397796631,5.556682586669922,5.449438571929932,6.010073661804199,129.32118225097656
2FHMM1A7ozaPLn0wIY4SET,0.5772408843040466,0.01783466711640358,0.2031785249710083,0.0010353486286476254,0.004615268670022488,0.003437241306528449,0.034280311316251755,0.12170624732971191,0.03667157143354416,0.999728798866272,0.00027134717674925923,0.7342962026596069,0.26570382714271545,0.0008200776064768434,0.9991801381111145,0.9544316530227661,0.04556834325194359,0.9985059499740601,0.0014941183617338538,0.36013850569725037,0.6398612856864929,7.233029365539551,5.495411396026611,5.408749580383301,6.444792747497559,161.5790252685547
0mcspj4ScW3ZF3OILnvr4i,0.5362849235534668,0.03668573871254921,0.061315134167671204,0.0534663051366806,0.006367276888340712,0.08048032969236374,0.04479323327541351,0.027392344549298286,0.15321475267410278,0.4828106462955475,0.5171893239021301,0.3312542140483856,0.6687458753585815,0.6839656829833984,0.31603434681892395,0.3701377809047699,0.6298623085021973,0.30060723423957825,0.6993927359580994,0.34116262197494507,0.6588372588157654,4.533049583435059,4.556728363037109,4.617940902709961,4.490687847137451,100.78245544433594
3yZsBXwiQkqLjnWYip17Uu,0.032264724373817444,0.03593432530760765,0.3719410002231598,0.001977276988327503,0.01350055355578661,0.03708686679601669,0.43346989154815674,0.04944143071770668,0.0243839081376791,0.9901041984558105,0.00989585742354393,0.7239107489585876,0.2760891020298004,0.005584392696619034,0.9944156408309937,0.12499081343412399,0.8750091195106506,0.9428955316543579,0.05710455775260925,0.01869034208357334,0.9813095331192017,6.260083198547363,5.86323356628418,5.5749053955078125,6.0677385330200195,122.07508087158203
2bbfiUnH4CATlekDS1dxNr,0.11918048560619354,0.02023218385875225,0.4505384862422943,0.016323693096637726,0.0029685350600630045,0.15354901552200317,0.16665102541446686,0.03584791719913483,0.03470853343605995,0.7853085994720459,0.21469144523143768,0.6484882235527039,0.351511687040329,0.13844943046569824,0.8615506887435913,0.22421066462993622,0.7757893204689026,0.8640416860580444,0.13595861196517944,0.3652416467666626,0.6347582340240479,5.434688091278076,5.607869625091553,5.587557315826416,5.443055629730225,123.89700317382812
27py1Q0fMmpuSYiOAKBZPb,0.012585007585585117,0.0025256306398659945,0.7530967593193054,0.00032191985519602895,0.0011459715897217393,0.014621821232140064,0.18099115788936615,0.012377915903925896,0.02233397588133812,0.9968399405479431,0.003160151420161128,0.8249285817146301,0.17507149279117584,0.0006086305365897715,0.9993916153907776,0.1785004734992981,0.8214992880821228,0.9917106032371521,0.008289258927106857,0.16715499758720398,0.832845151424408,5.566641330718994,5.533801078796387,5.402858734130859,5.524570941925049,120.00608825683594
25usEf5iGk9HL0LM9VTxue,0.32164087891578674,0.03397742658853531,0.275444358587265,0.008371923118829727,0.002564221154898405,0.08822622150182724,0.1487836241722107,0.10232770442962646,0.018663454800844193,0.9463359117507935,0.05366405099630356,0.5645148158073425,0.43548518419265747,0.12433115392923355,0.875669002532959,0.3236706852912903,0.6763295531272888,0.8037618398666382,0.1962384283542633,0.3354588449001312,0.6645414233207703,5.614342212677002,5.568040370941162,5.474442481994629,5.786594867706299,123.91914367675781
1OGikFMQXWG41hK6QWIGjK,0.067861407995224,0.031199214980006218,0.4790012836456299,0.0007717055850662291,0.0032623985316604376,0.10051947087049484,0.12785115838050842,0.040787309408187866,0.14874611794948578,0.9718272686004639,0.02817288227379322,0.3526565134525299,0.6473433375358582,0.00040364006417803466,0.999596357345581,0.13270722329616547,0.8672928810119629,0.9914646148681641,0.008535806089639664,0.09128258377313614,0.9087174534797668,6.017088890075684,5.905763626098633,5.416398525238037,6.2255449295043945,126.95665740966797
5PNvgiKSwMdjBsDsgFCFLX,0.03827900439500809,0.046304237097501755,0.28016698360443115,0.016560520976781845,0.009774748235940933,0.07202576100826263,0.33481672406196594,0.18617412447929382,0.015897927805781364,0.9610050916671753,0.038995008915662766,0.8206100463867188,0.1793898344039917,0.08107522130012512,0.9189251661300659,0.3575470447540283,0.6424529552459717,0.8936958909034729,0.10630416870117188,0.14855633676052094,0.8514436483383179,5.982766628265381,5.693340301513672,5.369508266448975,5.753269195556641,123.531982421875
79SrdoXn93tgSzksq73X2y,0.029963472858071327,0.01169160008430481,0.7668455839157104,0.0005181462038308382,0.0009167176904156804,0.026841821148991585,0.06066984310746193,0.06519239395856857,0.037360627204179764,0.975889265537262,0.024110635742545128,0.7605262994766235,0.23947377502918243,0.0023545578587800264,0.9976456761360168,0.11689135432243347,0.8831086158752441,0.9895449280738831,0.010455305688083172,0.5236223340034485,0.4763776659965515,5.646306037902832,5.091688632965088,5.160558700561523,5.702641487121582,124.90283966064453
60kEYpqklKbrwPrQHYSTsL,0.05230557546019554,0.053708840161561966,0.17076952755451202,0.0203863475471735,0.03948157653212547,0.07385244965553284,0.4777151346206665,0.04676258936524391,0.06501789391040802,0.9537410140037537,0.046259187161922455,0.7195095419883728,0.28049030900001526,0.04971274361014366,0.9502873420715332,0.6471123099327087,0.352887362241745,0.9012366533279419,0.09876357018947601,0.04244227334856987,0.9575576186180115,6.186094284057617,6.286618232727051,5.38709831237793,6.360462665557861,122.95362091064453
2qRKTg13LJGHO4fmQTWT7x,0.06262993067502975,0.07857920974493027,0.6569461226463318,4.816043292521499e-05,0.004227117635309696,0.030581923201680183,0.12742744386196136,0.029637441039085388,0.009922677651047707,0.9999861121177673,1.3975283764011692e-05,0.7891055941581726,0.21089433133602142,2.0304260033299215e-06,0.9999980926513672,0.027464913204312325,0.9725351929664612,0.9997485876083374,0.0002513984218239784,0.22116371989250183,0.7788363695144653,6.028739929199219,5.771551609039307,5.234999179840088,6.011853218078613,125.93788146972656
1uYfgsWGPEScCl4ZW5t1xg,0.1746356040239334,0.03579271212220192,0.09988189488649368,0.01713811606168747,0.04735955595970154,0.15149714052677155,0.030333489179611206,0.046401917934417725,0.3969595730304718,0.5361883640289307,0.4638116657733917,0.49047407507896423,0.5095260143280029,0.26436033844947815,0.735639750957489,0.6085932850837708,0.3914065361022949,0.7975001931190491,0.20249976217746735,0.5448468923568726,0.4551531672477722,5.63295316696167,5.1318864822387695,5.224897861480713,5.679269313812256,163.999755859375
4ixN40CpLCKvhF5XOATd3Q,0.15159393846988678,0.016111457720398903,0.0022922998759895563,0.6252289414405823,0.00218384456820786,0.0667487382888794,0.028239062055945396,0.0026227333582937717,0.1049790307879448,0.08618123084306717,0.9138187170028687,0.160797119140625,0.8392031788825989,0.9704275131225586,0.02957240864634514,0.1537085324525833,0.8462915420532227,0.12490799278020859,0.8750922083854675,0.41851475834846497,0.5814851522445679,4.341254711151123,4.605318546295166,4.965003490447998,4.01276159286499,122.4710693359375
0FbrbbgX0nXbBWtb3NTZHy,0.23440930247306824,0.03039197437465191,0.09413707256317139,0.08128172159194946,0.022911204025149345,0.10200303792953491,0.018163708969950676,0.01679058000445366,0.3999115228652954,0.4982548952102661,0.5017451047897339,0.34171944856643677,0.658280611038208,0.3259730041027069,0.6740268468856812,0.5652511715888977,0.43474873900413513,0.791961133480072,0.20803868770599365,0.6550205945968628,0.3449791669845581,5.944722652435303,5.187536716461182,5.078856945037842,5.648050785064697,178.20587158203125
64J5UDYdnsQflzdSG4yBri,0.4628067910671234,0.04881707578897476,0.05016196519136429,0.0333719439804554,0.009064631536602974,0.019119950011372566,0.0055487132631242275,0.005865480285137892,0.36524340510368347,0.43011966347694397,0.5698803663253784,0.3460109233856201,0.6539891362190247,0.4448341131210327,0.5551659464836121,0.3722170889377594,0.6277828812599182,0.6864275336265564,0.3135722577571869,0.7301203608512878,0.26987969875335693,5.537055015563965,4.570140838623047,4.720872402191162,5.483014106750488,125.02410125732422
2E5siDExJUc8KrFbFgFaHS,0.30902597308158875,0.024507945403456688,0.18133562803268433,0.0534985288977623,0.024149836972355843,0.1827930063009262,0.04803594946861267,0.03615027666091919,0.1405029147863388,0.5769839882850647,0.4230159819126129,0.5571233034133911,0.4428766667842865,0.4280932545661926,0.5719068050384521,0.6416243314743042,0.3583754301071167,0.7249248623847961,0.2750749886035919,0.5525640249252319,0.4474359452724457,5.333542346954346,5.1786017417907715,4.8591084480285645,5.247945308685303,117.94642639160156
4bAufD083RXxphE3qqaJMo,0.13963988423347473,0.06933196634054184,0.11995567381381989,0.040786296129226685,0.03489343822002411,0.1775008738040924,0.02771427482366562,0.03516808897256851,0.3550094664096832,0.449321985244751,0.550678014755249,0.29057276248931885,0.7094273567199707,0.25210797786712646,0.7478920817375183,0.6577496528625488,0.3422503173351288,0.919411838054657,0.08058823645114899,0.5816609263420105,0.4183390140533447,5.773602485656738,5.245078086853027,5.060944557189941,5.814582347869873,163.91015625
5oGUSKXMIJSylIEKB8xgO9,0.2670680284500122,0.043073587119579315,0.055716436356306076,0.07335454225540161,0.028939293697476387,0.17773981392383575,0.0207924023270607,0.023758986964821815,0.3095569908618927,0.33297762274742126,0.6670222878456116,0.3564879298210144,0.6435120701789856,0.35716184973716736,0.6428380608558655,0.4409492313861847,0.5590508580207825,0.7589194178581238,0.24108055233955383,0.6430120468139648,0.3569878935813904,5.54658842086792,5.328459739685059,5.005126953125,5.615943908691406,162.55259704589844
1gMH5aQFddrZrCQUoGBZnX,0.04964315891265869,0.033037856221199036,0.3237239122390747,0.016827180981636047,0.011228729970753193,0.4189367890357971,0.009031298570334911,0.03249427676200867,0.10507679730653763,0.4156935214996338,0.5843064188957214,0.35081446170806885,0.6491855382919312,0.07564353942871094,0.9243567585945129,0.40180259943008423,0.5981974005699158,0.9540674090385437,0.04593238607048988,0.8133137822151184,0.1866864413022995,5.996838569641113,5.015814781188965,4.57743501663208,5.72951078414917,151.368896484375
5us6CU2fWQ6Ig8H8qi7kDT,0.22912342846393585,0.03456158563494682,0.03957001492381096,0.08569087833166122,0.03135533630847931,0.06535281240940094,0.02922424115240574,0.023260537534952164,0.46186116337776184,0.3825451135635376,0.6174548864364624,0.3838594853878021,0.6161404252052307,0.37307125329971313,0.6269288063049316,0.5939340591430664,0.40606603026390076,0.7606816291809082,0.23931844532489777,0.441407173871994,0.5585928559303284,5.729796409606934,5.463168144226074,5.284645080566406,5.629683494567871,165.00840759277344
0ChvWY0uRIGvXfhqvv8jC1,0.06138003617525101,0.0011064010905101895,0.8597593903541565,3.848586857202463e-05,0.0002823429531417787,0.000575055368244648,0.04816200211644173,0.018472734838724136,0.010223574936389923,0.9999891519546509,1.1006591194018256e-05,0.6323087215423584,0.3676912188529968,8.022218025871553e-06,0.9999921321868896,0.5969771146774292,0.40302276611328125,0.9999966025352478,3.80956726075965e-06,0.2785699665546417,0.721430242061615,7.264157772064209,4.917832374572754,3.6072890758514404,6.530423641204834,140.0437469482422
3VuPtliMz0oXO9bDnA1CHq,0.04219811037182808,0.052139684557914734,0.7851976156234741,0.0001584344427101314,0.005334834102541208,0.006558804772794247,0.0939113199710846,0.0070254686288535595,0.007476090919226408,1.0,1.9434356346437198e-08,0.7216181755065918,0.27838167548179626,7.350561190833105e-07,0.999999463558197,0.37477731704711914,0.6252228617668152,0.9999993443489075,1.0653760682544089e-06,0.042136821895837784,0.9578630924224854,6.652497291564941,6.01461935043335,5.678479194641113,6.857091426849365,125.01013946533203
3GnCFLevVfdOgBuFtHHoSy,0.011761772446334362,0.03995165601372719,0.6060230135917664,0.00010718440898926929,0.0020877632778137922,0.0055931322276592255,0.27916088700294495,0.028799137100577354,0.02651546709239483,0.999997615814209,2.4085350105451653e-06,0.7769185304641724,0.22308166325092316,1.1990796338068321e-05,0.9999881386756897,0.20470505952835083,0.7952949404716492,0.9990683794021606,0.0009317916701547801,0.0465078167617321,0.953492283821106,7.02380895614624,5.069070339202881,4.900827407836914,6.5009541511535645,144.96725463867188
0EeMLsi9eUQokrejzb7WTH,0.04855902120471001,0.004337085410952568,0.690311074256897,0.0009180781780742109,0.000586685782764107,0.005503678694367409,0.04659226909279823,0.17027105391025543,0.03292114660143852,0.9868332147598267,0.013166787102818489,0.6851233839988708,0.31487637758255005,0.0011787161929532886,0.9988216161727905,0.12744811177253723,0.8725520372390747,0.968660831451416,0.03133920952677727,0.2515413165092468,0.748458743095398,6.353815078735352,4.91555643081665,4.815728187561035,6.011602878570557,129.89593505859375
1qqbDfljuA35Jrt9H5wNKj,0.004096221644431353,0.00027778680669143796,0.9318810701370239,2.4028315692703472e-06,0.0001424938818672672,0.0014814981259405613,0.01663612760603428,0.04429934546351433,0.0011833070311695337,0.999993622303009,6.434034730773419e-06,0.7681944370269775,0.2318054884672165,1.947238160937559e-06,0.9999982714653015,0.0486268512904644,0.9513731002807617,0.9992426037788391,0.0007576068746857345,0.5577030777931213,0.4422968924045563,6.444849967956543,4.787924766540527,4.825188159942627,5.86152982711792,150.06858825683594
42Nbp4cNwh3VbncOXjnEkM,0.027747856453061104,0.018681928515434265,0.4542102515697479,0.005909190513193607,0.007846825756132603,0.014405853115022182,0.42701470851898193,0.024223094806075096,0.019960444420576096,0.9857547283172607,0.014245256781578064,0.8220822215080261,0.17791801691055298,0.008556782267987728,0.9914432764053345,0.21059978008270264,0.7894003391265869,0.9804724454879761,0.01952756755053997,0.03290862217545509,0.9670911431312561,6.798752784729004,5.657873630523682,4.57793664932251,7.210268020629883,135.0592041015625
3KkesrPkSGFZYXUHtk1Zfn,0.0034114066511392593,0.022897427901625633,0.6952224373817444,0.00022478219761978835,0.00020291435066610575,0.015743130818009377,0.2360978126525879,0.010506310500204563,0.01569380611181259,1.0,9.358120500735367e-09,0.9091669917106628,0.09083302319049835,6.036755735294719e-07,0.9999994039535522,0.042126573622226715,0.957873523235321,0.9999998211860657,2.6466878466635535e-07,0.09229345619678497,0.907706618309021,7.011351108551025,5.534008979797363,4.489705562591553,6.834405422210693,144.9976806640625
3eKCphLVlWBovVgh7veu2l,0.010319671593606472,0.017722835764288902,0.7765454053878784,0.00012985861394554377,0.0003377669781912118,0.013403358869254589,0.09767989069223404,0.014130635187029839,0.06973059475421906,0.9975460767745972,0.002453975146636367,0.8512855768203735,0.1487145870923996,8.07922060630517e-06,0.9999921917915344,0.09504368901252747,0.9049562215805054,0.9999396204948425,6.0429625591496006e-05,0.40928134322166443,0.5907185673713684,7.1269211769104,4.390722751617432,4.520985126495361,6.548087120056152,149.0044708251953
0Ii836ApF3PKY2AIavpXpE,0.028030531480908394,0.034005530178546906,0.49944865703582764,0.0002497694513294846,0.00018291507149115205,0.05458913370966911,0.2287229299545288,0.007572217378765345,0.14719843864440918,0.9999423027038574,5.786566180177033e-05,0.8426684737205505,0.1573314517736435,0.000228681048611179,0.9997713565826416,0.258035808801651,0.7419639229774475,0.9999850392341614,1.5018854355730582e-05,0.3789297044277191,0.6210702061653137,7.442364692687988,5.949856758117676,4.414821147918701,6.741103649139404,151.30596923828125
1z8nQqjNwNtuj0aoALh7gf,0.34759703278541565,0.003998123109340668,0.15928532183170319,0.003224806860089302,0.0013951719738543034,0.004949697759002447,0.0367080494761467,0.0017852946184575558,0.44105666875839233,0.7353833913803101,0.26461660861968994,0.39416784048080444,0.6058321595191956,0.004876714665442705,0.9951232075691223,0.19567178189754486,0.8043281435966492,0.710736095905304,0.28926390409469604,0.283735990524292,0.7162638306617737,5.801879405975342,4.446573257446289,4.587273120880127,5.592333793640137,118.53009033203125
4rWWNbsiorGPfSb7B4c8sy,0.38606923818588257,0.0018609237158671021,0.45509424805641174,0.008193330839276314,0.0012145810760557652,0.014085748232901096,0.04093102738261223,0.003219116711989045,0.08933179080486298,0.68185955286026,0.31814056634902954,0.6673253774642944,0.33267465233802795,0.2882766127586365,0.7117234468460083,0.4726981818675995,0.5273016691207886,0.6404052376747131,0.35959479212760925,0.6703438758850098,0.32965588569641113,5.83417272567749,4.542159557342529,5.093934059143066,5.465958595275879,120.05695343017578
5ZKWXHh40U2QX1NHiWTnTk,0.47471970319747925,0.0022934775333851576,0.36634504795074463,0.004931839182972908,0.0022660198155790567,0.022744543850421906,0.06742548942565918,0.009591154754161835,0.04968271031975746,0.9587550163269043,0.04124511405825615,0.6951855421066284,0.30481457710266113,0.33595144748687744,0.6640488505363464,0.63286954164505,0.3671305179595947,0.7938524484634399,0.20614758133888245,0.7581823468208313,0.24181760847568512,5.604618549346924,4.572246551513672,5.009798049926758,5.144791603088379,131.96981811523438
7J6Kw5l4RZVTYhcvwp6ftM,0.649776816368103,0.0008783682133071125,0.12637676298618317,0.005370595026761293,0.0004264619492460042,0.0057688988745212555,0.013694042339920998,0.0020192761439830065,0.19568879902362823,0.7963700294494629,0.20363016426563263,0.34748604893684387,0.6525139808654785,0.11047409474849701,0.8895260095596313,0.23705241084098816,0.7629476189613342,0.8171296119689941,0.18287025392055511,0.571533739566803,0.42846640944480896,6.494378566741943,4.1502838134765625,4.272764682769775,5.614102840423584,166.2764434814453
654f3RV4IZdpvH189db8mQ,0.7775826454162598,0.001117415027692914,0.038814645260572433,0.0004770349187310785,0.00029032156453467906,0.0011387261329218745,0.004733758978545666,0.0005107733886688948,0.17533470690250397,0.9348316788673401,0.06516844779253006,0.3914029002189636,0.6085972785949707,0.015183310955762863,0.9848167896270752,0.6591706275939941,0.3408295512199402,0.9364907145500183,0.0635095089673996,0.1658681184053421,0.8341317772865295,6.0134453773498535,5.50331449508667,5.076727390289307,5.643075466156006,129.8941650390625
3SBhQh5X7tO8ejCMUdjSRu,0.26887914538383484,0.0008752757566981018,0.3025270402431488,0.00083309062756598,0.0018325060373172164,0.0032345836516469717,0.015806706622242928,0.0012806938029825687,0.40473100543022156,0.8777185082435608,0.1222812831401825,0.3075575530529022,0.6924423575401306,0.001503375475294888,0.9984967112541199,0.18439115583896637,0.8156090378761292,0.9514996409416199,0.04850059002637863,0.3747013509273529,0.6252986192703247,6.276041030883789,4.027914524078369,3.911377191543579,5.691267967224121,110.29621887207031
5TMGf0iNjOVLOgBf9vgq2O,0.43584588170051575,0.0017422575037926435,0.23341278731822968,0.006077442318201065,0.0010452683782204986,0.007001956459134817,0.02315581776201725,0.0023669046349823475,0.28935182094573975,0.7247071266174316,0.27529269456863403,0.525975227355957,0.47402480244636536,0.07397053390741348,0.9260298013687134,0.29894909262657166,0.7010507583618164,0.623378336429596,0.37662169337272644,0.3106287121772766,0.6893711090087891,5.611740589141846,4.599581241607666,4.80384635925293,5.495124340057373,136.0293731689453
5PCoCu7jl8FJTm6rKAmFDZ,0.35626527667045593,0.007815456949174404,0.2993525564670563,0.010449031367897987,0.0018284289399161935,0.02587871253490448,0.028905216604471207,0.003696978557854891,0.2658083140850067,0.5434558391571045,0.45654425024986267,0.5572372078895569,0.4427628517150879,0.07595683634281158,0.9240432977676392,0.11232387274503708,0.887675940990448,0.6803320050239563,0.3196679651737213,0.6874406933784485,0.3125593960285187,5.105103492736816,4.603841781616211,4.449011325836182,5.19649076461792,136.94642639160156
2VtXANhW6YpAzsMDQCFkAv,0.5328548550605774,0.0013662275159731507,0.012665679678320885,0.006669261958450079,0.000385412888135761,0.0007466882816515863,0.0042670234106481075,0.0007598030497319996,0.44028499722480774,0.7459201812744141,0.25407975912094116,0.35516035556793213,0.6448395252227783,0.09872249513864517,0.9012775421142578,0.13179950416088104,0.8682006001472473,0.47379910945892334,0.5262008309364319,0.14908763766288757,0.8509122729301453,5.396903038024902,4.848742961883545,4.9041829109191895,5.7936110496521,134.01235961914062
2uaZaTMbYE5KAk8gbdzBgW,0.05038075894117355,0.00712056178599596,0.09991027414798737,0.02065088413655758,0.09122786670923233,0.07684420049190521,0.29891765117645264,0.3191443979740143,0.03580353781580925,0.903192937374115,0.09680715203285217,0.8604373335838318,0.1395626664161682,0.06780572235584259,0.9321942925453186,0.4253915548324585,0.5746085047721863,0.675695538520813,0.3243046998977661,0.14434383809566498,0.8556563258171082,5.4459123611450195,5.503544807434082,4.982694149017334,5.246963024139404,131.1568145751953
0dzbNEBsrs17os3jJOFLar,0.013502341695129871,0.004349935334175825,0.13785803318023682,0.009408463723957539,0.040184494107961655,0.04202232137322426,0.6210178732872009,0.1271890103816986,0.004467403050512075,0.9318117499351501,0.06818823516368866,0.9406081438064575,0.05939194932579994,0.06358843296766281,0.9364117383956909,0.38769224286079407,0.6123078465461731,0.8089404702186584,0.19105978310108185,0.1058676540851593,0.8941323161125183,5.943976879119873,5.657705307006836,4.931670665740967,5.095879554748535,129.97238159179688
0Gl9pXfGTU8eAnEbcka6AV,0.01857578381896019,0.01409839652478695,0.2605414390563965,0.010128169320523739,0.041709646582603455,0.028421983122825623,0.5373823642730713,0.057307168841362,0.031834982335567474,0.9467089176177979,0.05329102650284767,0.9344279170036316,0.06557197868824005,0.009169296361505985,0.9908308982849121,0.3863248825073242,0.6136751770973206,0.8716364502906799,0.12836351990699768,0.07142751663923264,0.9285727143287659,6.270889759063721,6.356114864349365,5.299215793609619,6.336732387542725,129.73023986816406
3v5o91PrUtf0nmO6j8J7dZ,0.0076848422177135944,0.0013851203257218003,0.08351058512926102,0.0002853285113815218,0.03546635061502457,0.04415373504161835,0.5429292917251587,0.2803594768047333,0.0042250691913068295,0.954470694065094,0.045529238879680634,0.8753184676170349,0.12468147277832031,0.000899477512575686,0.9991005659103394,0.17009902000427246,0.8299009799957275,0.7794125080108643,0.22058747708797455,0.06847085058689117,0.9315294027328491,5.797440052032471,5.803274154663086,4.895533084869385,5.380240440368652,150.0286865234375
6Pjzy9avwlVr4UAbxkQQmh,0.02293083444237709,0.00874904915690422,0.0783848837018013,0.0011152701918035746,0.15585653483867645,0.004396853968501091,0.6488772630691528,0.07189684361219406,0.007792539894580841,0.999991774559021,8.243683623732068e-06,0.9671944379806519,0.032805636525154114,0.0017947755986824632,0.9982053637504578,0.8178362846374512,0.18216371536254883,0.8239507675170898,0.17604921758174896,0.0006491217063739896,0.9993509650230408,6.605503082275391,6.475342750549316,5.0702409744262695,5.7342023849487305,113.42505645751953
7sDkXyDikXhpRz715MdiEp,0.015349872410297394,0.011139658279716969,0.2123163640499115,0.010368146933615208,0.057622700929641724,0.05140432342886925,0.5152504444122314,0.11659817397594452,0.009950239211320877,0.9785646200180054,0.02143542468547821,0.9116538763046265,0.08834636956453323,0.046692125499248505,0.9533080458641052,0.3655564785003662,0.634443461894989,0.8808751106262207,0.11912470310926437,0.050979651510715485,0.9490202069282532,6.342177391052246,5.837411880493164,5.337730884552002,5.967905044555664,150.18026733398438
3IelG5zYpWWCZIH4cqWlPV,0.03152673318982124,0.0038798220921307802,0.18040798604488373,0.012880693189799786,0.02622871659696102,0.01811414211988449,0.33876296877861023,0.3767365515232086,0.011462396010756493,0.9369743466377258,0.06302576512098312,0.8520022034645081,0.1479979157447815,0.14202897250652313,0.8579712510108948,0.30779337882995605,0.692206621170044,0.7595130205154419,0.2404867708683014,0.019318656995892525,0.9806814789772034,5.5406975746154785,5.551458835601807,4.864548206329346,5.245429039001465,162.73155212402344
3RxL9p66oXKuSdXYeFcJeT,0.016472164541482925,0.01312526036053896,0.10081230103969574,0.00034474459243938327,0.029187260195612907,0.015414286404848099,0.8151195049285889,0.007163719739764929,0.002360684098675847,0.999941349029541,5.8671608712757006e-05,0.9634711146354675,0.036528829485177994,1.6123884051921777e-05,0.9999842047691345,0.7108966708183289,0.28910329937934875,0.9843781590461731,0.015621833503246307,0.005377602763473988,0.9946222901344299,6.486304759979248,6.558509826660156,5.160900592803955,6.234745025634766,123.96953582763672
5S0xg1acd0gX6wO4xaoCtP,0.01723760925233364,0.0015619938494637609,0.09410090744495392,0.0012506669154390693,0.008234751410782337,0.007718052249401808,0.22269892692565918,0.6437167525291443,0.0034804251044988632,0.9994131922721863,0.0005868620937690139,0.8700783252716064,0.129921555519104,0.015604780055582523,0.9843955039978027,0.5021225214004517,0.4978773891925812,0.899537980556488,0.1004621610045433,0.08576461672782898,0.9142352938652039,5.701915264129639,5.429612636566162,4.635980129241943,5.228226184844971,162.1616973876953
4keuUM29CtIWgsPRzRhXoW,0.0024212030693888664,0.0007101800292730331,0.03169851005077362,0.0002464221033733338,0.00040956278098747134,0.031392768025398254,0.0018961438909173012,0.9305323958396912,0.0006928647053427994,0.9744784832000732,0.02552150748670101,0.8539084792137146,0.14609180390834808,0.00012522091856226325,0.9998748898506165,0.43543511629104614,0.5645649433135986,0.9920004606246948,0.007999565452337265,0.05781295523047447,0.9421869516372681,5.485122203826904,5.342034339904785,4.1551947593688965,5.699817180633545,146.8220977783203
61eJ7HqXGyHfmHIqJApX7v,0.007236028555780649,0.0011129959020763636,0.2801661491394043,0.0008400715887546539,0.0009917449206113815,0.002575018210336566,0.0027182295452803373,0.6860553622245789,0.018304400146007538,0.9806618094444275,0.01933852955698967,0.5943953394889832,0.405604749917984,0.0006752212066203356,0.9993250370025635,0.055550288408994675,0.9444498419761658,0.9882626533508301,0.01173730194568634,0.36378657817840576,0.6362133622169495,5.114054203033447,4.7665886878967285,3.976149559020996,5.331721782684326,135.8507843017578
5NAOhPAZ57eFAXr3qatS6i,0.053884536027908325,0.00035721040330827236,0.775924563407898,1.7698183000902645e-05,4.528900717559736e-06,0.00043567203101702034,0.002639246638864279,0.16506819427013397,0.0016686004819348454,0.9987988471984863,0.0012012225342914462,0.5265138745307922,0.4734860956668854,5.410651647252962e-05,0.9999460577964783,0.026327218860387802,0.9736728668212891,0.9944908618927002,0.005508946254849434,0.815413773059845,0.18458625674247742,5.1664276123046875,4.36347770690918,4.275311470031738,4.826838970184326,117.994873046875
1a019wP7IdYLexwbmfZPm3,0.04898636415600777,0.0016340817091986537,0.06615066528320312,0.006836834829300642,0.000828836637083441,0.006179119925945997,0.00988404918462038,0.7997885346412659,0.05971170961856842,0.8898706436157227,0.11012957990169525,0.5245946645736694,0.4754052460193634,0.11261351406574249,0.8873865604400635,0.24828305840492249,0.7517167329788208,0.8947256803512573,0.10527417808771133,0.022235173732042313,0.9777647852897644,5.290308952331543,4.835809230804443,3.9719948768615723,5.505681037902832,131.01705932617188
2YSzYUF3jWqb9YP9VXmpjE,0.020338701084256172,0.005204127170145512,0.21658985316753387,0.02641415409743786,0.005656491033732891,0.07994312793016434,0.019388627260923386,0.5548294186592102,0.07163547724485397,0.6164994239807129,0.38350069522857666,0.6568238139152527,0.3431761860847473,0.07856150716543198,0.9214385151863098,0.09171626716852188,0.9082835912704468,0.7726460695266724,0.2273537963628769,0.23166503012180328,0.7683351635932922,4.849213123321533,4.510639667510986,4.127378463745117,5.105380058288574,136.2652130126953
30ln1OwxEZdXDfEploBcsU,0.017500733956694603,0.0017480942187830806,0.670086145401001,2.9950784664833918e-05,0.00026967990561388433,0.007841294631361961,0.019573627039790154,0.27481383085250854,0.008136623539030552,0.9994022250175476,0.0005982550792396069,0.6894063949584961,0.3105936348438263,3.6991972592659295e-05,0.9999629259109497,0.0754457414150238,0.9245542883872986,0.9995622038841248,0.00043776186066679657,0.3534550964832306,0.6465449333190918,5.6939005851745605,4.786391258239746,4.641520977020264,5.45563268661499,128.02745056152344
0YThXX1dqUpYBLyJNAsF9N,0.07378837466239929,0.001287998748011887,0.5706353187561035,0.0031961032655090094,0.004173350986093283,0.009388992562890053,0.036918822675943375,0.27322831749916077,0.027382666245102882,0.8754333853721619,0.1245667040348053,0.5638154745101929,0.43618452548980713,0.013006270863115788,0.986993670463562,0.27137520909309387,0.7286249399185181,0.9015915989875793,0.09840822964906693,0.31786641478538513,0.6821333765983582,5.516363620758057,4.436530590057373,4.007004261016846,5.186402797698975,128.44508361816406
4Se3fXoHJkcraQzJXo2IYn,0.021014034748077393,0.0073092482052743435,0.09484687447547913,0.006722394376993179,0.008451337926089764,0.0854354202747345,0.038225654512643814,0.7297278046607971,0.008267221972346306,0.8959916830062866,0.10400830954313278,0.45945292711257935,0.5405469536781311,0.01640772633254528,0.98359215259552,0.45500296354293823,0.5449970364570618,0.8428055047988892,0.1571945995092392,0.16062913835048676,0.839370846748352,5.139519214630127,4.741943836212158,4.231334209442139,5.019432067871094,138.46463012695312
37nYSBS0MfRCm913QwCCYo,0.005571234039962292,0.0003048755752388388,0.2339322566986084,0.00039744985406287014,0.00012104026245651767,0.015559395775198936,0.0025158310309052467,0.7404796481132507,0.0011185882613062859,0.9874570369720459,0.012543161399662495,0.56422358751297,0.43577641248703003,1.925290416693315e-05,0.9999807476997375,0.04977530241012573,0.9502248167991638,0.9336361885070801,0.0663638636469841,0.3557504713535309,0.6442495584487915,4.595872402191162,4.725558280944824,4.084811210632324,4.708852767944336,148.98733520507812
6IyoLWzljeR3ldQo4KWHT6,0.009398166090250015,0.00045982078881934285,0.07643422484397888,2.3305051399802323e-06,6.73987960908562e-05,0.0007431350531987846,0.0022534700110554695,0.9103493690490723,0.0002920398546848446,0.9999994039535522,7.276351539076131e-07,0.7567563056945801,0.24324384331703186,6.020501677994616e-05,0.9999400973320007,0.13356710970401764,0.8664329648017883,0.9617182612419128,0.03828191012144089,0.09141270071268082,0.9085872173309326,5.2970757484436035,5.129962921142578,4.593491554260254,5.599005699157715,128.3022918701172
0oO1AbL92F6329z13C2qQH,0.003645298071205616,0.0015865862369537354,0.024881182238459587,0.0010888348333537579,0.001408411655575037,0.0017188809579238296,0.0037158948834985495,0.9551129341125488,0.006841753609478474,0.9704844355583191,0.02951573021709919,0.5559099912643433,0.44408997893333435,0.00873219408094883,0.991267740726471,0.237969309091568,0.7620304822921753,0.950427770614624,0.0495724231004715,0.013617556542158127,0.9863823652267456,5.194814205169678,4.671596050262451,3.8600385189056396,5.663119792938232,139.94210815429688
26o1vonuhyw3zKnBgjtCZt,0.048351746052503586,0.007687858771532774,0.26066699624061584,0.04517443850636482,0.02330852299928665,0.06956219673156738,0.20358014106750488,0.04994390904903412,0.2917240560054779,0.7591044306755066,0.24089545011520386,0.8186553716659546,0.18134479224681854,0.14999496936798096,0.8500052094459534,0.3540133237838745,0.6459869742393494,0.5436534285545349,0.4563464820384979,0.034985434263944626,0.965014636516571,5.758775234222412,5.607946395874023,5.274811267852783,4.804748058319092,94.95542907714844
0aHi63Hea8hzRWUAyU3iNc,0.22694401443004608,0.06146236136555672,0.3690989911556244,0.0033295005559921265,0.009720264934003353,0.02218158356845379,0.12438202649354935,0.1744433045387268,0.00843798741698265,0.9993626475334167,0.0006374224321916699,0.798738420009613,0.20126157999038696,0.017541203647851944,0.9824590682983398,0.8203797936439514,0.17962013185024261,0.980220377445221,0.019779440015554428,0.02889195643365383,0.9711081385612488,6.437429904937744,6.570631980895996,5.678413391113281,6.1549859046936035,120.02181243896484
7LLoR362L3K7lFDeW29EkR,0.04384733363986015,0.008986534550786018,0.4523458778858185,0.007685159798711538,0.012781571596860886,0.03714602068066597,0.28452298045158386,0.14498469233512878,0.007699908223003149,0.9953221678733826,0.00467800535261631,0.8919758796691895,0.10802403837442398,0.02139127627015114,0.9786086678504944,0.7046509385108948,0.2953488826751709,0.8817951083183289,0.11820473521947861,0.08189600706100464,0.9181041121482849,5.921363353729248,6.038244247436523,5.253702163696289,5.478448867797852,162.094482421875
3oofPtaueGvBqesLJuY6QK,0.20397800207138062,0.004302480723708868,0.12567514181137085,0.007175950799137354,0.011097406037151814,0.004230196122080088,0.04687364026904106,0.0014191179070621729,0.5952480435371399,0.8997494578361511,0.1002507358789444,0.7329000234603882,0.2670997977256775,0.014417924918234348,0.9855821132659912,0.8719460964202881,0.12805409729480743,0.8956065773963928,0.1043933555483818,0.0493268147110939,0.9506731629371643,7.025975227355957,5.0939106941223145,5.031547546386719,6.008383274078369,84.94487762451172
363SiIsUHmL89ctcXnRH4k,0.06608054041862488,0.03369216248393059,0.12676586210727692,0.006618729792535305,0.016967879608273506,0.033828213810920715,0.03806369751691818,0.6129996180534363,0.06498326361179352,0.8208968043327332,0.17910324037075043,0.8154537677764893,0.1845460832118988,0.044529661536216736,0.9554704427719116,0.3431049585342407,0.6568949818611145,0.7076250314712524,0.2923748791217804,0.020548399537801743,0.979451596736908,5.618680000305176,5.768694877624512,4.983989238739014,5.461581230163574,139.9960479736328
7dFv3bot0kaUgcfrogHMKi,0.019239846616983414,0.0029448475688695908,0.5404133200645447,0.005183578468859196,0.012380510568618774,0.06005844846367836,0.31622350215911865,0.03613463044166565,0.007421297952532768,0.9683749079704285,0.03162520378828049,0.8045961856842041,0.19540376961231232,0.0251174196600914,0.9748827815055847,0.7419372797012329,0.2580626606941223,0.9522960186004639,0.04770395904779434,0.1738915890455246,0.826108455657959,6.217495441436768,6.320387840270996,5.83277702331543,5.963865280151367,115.76258087158203
5ZexqAFpk1MGJieRWqcjnH,0.6821243166923523,0.009674416854977608,0.08592792600393295,0.027116503566503525,0.009711354970932007,0.02186226099729538,0.10740271955728531,0.004550182726234198,0.051630206406116486,0.8815743923187256,0.118425652384758,0.5865445137023926,0.41345542669296265,0.6849214434623718,0.31507861614227295,0.9136537313461304,0.0863463431596756,0.6189804077148438,0.38101959228515625,0.1291327029466629,0.8708673119544983,5.416095733642578,5.268662452697754,5.171708583831787,5.37462043762207,120.09149932861328
5DrbLG8CS1oauaAZn5LMhb,0.009346315637230873,0.04716382175683975,0.055660050362348557,0.030684243887662888,0.08129289746284485,0.38226884603500366,0.061264414340257645,0.2793968617916107,0.05292261764407158,0.6809653043746948,0.31903454661369324,0.4907240569591522,0.5092759728431702,0.1720171719789505,0.8279827237129211,0.15807706117630005,0.8419228196144104,0.3159737288951874,0.6840263605117798,0.13864444196224213,0.8613556623458862,5.768082141876221,5.641124248504639,5.001061916351318,4.892853736877441,90.0445785522461
5HDTYLf6cZ9zWUEgpfUelM,0.07506196200847626,0.006232401356101036,0.08691438287496567,0.024356050416827202,0.01164980698376894,0.005010607186704874,0.1527220606803894,0.007643267512321472,0.6304093599319458,0.923503577709198,0.07649651169776917,0.25225454568862915,0.7477453351020813,0.0007449908298440278,0.9992548823356628,0.8639702796936035,0.13602973520755768,0.9617310762405396,0.038269009441137314,0.002978523727506399,0.9970216155052185,7.574049949645996,5.1409912109375,4.537604808807373,6.251017093658447,163.39979553222656
4RXfMr8jC9En4qchn8Bt5y,0.03704601898789406,0.005544368643313646,0.7229846119880676,0.0010559274815022945,0.008086553774774075,0.06794160604476929,0.08130207657814026,0.05225400626659393,0.023784805089235306,0.9258882999420166,0.07411175221204758,0.7422971725463867,0.2577027976512909,0.004868401680141687,0.9951314926147461,0.44061246514320374,0.5593875050544739,0.9438561201095581,0.056143853813409805,0.3290049433708191,0.6709950566291809,6.230669021606445,5.33212423324585,4.771699905395508,5.997836589813232,150.4665069580078
1wcNMWJCX5vYpFx7aKqJLI,0.0616711750626564,0.015469944104552269,0.8249557614326477,7.794745033606887e-05,0.0002720153424888849,0.03466140106320381,0.02997472882270813,0.02110431343317032,0.011812979355454445,0.9973901510238647,0.0026098820380866528,0.8226282596588135,0.17737191915512085,5.674819021805888e-06,0.9999944567680359,0.04859510064125061,0.951404869556427,0.9997691512107849,0.00023093142954166979,0.7537141442298889,0.24628578126430511,6.434019088745117,5.3292646408081055,5.5057477951049805,6.092944145202637,123.00389862060547
6SuLwrEz1Ve6d05iz868ux,0.14589960873126984,0.008357834070920944,0.7759236693382263,1.2897877240902744e-05,3.326299338368699e-05,0.010055674239993095,0.03906610235571861,0.009582381695508957,0.011068766936659813,1.0,1.2495384282829036e-07,0.6990764737129211,0.30092355608940125,3.760911204153672e-05,0.999962568283081,0.1959589421749115,0.8040412068367004,0.9999993443489075,8.566819929001213e-07,0.7116851806640625,0.2883148491382599,5.819647312164307,5.6146111488342285,5.498569965362549,5.9252471923828125,124.01224517822266
6aBk0LOrtlVOYjGmBcU0cW,0.12496089935302734,0.03645717352628708,0.7070604562759399,0.00020668732759077102,0.00470593199133873,0.014284460805356503,0.06029704213142395,0.043021973222494125,0.009005480445921421,0.9999999403953552,1.9914779159080354e-07,0.8982020616531372,0.10179783403873444,1.5819216514501022e-06,0.999998927116394,0.022844349965453148,0.9771555066108704,0.9999905228614807,9.685721124697011e-06,0.4203316271305084,0.5796685814857483,6.141334056854248,5.601010322570801,5.402834892272949,5.627741813659668,122.99227142333984
3XUeay5T8hizznK7TilThF,0.2421858012676239,0.05100612714886665,0.6196997761726379,0.0007833819836378098,0.0001594374916749075,0.017697006464004517,0.03232194110751152,0.031158458441495895,0.004988162312656641,0.998813807964325,0.001186188543215394,0.897800862789154,0.10219907015562057,6.397588731488213e-05,0.9999361634254456,0.22681185603141785,0.7731881141662598,0.9996919631958008,0.00030804172274656594,0.7677628397941589,0.23223745822906494,6.530346393585205,5.581183910369873,5.700401782989502,6.016852378845215,122.03372192382812
1UUqAz5dCRcnquV3vOQ4ny,0.01293653342872858,0.00039905356243252754,0.7823449373245239,0.0007006247760728002,0.00013288590707816184,0.05487191677093506,0.14320513606071472,0.0008811061270534992,0.004528005141764879,0.9999874234199524,1.2693370081251487e-05,0.9203116297721863,0.07968832552433014,0.02185501903295517,0.9781450629234314,0.06136935576796532,0.9386306405067444,0.996877908706665,0.0031219087541103363,0.7117266654968262,0.2882734537124634,5.9896240234375,5.977069854736328,5.707772254943848,5.03306770324707,122.08567810058594
5okXubRmt9C35W9R7fQ0Kv,0.006286286283284426,0.0024058790877461433,0.7244501113891602,0.0002065534208668396,0.001277859671972692,0.04426737502217293,0.059549808502197266,0.14904038608074188,0.012515757232904434,0.9999984502792358,1.661128976593318e-06,0.7855629324913025,0.2144370973110199,7.589637334604049e-06,0.9999926686286926,0.007269502151757479,0.9927302002906799,0.9982684254646301,0.0017316731391474605,0.3814985752105713,0.6185014843940735,5.565467834472656,5.406774997711182,5.3709516525268555,5.081139087677002,122.06117248535156
2f6XlNCK9mCylkRuTwSO5U,0.018436776474118233,0.07656636834144592,0.8196365833282471,0.0006920535233803093,0.0006129939574748278,0.02877148985862732,0.028090469539165497,0.006947971414774656,0.02024528570473194,0.9999915957450867,8.43409179651644e-06,0.80070561170578,0.19929452240467072,1.6707701433915645e-05,0.9999834299087524,0.02107733115553856,0.9789226055145264,0.9999773502349854,2.2900052499608137e-05,0.20429570972919464,0.7957044839859009,6.0568647384643555,5.433775424957275,6.5811028480529785,6.545286178588867,123.99597930908203
0Keuz1iGQsOdIxqsdbKanO,0.15580709278583527,0.03441007062792778,0.6969537138938904,7.942235970403999e-05,1.3139810107531957e-05,0.010047275573015213,0.003512192750349641,0.07487038522958755,0.024306807667016983,0.9999994039535522,5.91541265748674e-07,0.8019040822982788,0.1980961114168167,1.8099268572768779e-06,0.9999984502792358,0.005875886417925358,0.9941239953041077,0.9999884963035583,1.2109828276152257e-05,0.787921667098999,0.21207860112190247,6.331906795501709,5.927147388458252,6.461154937744141,5.890821933746338,125.03182220458984
5oJJd9ZQxOxotFVODVVnNw,0.024074217304587364,0.04621151089668274,0.31109559535980225,0.0019474992295727134,0.004640845116227865,0.22991943359375,0.3195872902870178,0.010450336150825024,0.05207332223653793,0.999742865562439,0.0002573297533672303,0.8477541208267212,0.15224577486515045,8.731581328902394e-05,0.9999130368232727,0.20066386461257935,0.7993360757827759,0.9999703168869019,3.0108541977824643e-05,0.286985844373703,0.7130143642425537,5.994109153747559,6.2127766609191895,5.9371185302734375,6.2681355476379395,124.017333984375
2XWjPtKdi5sucFYtVav07d,0.042167022824287415,0.008141512051224709,0.16957832872867584,0.012165973894298077,0.028315044939517975,0.1033908873796463,0.5274099111557007,0.08068531006574631,0.02814611606299877,0.9282598495483398,0.07174035161733627,0.7833868861198425,0.21661312878131866,0.14074067771434784,0.8592591881752014,0.4724900424480438,0.5275099873542786,0.5266122817993164,0.4733876883983612,0.08531022816896439,0.9146897792816162,5.200068950653076,5.341236591339111,4.787395477294922,4.373488426208496,97.88346099853516
2ISSQPb9LHHiV6ng2NXosL,0.25673171877861023,0.0776834487915039,0.11053086072206497,0.007894630543887615,0.00276614329777658,0.03654966503381729,0.3133803606033325,0.0292886421084404,0.1651744395494461,0.9981318116188049,0.001868153573013842,0.6192092299461365,0.380790650844574,0.07396070659160614,0.9260396361351013,0.7786999344825745,0.22130019962787628,0.8753044009208679,0.12469558417797089,0.1008959487080574,0.8991039395332336,6.375790596008301,5.907130241394043,5.883296012878418,6.138185501098633,128.02548217773438
60wwxj6Dd9NJlirf84wr2c,0.04391530528664589,0.11023107916116714,0.20138011872768402,0.032558731734752655,0.05276532471179962,0.07219614088535309,0.43987971544265747,0.003172796219587326,0.04390076920390129,0.9714202880859375,0.028579575940966606,0.7799996137619019,0.22000029683113098,0.2149628847837448,0.7850372195243835,0.45788517594337463,0.5421148538589478,0.6161724328994751,0.3838275074958801,0.19943101704120636,0.8005689382553101,6.214723587036133,5.537132740020752,5.011463642120361,5.203639507293701,128.1935577392578
5aUSEPNd3m5xliFK4pn5mU,0.04275592789053917,0.0244183000177145,0.04996395856142044,0.030292708426713943,0.052264921367168427,0.08555766195058823,0.6382993459701538,0.04319065436720848,0.03325645998120308,0.9825083613395691,0.01749168150126934,0.8902173638343811,0.1097826212644577,0.17705468833446503,0.8229451775550842,0.6465247273445129,0.35347533226013184,0.7278108596801758,0.27218911051750183,0.0547386035323143,0.9452613592147827,5.671769618988037,5.742833614349365,5.378990650177002,5.091421604156494,92.97228240966797
4keoy2fqgwGnbWlm3ZVZFa,0.06689930707216263,0.009360777214169502,0.10710373520851135,0.10709276050329208,0.011257985606789589,0.08458350598812103,0.3373759388923645,0.2356734573841095,0.04065242037177086,0.7889548540115356,0.21104510128498077,0.7235627770423889,0.27643707394599915,0.3433322310447693,0.6566678881645203,0.30542948842048645,0.6945706009864807,0.5376929640769958,0.46230700612068176,0.0911213755607605,0.908878743648529,5.0110764503479,5.122251987457275,4.873785495758057,4.6281867027282715,107.88166046142578
1JDIArrcepzWDTAWXdGYmP,0.031670182943344116,0.14076435565948486,0.14351581037044525,0.004560490604490042,0.0023388094268739223,0.03413878753781319,0.6062849164009094,0.0017104248981922865,0.0350165069103241,0.9979041218757629,0.00209600105881691,0.7693540453910828,0.2306460589170456,0.07784757018089294,0.9221523404121399,0.7773756384849548,0.22262445092201233,0.942853569984436,0.057146601378917694,0.06581832468509674,0.9341816902160645,6.828186988830566,5.979691982269287,5.219408988952637,6.02143669128418,129.96133422851562
575NJxNUVDqwJGdzBrlLbv,0.05951917544007301,0.01333703938871622,0.23375825583934784,0.0046548862010240555,0.10581739991903305,0.10514918714761734,0.23298393189907074,0.2292627990245819,0.015517343766987324,0.9594054818153381,0.04059441015124321,0.783751368522644,0.21624863147735596,0.04346407949924469,0.9565361738204956,0.3520520031452179,0.647948145866394,0.8557672500610352,0.14423257112503052,0.08279342204332352,0.9172065258026123,5.888940811157227,5.425461769104004,4.789579391479492,5.69127893447876,106.86181640625
6uBhi9gBXWjanegOb2Phh0,0.037572845816612244,0.018776308745145798,0.1650792509317398,0.029804516583681107,0.07252325862646103,0.09257469326257706,0.3641256093978882,0.18482093513011932,0.03472265601158142,0.9221493005752563,0.0778508111834526,0.8343287706375122,0.16567130386829376,0.1557319611310959,0.8442680835723877,0.4125731587409973,0.5874269008636475,0.6258296370506287,0.37417054176330566,0.010366078466176987,0.9896339178085327,5.690011501312256,5.470571994781494,4.979408264160156,5.5001020431518555,101.6800765991211
2QtJA4gbwe1AcanB2p21aP,0.07597299665212631,0.03601190447807312,0.2186291217803955,0.026963461190462112,0.010392392054200172,0.0912274718284607,0.4327104687690735,0.007634386885911226,0.10045772045850754,0.9542344212532043,0.04576569423079491,0.7250736951828003,0.2749262750148773,0.3024420440196991,0.6975579261779785,0.6166948080062866,0.383305162191391,0.6242699027061462,0.3757301867008209,0.07850775122642517,0.921492338180542,5.7751545906066895,5.9041972160339355,5.626852035522461,5.557069301605225,128.3843994140625
09IStsImFySgyp0pIQdqAc,0.026411140337586403,0.012361555360257626,0.04380841925740242,0.03169498220086098,0.07464291900396347,0.0783410593867302,0.5994247794151306,0.0934290662407875,0.039886072278022766,0.9691708087921143,0.030829070135951042,0.8139021992683411,0.18609768152236938,0.1477607637643814,0.8522394895553589,0.3491436541080475,0.6508564949035645,0.491990864276886,0.508009135723114,0.0043609607964754105,0.9956393241882324,5.615444183349609,6.029740810394287,5.138140678405762,5.41998815536499,107.05061340332031
